Variavel,ID,Descricao
Votante,0,Abelardo Lupion
Votante,1,Adauto Pereira
Votante,2,Affonso Camargo
Votante,3,Agnaldo Muniz
Votante,4,Airton Roveda
Votante,5,Albérico Filho
Votante,6,Alberto Fraga
Votante,7,Alceste Almeida
Votante,8,Alceu Collares
Votante,9,Aldir Cabral
Votante,10,Aldo Rebelo
Votante,11,Alex Canziani
Votante,12,Alexandre Cardoso
Votante,13,Alexandre Santos
Votante,14,Almeida de Jesus
Votante,15,Almir Sá
Votante,16,Angela Guadagnin
Votante,17,Aníbal Gomes
Votante,18,Anivaldo Vale
Votante,19,Antonio Carlos Mendes Thame
Votante,20,Antonio Carlos Pannunzio
Votante,21,Antonio Cruz
Votante,22,Antonio Joaquim Araújo
Votante,23,Arlindo Chinaglia
Votante,24,Armando Abílio
Votante,25,Armando Monteiro
Votante,26,Arnaldo Faria de Sá
Votante,27,Arnaldo Madeira
Votante,28,Arnon Bezerra
Votante,29,Arolde de Oliveira
Votante,30,Ary Kara
Votante,31,Asdrubal Bentes
Votante,32,Átila Lins
Votante,33,Átila Freitas Lira
Votante,34,Augusto Farias
Votante,35,Augusto Nardes
Votante,36,B. Sá
Votante,37,Babá
Votante,38,Sebastião Barbosa Neto
Votante,39,Benito Gama
Votante,40,Carlos Rodrigues
Votante,41,Wanderval Santos
Votante,42,Cabo Júlio
Votante,43,Carlito Merss
Votante,44,Carlos Batata
Votante,45,Carlos Dunga
Votante,46,Carlos Nader
Votante,47,Carlos Santana
Votante,48,Celcita Pinheiro
Votante,49,César Bandeira
Votante,50,Cezar Schirmer
Votante,51,Chico da Princesa
Votante,52,Chico Sardelli
Votante,53,Cleuber Carneiro
Votante,54,Confúcio Moura
Votante,55,Corauci Sobrinho
Votante,56,Costa Ferreira
Votante,57,Custódio Mattos
Votante,58,Damião Feliciano
Votante,59,Darcísio Perondi
Votante,60,Delfim Netto
Votante,61,Dilceu Sperafico
Votante,62,Domiciano Cabral
Votante,63,Dr. Benedito Dias
Votante,64,Dr. Heleno
Votante,65,Dr. Hélio
Votante,66,Dr. Rosinha
Votante,67,Edinho Bez
Votante,68,Edir Oliveira
Votante,69,Edison Andrino
Votante,70,Edmar Moreira
Votante,71,Eduardo Barbosa
Votante,72,Eduardo Campos
Votante,73,Eduardo Seabra
Votante,74,Elcione Barbalho
Votante,75,Eliseu Moura
Votante,76,Enio Bacci
Votante,77,Eunício Oliveira
Votante,78,Evandro Milhomen
Votante,79,Félix Mendonça
Votante,80,Fernando Coruja
Votante,81,Fernando Diniz
Votante,82,Fernando Ferro
Votante,83,Fernando Gabeira
Votante,84,Fernando Gonçalves
Votante,85,Francisco Garcia
Votante,86,Gastão Vieira
Votante,87,Geddel Vieira Lima
Votante,88,Geraldo Magela
Votante,89,Gerson Peres
Votante,90,Gilberto Kassab
Votante,91,Gilmar Machado
Votante,92,Giovanni Queiroz
Votante,93,Givaldo Carimbão
Votante,94,Gustavo Fruet
Votante,95,Helenildo Ribeiro
Votante,96,Henrique Eduardo Alves
Votante,97,Henrique Fontana
Votante,98,Hermes Parcianello
Votante,99,Iara Bernardi
Votante,100,Iberê Ferreira
Votante,101,Ibrahim Abi-Ackel
Votante,102,Inácio Arruda
Votante,103,Inaldo Leitão
Votante,104,Inocêncio Oliveira
Votante,105,Itamar Serpa
Votante,106,Ivan Paixão
Votante,107,Jaime Martins
Votante,108,Jair Bolsonaro
Votante,109,Jairo Carneiro
Votante,110,João Almeida
Votante,111,João Caldas
Votante,112,João Castelo
Votante,113,João Eduardo Dado
Votante,114,João Grandão
Votante,115,João Herrmann Neto
Votante,116,João Leão
Votante,117,João Magalhães
Votante,118,João Magno
Votante,119,João Matos
Votante,120,João Pizzolatti
Votante,121,João Tota
Votante,122,Joaquim Francisco
Votante,123,Jorge Alberto
Votante,124,Jorge Bittar
Votante,125,Jorge Khoury
Votante,126,Jorge Pinheiro
Votante,127,Jorge Tadeu Mudalen
Votante,128,José Borba
Votante,129,José Carlos Elias
Votante,130,José Chaves
Votante,131,José Dirceu
Votante,132,José Genoíno
Votante,133,José Janene
Votante,134,José Linhares
Votante,135,José Mendonça Bezerra
Votante,136,José Militão
Votante,137,José Pimentel
Votante,138,José Priante
Votante,139,José Rocha
Votante,140,Josué Bengtson
Votante,141,Jovair Arantes
Votante,142,Júlio Redecker
Votante,143,Julio Semeghini
Votante,144,Jurandil Juarez
Votante,145,Jutahy Junior
Votante,146,Kátia Abreu
Votante,147,Lael Varella
Votante,148,Laura Carneiro
Votante,149,Lavoisier Maia
Votante,150,Léo Alcântara
Votante,151,Lincoln Portela
Votante,152,Luci Choinacki
Votante,153,Luciano Bivar
Votante,154,Luciano Castro
Votante,155,Luciano Pizzatto
Votante,156,Luciano Zica
Votante,157,Luiz Alberto
Votante,158,Luiz Antonio Fleury
Votante,159,Luiz Bittencourt
Votante,160,Luiz Carlos Hauly
Votante,161,Luiz Dantas
Votante,162,Luiz Eduardo Greenhalgh
Votante,163,Dr. Luiz Fernando
Votante,164,Luiz Piauhylino
Votante,165,Luiz Sérgio
Votante,166,Luiza Erundina
Votante,167,Manoel Salviano
Votante,168,Marçal Filho
Votante,169,Marcelo Barbieri
Votante,170,Marcelo Teixeira
Votante,171,Márcio Bittar
Votante,172,Márcio Fortes
Votante,173,Márcio Reinaldo Moreira
Votante,174,Marcos de Jesus
Votante,175,Marcos Lima
Votante,176,Marcus Vicente
Votante,177,Maria do Carmo Lara
Votante,178,Marinha Raupp
Votante,179,Mário Assad Júnior
Votante,180,Mário de Oliveira
Votante,181,Mário Negromonte
Votante,182,Mauro Benevides
Votante,183,Mauro Lopes
Votante,184,Max Rosenmann
Votante,185,Medeiros
Votante,186,Mendes Ribeiro Filho
Votante,187,Milton Barbosa
Votante,188,Milton Monti
Votante,189,Miro Teixeira
Votante,190,Moacir Micheletto
Votante,191,Moroni Torgan
Votante,192,Narcio Rodrigues
Votante,193,Neiva Moreira
Votante,194,Nelson Meurer
Votante,195,Nelson Pellegrino
Votante,196,Nelson Proença
Votante,197,Nelson Trad
Votante,198,Neuton Lima
Votante,199,Ney Lopes
Votante,200,Nice Lobão
Votante,201,Nicias Ribeiro
Votante,202,Nilmário Miranda
Votante,203,Nilson Mourão
Votante,204,Odelmo Leão
Votante,205,Odílio Balbinotti
Votante,206,Olavo Calheiros
Votante,207,Orlando Desconsi
Votante,208,Orlando Fantazzini
Votante,209,Osmar Serraglio
Votante,210,Osmar Terra
Votante,211,Osório Adriano
Votante,212,Osvaldo Biolchi
Votante,213,Paes Landim
Votante,214,Pauderney Avelino
Votante,215,Paulo Baltazar
Votante,216,Paulo Delgado
Votante,217,Paulo Feijó
Votante,218,Paulo José Gouvêa
Votante,219,Paulo Magalhães
Votante,220,Paulo Marinho
Votante,221,Paulo Rocha
Votante,222,Pedro Corrêa
Votante,223,Pedro Eugênio
Votante,224,Pedro Fernandes
Votante,225,Pedro Henry
Votante,226,Pedro Irujo
Votante,227,Pedro Novais
Votante,228,Philemon Rodrigues
Votante,229,Pompeo de Mattos
Votante,230,Professor Luizinho
Votante,231,Rafael Guerra
Votante,232,Raimundo Gomes de Matos
Votante,233,Raimundo Santos
Votante,234,Reginaldo Germano
Votante,235,Reinaldo Gripp
Votante,236,Remi Trinta
Votante,237,Ricardo Barros
Votante,238,Ricardo Berzoini
Votante,239,Ricardo Nagib Izar
Votante,240,Ricarte de Freitas
Votante,241,Rita Camata
Votante,242,Roberto Pessoa
Votante,243,Roberto Rocha
Votante,244,Robson Tuma
Votante,245,Rodrigo Maia
Votante,246,Romel Anizio
Votante,247,Romeu Queiroz
Votante,248,Rommel Feijó
Votante,249,Ronaldo Caiado
Votante,250,Ronaldo Vasconcellos
Votante,251,Rose de Freitas
Votante,252,Rubens Bueno
Votante,253,Salatiel Carvalho
Votante,254,Salvador Zimbaldi
Votante,255,Saraiva Felipe
Votante,256,Sérgio Miranda
Votante,257,Silas Câmara
Votante,258,Silvio Torres
Votante,259,Simão Sessim
Votante,260,Socorro Gomes
Votante,261,Telma de Souza
Votante,262,Teté Bezerra
Votante,263,Themístocles Sampaio
Votante,264,Vadão Gomes
Votante,265,Vanessa Grazziotin
Votante,266,Vic Pires Franco
Votante,267,Vicente Arruda
Votante,268,Vilmar Rocha
Votante,269,Virgílio Guimarães
Votante,270,Vittorio Medioli
Votante,271,Waldemir Moka
Votante,272,Walter Pinheiro
Votante,273,Wilson Braga
Votante,274,Wilson Cignachi
Votante,275,Wolney Queiroz
Votante,276,Xico Graziano
Votante,277,Yeda Crusius
Votante,278,Zenaldo Coutinho
Votante,279,Adão Pretto
Votante,280,Alberto Goldman
Votante,281,Antonio Feijão
Votante,282,Aracely de Paula
Votante,283,Badu Picanço
Votante,284,Carlos Alberto Rosado
Votante,285,Celso Russomanno
Votante,286,Ciro Nogueira
Votante,287,Claudio Cajado
Votante,288,Cleonâncio Fonseca
Votante,289,Coriolano Sales
Votante,290,Dr. Evilásio
Votante,291,Eliseu Resende
Votante,292,Enivaldo Ribeiro
Votante,293,Fátima Pelaes
Votante,294,Feu Rosa
Votante,295,Francisco Rodrigues
Votante,296,Gervásio Silva
Votante,297,Heráclito Fortes
Votante,298,Iris Simões
Votante,299,João Carlos Bacelar
Votante,300,João Paulo Cunha
Votante,301,Jonival Lucas Junior
Votante,302,José Aníbal
Votante,303,José Carlos Aleluia
Votante,304,José Múcio Monteiro
Votante,305,Lino Rossi
Votante,306,Luis Carlos Heinze
Votante,307,Marcelo Castro
Votante,308,Marcondes Gadelha
Votante,309,Maria Lúcia Cardoso
Votante,310,Michel Temer
Votante,311,Múcio Sá
Votante,312,Nelson Marquezelli
Votante,313,Nilton Capixaba
Votante,314,Oliveira Filho
Votante,315,Osmânio Pereira
Votante,316,Osvaldo Coelho
Votante,317,Osvaldo Reis
Votante,318,Paulo Kobayashi
Votante,319,Paulo Lima
Votante,320,Pedro Canedo
Votante,321,Ricardo Fiuza
Votante,322,Ricardo Rique
Votante,323,Roberto Balestra
Votante,324,Roberto Brant
Votante,325,Roberto Jefferson
Votante,326,Sebastião Madeira
Votante,327,Silas Brasileiro
Votante,328,Valdemar Costa Neto
Votante,329,Zulaiê Cobra
Votante,330,Gerson Gabrielli
Votante,331,Gonzaga Patriota
Votante,332,José Thomaz Nonô
Votante,333,Pedro Chaves
Votante,334,Adelor Vieira
Votante,335,Alice Portugal
Votante,336,Almerinda de Carvalho
Votante,337,Almir Moura
Votante,338,Aloysio Nunes Ferreira
Votante,339,Álvaro Dias
Votante,340,Amauri Gasques
Votante,341,André de Paula
Votante,342,André Luiz
Votante,343,André Zacharow
Votante,344,Ann Pontes
Votante,345,Anselmo de Jesus
Votante,346,Antonio Cambraia
Votante,347,Antônio Carlos Biffi
Votante,348,Antonio Carlos Biscaia
Votante,349,Antonio Carlos Magalhães Neto
Votante,350,Antonio Nogueira
Votante,351,Ariosto Holanda
Votante,352,Aroldo Cedraz
Votante,353,Ary José Vanazzi
Votante,354,Assis Miguel do Couto
Votante,355,Athos Avelino
Votante,356,Benedito de Lira
Votante,357,Benjamin Maranhão
Votante,358,Bernardo Ariston
Votante,359,Beto Albuquerque
Votante,360,Bismarck Maia
Votante,361,Bosco Costa
Votante,362,Carlos Abicalil
Votante,363,Carlos Alberto Leréia
Votante,364,Carlos Eduardo Cadoca
Votante,365,Carlos Melles
Votante,366,Carlos Mota
Votante,367,Carlos Sampaio
Votante,368,Carlos Souza
Votante,369,Carlos Willian
Votante,370,Cezar Silvestri
Votante,371,Cláudio Magrão
Votante,372,Clóvis Fecury
Votante,373,Colbert Martins
Votante,374,Colombo
Votante,375,Coronel Alves
Votante,376,Daniel Almeida
Votante,377,Darci Coelho
Votante,378,Davi Alcolumbre
Votante,379,Devanir Ribeiro
Votante,380,Dimas Ramalho
Votante,381,Dr. Francisco Gonçalves
Votante,382,Dr. Pinotti
Votante,383,Dr. Ribamar Alves
Votante,384,Dr. Rodolfo Pereira
Votante,385,Dra. Clair
Votante,386,Durval Orlato
Votante,387,Edna Macedo
Votante,388,Edson Duarte
Votante,389,Edson Ezequiel
Votante,390,Eduardo Cunha
Votante,391,Eduardo Gomes
Votante,392,Eduardo Paes
Votante,393,Eduardo Sciarra
Votante,394,Eduardo Valverde
Votante,395,Elaine Costa
Votante,396,Elimar Máximo Damasceno
Votante,397,Eliseu Padilha
Votante,398,Enéas
Votante,399,Enio Tatico
Votante,400,Érico Ribeiro
Votante,401,Fábio Souto
Votante,402,Fátima Bezerra
Votante,403,Fernando de Fabinho
Votante,404,Francisco Appio
Votante,405,Francisco Dornelles
Votante,406,Francisco Turra
Votante,407,Geraldo Resende
Votante,408,Geraldo Thadeu
Votante,409,Giacobo
Votante,410,Gilberto Nascimento
Votante,411,Gonzaga Mota
Votante,412,Guilherme Menezes
Votante,413,Hamilton Casara
Votante,414,Heleno Silva
Votante,415,Hélio Esteves
Votante,416,Henrique Afonso
Votante,417,Homero Barreto
Votante,418,Humberto Michiles
Votante,419,Ildeu Araujo
Votante,420,Iriny Lopes
Votante,421,Isaías Silvestre
Votante,422,Ivo José
Votante,423,Jackson Barreto
Votante,424,Jader Barbalho
Votante,425,Jamil Murad
Votante,426,Jandira Feghali
Votante,427,Janete Capiberibe
Votante,428,Jefferson Campos
Votante,429,João Batista
Votante,430,João Campos
Votante,431,João Correia
Votante,432,João Fontes
Votante,433,João Mendes de Jesus
Votante,434,João Paulo Gomes da Silva
Votante,435,Jorge Boeira
Votante,436,José Carlos Araújo
Votante,437,José Carlos Machado
Votante,438,José Divino
Votante,439,José Eduardo Cardozo
Votante,440,José Ivo Sartori
Votante,441,José Mentor
Votante,442,José Roberto Arruda
Votante,443,José Santana de Vasconcellos
Votante,444,Josias Gomes
Votante,445,Josias Quintal
Votante,446,Jovino Cândido
Votante,447,Júlio Cesar
Votante,448,Júlio Delgado
Votante,449,Julio Lopes
Votante,450,Kelly Moraes
Votante,451,Leandro Vilela
Votante,452,Leodegar Tiscoski
Votante,453,Leonardo Mattos
Votante,454,Leonardo Monteiro
Votante,455,Leonardo Picciani
Votante,456,Leonardo Vilela
Votante,457,Leônidas Cristino
Votante,458,Lindbergh Farias
Votante,459,Lobbe Neto
Votante,460,Luciana Genro
Votante,461,Luciano Leitoa
Votante,462,Luiz Bassuma
Votante,463,Luiz Carlos Santos
Votante,464,Luiz Carreira
Votante,465,Luiz Couto
Votante,466,Lupércio Ramos
Votante,467,Carlos Manato
Votante,468,Marcelino Fraga
Votante,469,Marcello Siqueira
Votante,470,Marcelo Guimarães Filho
Votante,471,Marcelo Ortiz
Votante,472,Marcos Abramo
Votante,473,Maria do Rosário
Votante,474,Maria Helena
Votante,475,Maria Lucia
Votante,476,Mariângela Duarte
Votante,477,Mário Heringer
Votante,478,Maurício Quintella Lessa
Votante,479,Maurício Rabelo
Votante,480,Maurício Rands
Votante,481,Mendonça Prado
Votante,482,Miguel de Souza
Votante,483,Milton Cardias
Votante,484,Moraes Souza
Votante,485,Moreira Franco
Votante,486,Murilo Zauith
Votante,487,Mussa Demes
Votante,488,Nazareno Fonteles
Votante,489,Nelson Bornier
Votante,490,Neucimar Fraga
Votante,491,Neyde Aparecida
Votante,492,Nilson Pinto
Votante,493,Nilton Baiano
Votante,494,Odair Cunha
Votante,495,Onyx Lorenzoni
Votante,496,Pastor Amarildo
Votante,497,Pastor Francisco Olímpio
Votante,498,Pastor Frankembergen
Votante,499,Pastor Pedro Ribeiro
Votante,500,Pastor Reinaldo
Votante,501,Patrus Ananias
Votante,502,Paulo Afonso
Votante,503,Paulo Bauer
Votante,504,Paulo Bernardo
Votante,505,Paulo Pimenta
Votante,506,Perpétua Almeida
Votante,507,Professor Irapuan Teixeira
Votante,508,Professora Raquel Teixeira
Votante,509,Promotor Afonso Gil
Votante,510,Reginaldo Lopes
Votante,511,Reinaldo Betão
Votante,512,Renato Casagrande
Votante,513,Renato Cozzolino
Votante,514,Renildo Calheiros
Votante,515,Robério Nunes
Votante,516,Roberto Freire
Votante,517,Roberto Gouveia
Votante,518,Roberto Magalhães
Votante,519,Rogério Lucio Silva
Votante,520,Rogério Teófilo
Votante,521,Ronaldo Cezar Coelho
Votante,522,Ronaldo Dimas
Votante,523,Ronivon Santiago
Votante,524,Rubens Otoni
Votante,525,Rubinelli
Votante,526,Sandes Júnior
Votante,527,Sandra Rosado
Votante,528,Sandro Mabel
Votante,529,Sandro Matos
Votante,530,Sarney Filho
Votante,531,Selma Schons
Votante,532,Severiano Alves
Votante,533,Sigmaringa Seixas
Votante,534,Suely Campos
Votante,535,Takayama
Votante,536,Tarcísio Zimmermann
Votante,537,Terezinha Fernandes
Votante,538,Thelma de Oliveira
Votante,539,Valdenor Guedes
Votante,540,Vander Loubet
Votante,541,Vanderlei Assis
Votante,542,Vicente Cascione
Votante,543,Vicentinho
Votante,544,Vieira Reis
Votante,545,Vignatti
Votante,546,Wagner Lago
Votante,547,Walter Feldman
Votante,548,Washington Luiz
Votante,549,Wasny de Roure
Votante,550,Wellington Fagundes
Votante,551,Wellington Roberto
Votante,552,Wilson Santiago
Votante,553,Wladimir Costa
Votante,554,Zé Geraldo
Votante,555,Zé Lima
Votante,556,Zelinda Novaes
Votante,557,Zequinha Marinho
Votante,558,Zezéu Ribeiro
Votante,559,Zico Bronzeado
Votante,560,Zonta
Votante,561,Bonifácio de Andrada
Votante,562,César Medeiros
Votante,563,Deley
Votante,564,Ivan Ranzolin
Votante,565,João Lyra
Votante,566,Juíza Denise Frossard
Votante,567,Júnior Betão
Votante,568,Lúcia Braga
Votante,569,Nélio Dias
Votante,570,Raul Jungmann
Votante,571,Simplício Mário
Votante,572,Tatico
Votante,573,Zé Gerardo
Votante,574,Chico Alencar
Votante,575,Fernando Lopes
Votante,576,Ivan Valente
Votante,577,João Alfredo
Votante,578,Maninha
Votante,579,Paulo Rubem Santiago
Votante,580,Mauro Passos
Votante,581,Tadeu Filippelli
Votante,582,Gervásio Oliveira
Votante,583,Gorete Pereira
Votante,584,Jorge Gomes
Votante,585,Jurandir Boia
Votante,586,Sérgio Caiado
Votante,587,Zarattini
Votante,588,Vadinho Baião
Votante,589,Ademir Camilo
Votante,590,Ana Guerra
Votante,591,André Costa
Votante,592,André Figueiredo
Votante,593,Antenor Naspolini
Votante,594,Edinho Montemor
Votante,595,Jair de Oliveira
Votante,596,Marco Maia
Votante,597,Natan Donadon
Votante,598,Walter Barelli
Votante,599,Chicão Brígido
Votante,600,Vitorassi
Votante,601,Valdir Colatto
Votante,602,Ana Alencar
Votante,603,Alexandre Maia
Votante,604,Fernando Estima
Votante,605,Afonso Hamm
Votante,606,Reinhold Stephanes
Votante,607,José Otávio Germano
Votante,608,Francisco Escórcio
Votante,609,Ronaldo Cunha Lima
Votante,610,Cláudio Diaz
Votante,611,Albano Franco
Votante,612,Alceni Guerra
Votante,613,Alexandre Silveira
Votante,614,Alfredo Kaefer
Votante,615,Aline Corrêa
Votante,616,Ana Arraes
Votante,617,Andre Vargas
Votante,618,Andreia Zito
Votante,619,Angela Amin
Votante,620,Angela Portela
Votante,621,Angelo Vanhoni
Votante,622,Antônio Andrade
Votante,623,Antonio Bulhões
Votante,624,Antonio Palocci
Votante,625,Antônio Roberto
Votante,626,Arnaldo Jardim
Votante,627,Arnaldo Vianna
Votante,628,Augusto Carvalho
Votante,629,Ayrton Xerez
Votante,630,Homero Barbosa Neto
Votante,631,Bel Mesquita
Votante,632,Beto Faro
Votante,633,Bilac Pinto
Votante,634,Bruno Araújo
Votante,635,Bruno Rodrigues
Votante,636,Cândido Vaccarezza
Votante,637,Carlos Alberto Canuto
Votante,638,Carlos Brandão
Votante,639,Carlos Zarattini
Votante,640,Celso Maldaner
Votante,641,Chico Abreu
Votante,642,Chico D'Angelo
Votante,643,Chico Lopes
Votante,644,Cida Diogo
Votante,645,Ciro Gomes
Votante,646,Ciro Pedrosa
Votante,647,Cleber Verde
Votante,648,Clodovil Hernandes
Votante,649,Cristiano Matheus
Votante,650,Dagoberto Nogueira
Votante,651,Dalva Figueiredo
Votante,652,Davi Alves Silva Júnior
Votante,653,Décio Lima
Votante,654,Domingos Dutra
Votante,655,Dr. Adilson Soares
Votante,656,Dr. Nechar
Votante,657,Dr. Paulo César
Votante,658,Dr. Talmir
Votante,659,Dr. Ubiali
Votante,660,Edgar Moury
Votante,661,Edigar Mão Branca
Votante,662,Edio Lopes
Votante,663,Edson Aparecido
Votante,664,Edson Santos
Votante,665,Eduardo Amorim
Votante,666,Eduardo da Fonte
Votante,667,Eduardo Lopes
Votante,668,Efraim Filho
Votante,669,Eliene Lima
Votante,670,Elismar Prado
Votante,671,Emanuel Fernandes
Votante,672,Ernandes Amorim
Votante,673,Eudes Xavier
Votante,674,Eugênio Rabelo
Votante,675,Felipe Bornier
Votante,676,Felipe Maia
Votante,677,Fernando Chucre
Votante,678,Fernando Coelho Filho
Votante,679,Fernando Melo
Votante,680,Filipe Pereira
Votante,681,Flaviano Melo
Votante,682,Flávio Bezerra
Votante,683,Francisco Praciano
Votante,684,Francisco Rossi
Votante,685,Francisco Tenório
Votante,686,Frank Aguiar
Votante,687,George Hilton
Votante,688,Geraldo Pudim
Votante,689,Germano Bonow
Votante,690,Gladson Cameli
Votante,691,Guilherme Campos
Votante,692,Homero Pereira
Votante,693,Humberto Souto
Votante,694,Ilderlei Cordeiro
Votante,695,Iran Barbosa
Votante,696,Jairo Ataíde
Votante,697,Janete Rocha Pietá
Votante,698,Jerônimo Reis
Votante,699,Jilmar Tatto
Votante,700,Jô Moraes
Votante,701,João Bittar
Votante,702,João Oliveira
Votante,703,Joaquim Beltrão
Votante,704,Jofran Frejat
Votante,705,Jorginho Maluly
Votante,706,José Carlos Vieira
Votante,707,José Guimarães
Votante,708,José Paulo Tóffano
Votante,709,Joseph Bandeira
Votante,710,Julião Amin
Votante,711,Jurandy Loureiro
Votante,712,Jusmari Oliveira
Votante,713,Juvenil
Votante,714,Laerte Bessa
Votante,715,Lázaro Botelho
Votante,716,Leandro Sampaio
Votante,717,Lelo Coimbra
Votante,718,Léo Vivas
Votante,719,Leonardo Quintão
Votante,720,Lídice da Mata
Votante,721,Lira Maia
Votante,722,Lucenira Pimentel
Votante,723,Luciana Costa
Votante,724,Lúcio Vale
Votante,725,Luiz Carlos Busato
Votante,726,Luiz Carlos Setim
Votante,727,Luiz Fernando Faria
Votante,728,Luiz Paulo Vellozo Lucas
Votante,729,Manoel Junior
Votante,730,Manuela D`Ávila
Votante,731,Marcelo Itagiba
Votante,732,Marcos Antonio
Votante,733,Marcos Montes
Votante,734,Mauro Nazif
Votante,735,Miguel Corrêa
Votante,736,Miguel Martini
Votante,737,Moises Avelino
Votante,738,Moreira Mendes
Votante,739,Neilton Mulim
Votante,740,Osmar Júnior
Votante,741,Pastor Manoel Ferreira
Votante,742,Paulo Abi-Ackel
Votante,743,Paulo Bornhausen
Votante,744,Paulo Henrique Lustosa
Votante,745,Paulo Maluf
Votante,746,Paulo Pereira da Silva
Votante,747,Paulo Piau
Votante,748,Paulo Roberto Pereira
Votante,749,Pedro Wilson
Votante,750,Pepe Vargas
Votante,751,Pinto Itamaraty
Votante,752,Professor Setimo
Votante,753,Professor Victório Galli
Votante,754,Regis de Oliveira
Votante,755,Reinaldo Nogueira
Votante,756,Renato Amary
Votante,757,Renato Molling
Votante,758,Ricardo Tripoli
Votante,759,Roberto Britto
Votante,760,Roberto Santiago
Votante,761,Rodovalho
Votante,762,Rodrigo de Castro
Votante,763,Rodrigo Rollemberg
Votante,764,Rogério Marinho
Votante,765,Rômulo Gouveia
Votante,766,Sabino Castelo Branco
Votante,767,Sérgio Barradas Carneiro
Votante,768,Sérgio Brito
Votante,769,Sérgio Moraes
Votante,770,Silvinho Peccioli
Votante,771,Silvio Costa
Votante,772,Solange Almeida
Votante,773,Solange Amaral
Votante,774,Suely
Votante,775,Urzeni Rocha
Votante,776,Valadares Filho
Votante,777,Valtenir Pereira
Votante,778,Vanderlei Macris
Votante,779,Veloso
Votante,780,Vicentinho Alves
Votante,781,Vieira da Cunha
Votante,782,Vilson Covatti
Votante,783,Vinicius Carvalho
Votante,784,Vital do Rêgo Filho
Votante,785,Vitor Penido
Votante,786,Waldir Maranhão
Votante,787,Walter Ihoshi
Votante,788,Wandenkolk Gonçalves
Votante,789,William Woo
Votante,790,Aelton Freitas
Votante,791,Camilo Cola
Votante,792,Djalma Berger
Votante,793,Duarte Nogueira
Votante,794,Edmilson Valentim
Votante,795,Fábio Ramalho
Votante,796,Flávio Dino
Votante,797,Hugo Leal
Votante,798,Ibsen Pinheiro
Votante,799,João Maia
Votante,800,José Airton Félix Cirilo
Votante,801,Lindomar Garçon
Votante,802,Marcelo Almeida
Votante,803,Marcelo Melo
Votante,804,Marcelo Serafim
Votante,805,Marcio Junqueira
Votante,806,Nelson Goetten
Votante,807,Nilmar Ruiz
Votante,808,Paulo Renato Souza
Votante,809,Paulo Teixeira
Votante,810,Professor Ruy Pauletti
Votante,811,Raul Henry
Votante,812,Rebecca Garcia
Votante,813,Rodrigo Rocha Loures
Votante,814,Sergio Petecão
Votante,815,Silvio Lopes
Votante,816,Sueli Vidigal
Votante,817,Tonha Magalhães
Votante,818,Uldurico Pinto
Votante,819,Waldir Neves
Votante,820,Abelardo Camarinha
Votante,821,Acélio Casagrande
Votante,822,Antonio José Medeiros
Votante,823,Beto Mansur
Votante,824,Bispo Gê Tenuta
Votante,825,Brizola Neto
Votante,826,Carlos Bezerra
Votante,827,Carlos Wilson
Votante,828,Fábio Faria
Votante,829,Indio da Costa
Votante,830,João Carlos Bacelar Filho
Votante,831,José Fernando Aparecido de Oliveira
Votante,832,Laurez Moreira
Votante,833,Marcos Medrado
Votante,834,Maurício Trindade
Votante,835,Neri Geller
Votante,836,Neudo Campos
Votante,837,Otavio Leite
Votante,838,Rogerio Lisboa
Votante,839,Sebastião Bala Rocha
Votante,840,Íris de Araújo
Votante,841,Ratinho Junior
Votante,842,Márcio França
Votante,843,Mauro Mariani
Votante,844,Marina Maggessi
Votante,845,Izalci Lucas
Votante,846,Walter Brito Neto
Votante,847,Geraldo Simões
Votante,848,José Maia Filho
Votante,849,Ricardo Quirino
Votante,850,José Edmar
Votante,851,Márcio Marinho
Votante,852,Major Fábio
Votante,853,Laercio Oliveira
Votante,854,Antonio Carlos Chamariz
Votante,855,Capitão Assumção
Votante,856,Charles Lucena
Votante,857,Eleuses Paiva
Votante,858,Elizeu Aguiar
Votante,859,Emilia Fernandes
Votante,860,Emiliano José
Votante,861,Fernando Chiarelli
Votante,862,Fernando Marroni
Votante,863,Fernando Nascimento
Votante,864,Glauber Braga
Votante,865,Paes de Lira
Votante,866,Paulo Rattes
Votante,867,Wilson Picler
Votante,868,José C Stangarlini
Votante,869,Roberto Alves
Votante,870,Milton Vieira
Votante,871,Zé Vieira
Votante,872,Bene Camacho
Votante,873,Geraldinho
Votante,874,Cassio Taniguchi
Votante,875,Acelino Popó
Votante,876,Adrian
Votante,877,Aguinaldo Ribeiro
Votante,878,Alberto Filho
Votante,879,Alceu Moreira
Votante,880,Alessandro Molon
Votante,881,Alexandre Leite
Votante,882,Alfredo Sirkis
Votante,883,Almeida Lima
Votante,884,Amauri Teixeira
Votante,885,Andre Moura
Votante,886,Ângelo Agnolin
Votante,887,Anthony Garotinho
Votante,888,Antônia Lúcia
Votante,889,Antonio Balhmann
Votante,890,Antonio Brito
Votante,891,Antonio Imbassahy
Votante,892,Arnaldo Jordy
Votante,893,Arthur Lira
Votante,894,Arthur Oliveira Maia
Votante,895,Artur Bruno
Votante,896,Assis Melo
Votante,897,Audifax
Votante,898,Augusto Coutinho
Votante,899,Aureo Ribeiro
Votante,900,Benedita da Silva
Votante,901,Berinho Bantim
Votante,902,Bernardo Santana de Vasconcellos
Votante,903,Bohn Gass
Votante,904,Bruna Furlan
Votante,905,Carlaile Pedrosa
Votante,906,Carlinhos Almeida
Votante,907,Carlos Magno
Votante,908,Carlos Roberto
Votante,909,Carmen Zanotto
Votante,910,Celia Rocha
Votante,911,Cesar Colnago
Votante,912,César Halum
Votante,913,Cida Borghetti
Votante,914,Cláudio Puty
Votante,915,Cristiano
Votante,916,Danilo Forte
Votante,917,Danrlei de Deus Hinterholz
Votante,918,Delegado Protógenes
Votante,919,Delegado Waldir
Votante,920,Diego Andrade
Votante,921,Dimas Fabiano
Votante,922,Domingos Neto
Votante,923,Domingos Sávio
Votante,924,Dr. Aluizio
Votante,925,Dr. Carlos Alberto
Votante,926,Dr. Grilo
Votante,927,Dr. Jorge Silva
Votante,928,Dudimar Paxiuba
Votante,929,Edinho Araújo
Votante,930,Edivaldo Holanda Junior
Votante,931,Edmar Arruda
Votante,932,Edson Pimenta
Votante,933,Edson Silva
Votante,934,Eduardo Azeredo
Votante,935,Eli Corrêa Filho
Votante,936,Eliane Rolim
Votante,937,Erika Kokay
Votante,938,Erivelton Santana
Votante,939,Eros Biondini
Votante,940,Esperidião Amin
Votante,941,Fábio Trad
Votante,942,Félix Mendonça Júnior
Votante,943,Fernando Jordão
Votante,944,Fernando Torres
Votante,945,Flávia Morais
Votante,946,Francisco Araújo
Votante,947,Francisco Floriano
Votante,948,Gabriel Chalita
Votante,949,Gabriel Guimarães
Votante,950,Gean Loureiro
Votante,951,Genecias Noronha
Votante,952,Giovani Cherini
Votante,953,Giroto
Votante,954,Guilherme Mussi
Votante,955,Hélio Santos
Votante,956,Henrique Oliveira
Votante,957,Heuler Cruvinel
Votante,958,Hugo Motta
Votante,959,Hugo Napoleão
Votante,960,Iracema Portella
Votante,961,Irajá Abreu
Votante,962,Jânio Natal
Votante,963,Jaqueline Roriz
Votante,964,Jerônimo Goergen
Votante,965,Jesus Rodrigues
Votante,966,Jhonatan de Jesus
Votante,967,João Arruda
Votante,968,João Paulo Lima
Votante,969,Jonas Donizette
Votante,970,Jorge Côrte Real
Votante,971,Jorginho Mello
Votante,972,José Augusto Maia
Votante,973,José De Filippi
Votante,974,José Humberto
Votante,975,José Nunes
Votante,976,Jose Stédile
Votante,977,Júlio Campos
Votante,978,Júnior Coimbra
Votante,979,Junji Abe
Votante,980,Keiko Ota
Votante,981,Lauriete
Votante,982,Leopoldo Meyer
Votante,983,Liliam Sá
Votante,984,Lourival Mendes
Votante,985,Luciana Santos
Votante,986,Luciano Moreira
Votante,987,Lucio Vieira Lima
Votante,988,Luis Tibé
Votante,989,Luiz Argôlo
Votante,990,Luiz Carlos
Votante,991,Luiz Fernando Machado
Votante,992,Luiz Nishimori
Votante,993,Luiz Noé
Votante,994,Luiz Otavio
Votante,995,Mandetta
Votante,996,Mara Gabrilli
Votante,997,Marcelo Aguiar
Votante,998,Marcelo Matos
Votante,999,Márcio Macêdo
Votante,1000,Marcon
Votante,1001,Marcus Pestana
Votante,1002,Marina Santanna
Votante,1003,Marllos Sampaio
Votante,1004,Miriquinho Batista
Votante,1005,Missionário José Olimpio
Votante,1006,Nelson Marchezan Junior
Votante,1007,Nelson Padovani
Votante,1008,Newton Cardoso
Votante,1009,Newton Lima
Votante,1010,Nilda Gondim
Votante,1011,Onofre Santo Agostini
Votante,1012,Otoniel Lima
Votante,1013,Oziel Oliveira
Votante,1014,Padre João
Votante,1015,Padre Ton
Votante,1016,Pastor Eurico
Votante,1017,Pastor Marco Feliciano
Votante,1018,Paulo Cesar Quartiero
Votante,1019,Paulo Foletto
Votante,1020,Paulo Freire Costa
Votante,1021,Paulo Wagner
Votante,1022,Pedro Uczai
Votante,1023,Policarpo
Votante,1024,Professora Dorinha Seabra Rezende
Votante,1025,Professora Marcivania
Votante,1026,Raimundão
Votante,1027,Raul Lima
Votante,1028,Reguffe
Votante,1029,Reinaldo Azambuja
Votante,1030,Renan Filho
Votante,1031,Ricardo Izar Junior
Votante,1032,Roberto de Lucena
Votante,1033,Roberto Dorner
Votante,1034,Roberto Teixeira
Votante,1035,Rogério Carvalho
Votante,1036,Rogério Peninha Mendonça
Votante,1037,Romário
Votante,1038,Romero Rodrigues
Votante,1039,Ronaldo Benedet
Votante,1040,Ronaldo Fonseca
Votante,1041,Ronaldo Nogueira
Votante,1042,Ronaldo Zulke
Votante,1043,Rosane Ferreira
Votante,1044,Rui Costa
Votante,1045,Rui Palmeira
Votante,1046,Ruy Carneiro
Votante,1047,Ságuas Moraes
Votante,1048,Sandro Alex
Votante,1049,Sibá Machado
Votante,1050,Stefano Aguiar
Votante,1051,Stepan Nercessian
Votante,1052,Taumaturgo Lima
Votante,1053,Tiririca
Votante,1054,Toninho Pinheiro
Votante,1055,Valdivino de Oliveira
Votante,1056,Valmir Assunção
Votante,1057,Vaz de Lima
Votante,1058,Vicente Candido
Votante,1059,Vilalba
Votante,1060,Vinicius Gurgel
Votante,1061,Vitor Paulo
Votante,1062,Waldenor Pereira
Votante,1063,Walney Rocha
Votante,1064,Walter Tosta
Votante,1065,Washington Reis
Votante,1066,Weliton Prado
Votante,1067,William Dib
Votante,1068,Zé Silva
Votante,1069,Zeca Dirceu
Votante,1070,Zoinho
Votante,1071,Assis Carvalho
Votante,1072,Teresa Surita
Votante,1073,Anderson Ferreira
Votante,1074,Dra.Elaine Abissamra
Votante,1075,Fernando Francischini
Votante,1076,João Ananias
Votante,1077,Luiz Pitiman
Votante,1078,Magda Mofatto
Votante,1079,Mendonça Filho
Votante,1080,Renzo Braz
Votante,1081,Rosinha da Adefal
Votante,1082,Weverton Rocha
Votante,1083,Alberto Mourão
Votante,1084,Alexandre Roso
Votante,1085,Jean Wyllys
Votante,1086,Marcos Rogério
Votante,1087,Nilson Leitão
Votante,1088,Romanna Remor
Votante,1089,Sergio Guerra
Votante,1090,Severino Ninho
Votante,1091,Vanderlei Siraque
Votante,1092,Penna
Votante,1093,Armando Vergílio
Votante,1094,Chico das Verduras
Votante,1095,Wilson Filho
Votante,1096,Pedro Paulo
Votante,1097,Sergio Zveiter
Votante,1098,Thiago Peixoto
Votante,1099,Rodrigo Garcia
Votante,1100,Marco Tebaldi
Votante,1101,Rodrigo Bethlem
Votante,1102,Afonso Florence
Votante,1103,Gera Arruda
Votante,1104,Leonardo Gadelha
Votante,1105,Paulo Ferreira
Votante,1106,Mário Feitoza
Votante,1107,Simplício Araújo
Votante,1108,Professor Sérgio de Oliveira
Votante,1109,Paulo Marinho Junior
Votante,1110,Alexandre Toledo
Votante,1111,Fabio Reis
Votante,1112,Francisco Chagas
Votante,1113,Goiaciara Cruz
Votante,1114,Ilário Marques
Votante,1115,Luiz de Deus
Votante,1116,Margarida Salomão
Votante,1117,Paulão
Votante,1118,Plínio Valério
Votante,1119,Renato Andrade
Votante,1120,Akira Otsubo
Votante,1121,Celso Jacob
Votante,1122,Eurico Júnior
Votante,1123,Manuel Rosa Neca
Votante,1124,Ricardo Arruda
Votante,1125,Leomar Quintanilha
Votante,1126,Renato Simões
Votante,1127,Amir Lando
Votante,1128,Helcio Silva
Votante,1129,Danilo Cabral
Votante,1130,Gustavo Petta
Votante,1131,João Rodrigues
Votante,1132,Maria Lucia Prandi
Votante,1133,Subtenente Gonzaga
Votante,1134,Adail Carneiro
Votante,1135,Adelmo Carneiro Leão
Votante,1136,Adelson Barreto
Votante,1137,Adilton Sachetti
Votante,1138,Afonso Motta
Votante,1139,Alan Rick
Votante,1140,Alexandre Serfiotis
Votante,1141,Alexandre Valle
Votante,1142,Alfredo Nascimento
Votante,1143,Altineu Côrtes
Votante,1144,Ana Perugini
Votante,1145,André Abdon
Votante,1146,Andres Sanchez
Votante,1147,Angelim
Votante,1148,Arthur Virgílio Bisneto
Votante,1149,Bacelar
Votante,1150,Adalberto Bebeto
Votante,1151,Betinho Gomes
Votante,1152,Bruno Covas
Votante,1153,Cabo Daciolo
Votante,1154,Cabo Sabino
Votante,1155,Cabuçu Borges
Votante,1156,Cacá Leão
Votante,1157,Caetano
Votante,1158,Caio Narcio
Votante,1159,Capitão Augusto
Votante,1160,Carlos Andrade
Votante,1161,Carlos Gomes
Votante,1162,Carlos Henrique Gaguim
Votante,1163,Célio Silveira
Votante,1164,Celso Pansera
Votante,1165,César Messias
Votante,1166,Cesar Souza
Votante,1167,Christiane de Souza Yared
Votante,1168,Cícero Almeida
Votante,1169,Conceição Sampaio
Votante,1170,Covatti Filho
Votante,1171,Cristiane Brasil
Votante,1172,Dâmina Pereira
Votante,1173,Daniel Coelho
Votante,1174,Daniel Vilela
Votante,1175,Delegado Éder Mauro
Votante,1176,Delegado Edson Moreira
Votante,1177,Diego Garcia
Votante,1178,Dulce Miranda
Votante,1179,Edmilson Rodrigues
Votante,1180,Eduardo Bolsonaro
Votante,1181,Eduardo Cury
Votante,1182,Eliziane Gama
Votante,1183,Elmar Nascimento
Votante,1184,Enio Verri
Votante,1185,Evair Vieira de Melo
Votante,1186,Evandro Gussi
Votante,1187,Evandro Roman
Votante,1188,Expedito Netto
Votante,1189,Ezequiel Fonseca
Votante,1190,Ezequiel Teixeira
Votante,1191,Fabiano Horta
Votante,1192,Fabio Garcia
Votante,1193,Fábio Mitidieri
Votante,1194,Fábio Sousa
Votante,1195,Fernando Monteiro
Votante,1196,Flavinho
Votante,1197,Geovania de Sá
Votante,1198,Giuseppe Vecci
Votante,1199,Givaldo Vieira
Votante,1200,Goulart
Votante,1201,Hélio Leite
Votante,1202,Herculano Passos
Votante,1203,Hildo Rocha
Votante,1204,Hiran Gonçalves
Votante,1205,Hissa Abrahão
Votante,1206,Irmão Lazaro
Votante,1207,JHC
Votante,1208,João Daniel
Votante,1209,João Derly
Votante,1210,João Fernando Coutinho
Votante,1211,João Gualberto
Votante,1212,João Marcelo Souza
Votante,1213,Joaquim Passarinho
Votante,1214,Jony Marcos
Votante,1215,Jorge Solla
Votante,1216,José Fogaça
Votante,1217,José Reinaldo
Votante,1218,Josi Nunes
Votante,1219,Jozi  Araújo
Votante,1220,Júlia Marinho
Votante,1221,Junior Marreca
Votante,1222,Kaio Maniçoba
Votante,1223,Laudivio Carvalho
Votante,1224,Leandre
Votante,1225,Leo de Brito
Votante,1226,Lucas Vergilio
Votante,1227,Luciano Ducci
Votante,1228,Luiz Carlos Ramos
Votante,1229,Luiz Cláudio
Votante,1230,Luiz Lauro Filho
Votante,1231,Luizianne Lins
Votante,1232,Macedo
Votante,1233,Major Olimpio
Votante,1234,Marcelo Aro
Votante,1235,Marcelo Squassoni
Votante,1236,Marcio Alvino
Votante,1237,Marcos Abrão
Votante,1238,Marcos Rotta
Votante,1239,Mário Negromonte Jr
Votante,1240,Marquinho Mendes
Votante,1241,Mauro Pereira
Votante,1242,Max Filho
Votante,1243,Miguel Haddad
Votante,1244,Miguel Lombardi
Votante,1245,Misael Varella
Votante,1246,Moema Gramacho
Votante,1247,Newton Cardoso Jr
Votante,1248,Nilto Tatto
Votante,1249,Osmar Bertoldi
Votante,1250,Pedro Cunha Lima
Votante,1251,Pedro Vilela
Votante,1252,Rafael Motta
Votante,1253,Renata Abreu
Votante,1254,Roberto Sales
Votante,1255,Rocha
Votante,1256,Rodrigo Martins
Votante,1257,Rogério Rosso
Votante,1258,Ronaldo Carletto
Votante,1259,Ronaldo Lessa
Votante,1260,Ronaldo Martins
Votante,1261,Rôney Nemer
Votante,1262,Rosangela Gomes
Votante,1263,Rubens Pereira Júnior
Votante,1264,Samuel Moreira
Votante,1265,Sérgio Reis Bavini
Votante,1266,Sergio Souza
Votante,1267,Sergio Vidigal
Votante,1268,Simone Morgado
Votante,1269,Soraya Santos
Votante,1270,Sóstenes Cavalcante
Votante,1271,Tenente Lúcio
Votante,1272,Tereza Cristina
Votante,1273,Uldurico Junior
Votante,1274,Valmir Prascidelli
Votante,1275,Veneziano Vital do Rêgo
Votante,1276,Vicentinho Júnior
Votante,1277,Victor Mendes
Votante,1278,Vitor Lippi
Votante,1279,Vitor Valim
Votante,1280,Wadson Ribeiro
Votante,1281,Walter Alves
Votante,1282,Zé Carlos
Votante,1283,Zeca Cavalcanti
Votante,1284,Zeca do Pt
Votante,1285,Zenaide Maia
Votante,1286,Abel Mesquita Jr.
Votante,1287,Aliel Machado
Votante,1288,Aluisio Mendes
Votante,1289,André Fufuca
Votante,1290,Beto Rosado
Votante,1291,Brunny
Votante,1292,Carlos Marun
Votante,1293,Clarissa Garotinho
Votante,1294,Dr. João Neto
Votante,1295,Elizeu Dionizio
Votante,1296,Floriano Pesaro
Votante,1297,Francisco Chapadinha
Votante,1298,Franklin
Votante,1299,Heitor Schuch
Votante,1300,Helder Salomão
Votante,1301,Jarbas Vasconcelos
Votante,1302,João Paulo Papa
Votante,1303,Lucio Mosquini
Votante,1304,Marcelo Álvaro Antônio
Votante,1305,Marcelo Belinati
Votante,1306,Marcos Soares
Votante,1307,Mariana Fonseca Carvalho
Votante,1308,Marinaldo Rosendo
Votante,1309,Marx Beltrão
Votante,1310,Moses Rodrigues
Votante,1311,Odorico Monteiro
Votante,1312,Orlando Silva
Votante,1313,Paulo Azi
Votante,1314,Raquel Muniz
Votante,1315,Remídio Monai
Votante,1316,Ricardo Teobaldo
Votante,1317,Rodrigo Pacheco
Votante,1318,Rossoni
Votante,1319,Shéridan
Votante,1320,Tadeu Alencar
Votante,1321,Tia Eron
Votante,1322,Toninho Wandscheer
Votante,1323,Wadih Damous
Votante,1324,Alex Manente
Votante,1325,Alexandre Baldy
Votante,1326,Baleia Rossi
Votante,1327,Davidson Magalhães
Votante,1328,Dr. Sinval Malheiros
Votante,1329,Fausto Pinato
Votante,1330,Jéssica Sales
Votante,1331,Marcos Reategui
Votante,1332,Silas Freire
Votante,1333,Juscelino Filho
Votante,1334,Adalberto Cavalcanti
Votante,1335,Antônio Jácome
Votante,1336,Beto Salame
Votante,1337,Deoclides Macedo
Votante,1338,Merlong Solano
Votante,1339,Fabricio Oliveira
Votante,1340,Roberto Góes
Votante,1341,Flávio Nogueira
Votante,1342,Rosângela Curado
Votante,1343,Zé Augusto Nalin
Votante,1344,Angela Albino
Votante,1345,Capitão Fábio Abreu
Votante,1346,Rejane Dias
Votante,1347,Felipe Carreras
Votante,1348,Giovani Feltes
Votante,1349,João Paulo Kleinübing
Votante,1350,Márcio Biolchi
Votante,1351,Marco Antônio Cabral
Votante,1352,Sebastião Oliveira
Votante,1353,Paulo Eduardo Martins
Votante,1354,Tampinha
Votante,1355,Wilson Beserra
Votante,1356,Cajar Nardes
Votante,1357,Moisés Diniz
Votante,1358,Nivaldo Albuquerque
Votante,1359,Pollyana Gama
Votante,1360,Pastor Luciano Braga
Votante,1361,Creuza Pereira
Votante,1362,Guilherme Coelho
Votante,1363,Jones Martins
Votante,1364,Ildon Marques
Votante,1365,Ricardo Bentinho
Votante,1366,André Amaral
Votante,1367,Val Amélio
Votante,1368,Luana Costa
Votante,1369,Dejorge Patrício
Votante,1370,Izaque Silva
Votante,1371,Luzia Ferreira
Votante,1372,Norma Ayub
Votante,1373,Rogério Silva Santos
Votante,1374,Vaidon Oliveira
Votante,1375,Marcelo Delaroli
Votante,1376,Robinson Almeida
Votante,1377,Xuxu Dal Molin
Votante,1378,Adérmis Marini
Votante,1379,Lourival Gomes
Votante,1380,Prof. Gedeão Amorim
Votante,1381,Osvaldo Mafra
Votante,1382,Euricelia Cardoso
Votante,1383,Abílio Santana
Votante,1384,Abou Anni
Votante,1385,Adolfo Viana
Votante,1386,Adriana Ventura
Votante,1387,Adriano do Baldy
Votante,1388,Airton Faleiro
Votante,1389,AJ Albuquerque
Votante,1390,Alcides Rodrigues
Votante,1391,Alê Silva
Votante,1392,Alexandre Frota
Votante,1393,Alexandre Padilha
Votante,1394,Alexis Fonteyne
Votante,1395,Aline Sleutjes
Votante,1396,Amaro Neto
Votante,1397,André Ferreira
Votante,1398,André Janones
Votante,1399,Aroldo Martins
Votante,1400,Benes Leocádio
Votante,1401,Bia Cavassa
Votante,1402,Bibo Nunes
Votante,1403,Bira do Pindaré
Votante,1404,Boca Aberta
Votante,1405,Bosco Saraiva
Votante,1406,Guilherme Derrite
Votante,1407,Capitão Wagner
Votante,1408,Carlos Chiodini
Votante,1409,Carlos Jordy
Votante,1410,Caroline de Toni
Votante,1411,Celina Leão
Votante,1412,Célio Moura
Votante,1413,Célio Studart
Votante,1414,Charles Fernandes
Votante,1415,Charlles Evangelista
Votante,1416,Chiquinho Brazão
Votante,1417,Chris Tonietto
Votante,1418,Christino Aureo
Votante,1419,Coronel Armando
Votante,1420,Da Vitória
Votante,1421,Daniel Trzeciak
Votante,1422,Daniela do Waguinho
Votante,1423,Darci de Matos
Votante,1424,David Miranda
Votante,1425,David Soares
Votante,1426,Delegado Antônio Furtado
Votante,1427,Delegado Marcelo Freitas
Votante,1428,Delegado Pablo
Votante,1429,Denis Bezerra
Votante,1430,Dr. Frederico
Votante,1431,Dr. Jaziel
Votante,1432,Dr. Leonardo
Votante,1433,Dr. Luiz Ovando
Votante,1434,Dr. Zacharias Calil
Votante,1435,Dra. Soraya Manato
Votante,1436,Edna Henrique
Votante,1437,Eduardo Bismarck
Votante,1438,Eduardo Braide
Votante,1439,Eduardo Costa
Votante,1440,Eli Borges
Votante,1441,Elias Vaz
Votante,1442,Emanuel Pinheiro Neto
Votante,1443,Emidinho Madeira
Votante,1444,Enéias Reis
Votante,1445,Enrico Misasi
Votante,1446,Euclydes Pettersen
Votante,1447,Fabiano Tolentino
Votante,1448,Fábio Henrique
Votante,1449,Felício Laterça
Votante,1450,Felipe Francischini
Votante,1451,Fernanda Melchionna
Votante,1452,Fernando Rodolfo
Votante,1453,Filipe Barros
Votante,1454,Flávia Arruda
Votante,1455,Francisco Jr.
Votante,1456,Franco Cartafina
Votante,1457,Fred Costa
Votante,1458,Frei Anastacio Ribeiro
Votante,1459,Gelson Azevedo
Votante,1460,Gervásio Maia
Votante,1461,Gil Cutrim
Votante,1462,Gilberto Abramo
Votante,1463,Gilson Marques
Votante,1464,Glaustin da Fokus
Votante,1465,Guiga Peixoto
Votante,1466,Gutemberg Reis
Votante,1467,Haroldo Cathedral
Votante,1468,Heitor Freire
Votante,1469,Hélio Francisco Costa
Votante,1470,Idilvan Alencar
Votante,1471,Isnaldo Bulhões Jr.
Votante,1472,Jesus Sérgio
Votante,1473,João Roma
Votante,1474,Jorge Braz
Votante,1475,Jose Mario Schreiner
Votante,1476,José Medeiros
Votante,1477,José Nelto
Votante,1478,Juarez Costa
Votante,1479,Julian Lemos
Votante,1480,Julio Cesar Ribeiro
Votante,1481,Juninho do Pneu
Votante,1482,Júnior Ferrari
Votante,1483,Júnior Mano
Votante,1484,Kim Kataguiri
Votante,1485,Lafayette de Andrada
Votante,1486,Léo Moraes
Votante,1487,Léo Motta
Votante,1488,Leur Lomanto Júnior
Votante,1489,Liziane Bayer
Votante,1490,Lucas Gonzalez
Votante,1491,Lucas Redecker
Votante,1492,Luiz Antônio Corrêa
Votante,1493,Luiz Carlos Motta
Votante,1494,Luizão Goulart
Votante,1495,Manuel Marcos
Votante,1496,Mara Rocha
Votante,1497,Marcel van Hattem
Votante,1498,Marcelo Brum
Votante,1499,Marcelo Calero
Votante,1500,Marcelo Freixo
Votante,1501,Marcelo Nilo
Votante,1502,Marcelo Ramos
Votante,1503,Márcio Jerry
Votante,1504,Márcio Labre
Votante,1505,Marco Bertaiolli
Votante,1506,Marcos Aurélio Sampaio
Votante,1507,Marcos Pereira
Votante,1508,Margarete Coelho
Votante,1509,Maria Rosas
Votante,1510,Marília Arraes
Votante,1511,Marina Santos
Votante,1512,Marlon Santos
Votante,1513,Marreca Filho
Votante,1514,Maurício Dziedricki
Votante,1515,Natália Bonavides
Votante,1516,Nereu Crispim
Votante,1517,Nicoletti
Votante,1518,Olival Marques
Votante,1519,Ossesio Silva
Votante,1520,Ottaci Nascimento
Votante,1521,Otto Alencar Filho
Votante,1522,Pastor Gil
Votante,1523,Paula Belmonte
Votante,1524,Paulo Bengtson
Votante,1525,Paulo Ganime
Votante,1526,Pedro Augusto Bezerra
Votante,1527,Pedro Lupion
Votante,1528,Pedro Westphalen
Votante,1529,Pinheirinho
Votante,1530,Professor Alcides
Votante,1531,Professor Israel Batista
Votante,1532,Professor Joziel
Votante,1533,Professora Rosa Neide
Votante,1534,Raimundo Costa
Votante,1535,Reinhold Stephanes Junior
Votante,1536,Ricardo Guidi
Votante,1537,Ricardo Pericar
Votante,1538,Robério Monteiro
Votante,1539,Rodrigo Agostinho
Votante,1540,Rodrigo Coelho
Votante,1541,Rogério Correia
Votante,1542,Rose Modesto
Votante,1543,Sâmia Bomfim
Votante,1544,Sanderson
Votante,1545,Santini
Votante,1546,Sargento Fahur
Votante,1547,Schiavinato
Votante,1548,Sergio Toledo
Votante,1549,Severino Pessoa
Votante,1550,Silvia Cristina
Votante,1551,Tabata Amaral
Votante,1552,Talíria Petrone
Votante,1553,Tiago Dimas
Votante,1554,Tiago Mitraud
Votante,1555,Tito
Votante,1556,Túlio Gadêlha
Votante,1557,Vavá Martins
Votante,1558,Vermelho
Votante,1559,Vilson da Fetaemg
Votante,1560,Vinicius Poit
Votante,1561,Wladimir Garotinho
Votante,1562,Zé Vitor
Votante,1563,Acácio Favacho
Votante,1564,Aécio Neves
Votante,1565,Alex Santana
Votante,1566,Beto Pereira
Votante,1567,Bia Kicis
Votante,1568,Capitão Alberto Neto
Votante,1569,Carlos Veras
Votante,1570,Cássio Andrade
Votante,1571,Cezinha de Madureira
Votante,1572,Coronel Chrisóstomo
Votante,1573,Coronel Tadeu
Votante,1574,Daniel Silveira
Votante,1575,Doutor Luizinho
Votante,1576,Dra. Vanda Milani
Votante,1577,Edilázio Júnior
Votante,1578,Felipe Rigoni
Votante,1579,Flordelis
Votante,1580,General Girão
Votante,1581,Geninho Zuliani
Votante,1582,Gleisi Hoffmann
Votante,1583,Helio Lopes
Votante,1584,Hercílio Coelho Diniz
Votante,1585,Igor Kannário
Votante,1586,Joenia Wapichana
Votante,1587,José Ricardo
Votante,1588,Joseildo Ramos
Votante,1589,Josimar Maranhãozinho
Votante,1590,Junio Amaral
Votante,1591,Junior Lourenço
Votante,1592,Luisa Canziani
Votante,1593,Luiz Lima
Votante,1594,Marcelo Moraes
Votante,1595,Nelson Barbudo
Votante,1596,Paulo Guedes
Votante,1597,Pedro Lucas Fernandes
Votante,1598,Policial Katia Sastre
Votante,1599,Professora Dayane Pimentel
Votante,1600,Rui Falcão
Votante,1601,Sidney Leite
Votante,1602,Silvio Costa Filho
Votante,1603,Ted Conti
Votante,1604,Vinicius Farah
Votante,1605,General Peternelli
Votante,1606,Rosana Valle
Votante,1607,Aline Gurgel
Votante,1608,Bozzella
Votante,1609,Camilo Capiberibe
Votante,1610,Carla Zambelli
Votante,1611,Celso Sabino
Votante,1612,Cristiano Vale
Votante,1613,Daniel Freitas
Votante,1614,Fabio Schiochet
Votante,1615,Greyce Elias
Votante,1616,Gurgel
Votante,1617,Gustinho Ribeiro
Votante,1618,Jaqueline Cassol
Votante,1619,João H. Campos
Votante,1620,Leda Sadala
Votante,1621,Loester Trutis
Votante,1622,Luis Miranda
Votante,1623,Luiz Flávio Gomes
Votante,1624,Luiz Philippe de Orleans e Bragança
Votante,1625,Major Fabiana
Votante,1626,Mauro Benevides Filho
Votante,1627,Osires Damaso
Votante,1628,Otoni de Paula
Votante,1629,Paulo Ramos
Votante,1630,Tereza Nelma
Votante,1631,Valdevan Noventa
Votante,1632,Major Vitor Hugo
Votante,1633,Pastor Sargento Isidório
Votante,1634,Joice Hasselmann
Votante,1635,Alencar Santana
Votante,1636,Áurea Carolina
Votante,1637,Zé Neto
Votante,1638,Igor Timo
Votante,1639,Fernando Borja
Votante,1640,Dr. Gonçalo
Votante,1641,Patricia Ferraz
Votante,1642,Carla Dickson
Votante,1643,Jorge Goetten
Votante,1644,Nilson F. Stainsack
Votante,1645,Ricardo Silva
Votante,1646,RRenato Queiroz
Votante,1647,Dr. João Caldas
Votante,1648,Marcão Gomes
Votante,1649,Ney Leprevost
Votante,1650,Deuzinho Filho
Votante,1651,Dr. Agripino Magalhães
Votante,1652,Ely Santos
Votante,1653,Jones Moura
Votante,1654,Milton Coelho
Votante,1655,Paulo Vicente Caleffi
Votante,1656,Ricardo da Karol
Votante,1657,Vivi Reis
Votante,1658,Jorielson
Votante,1659,Josivaldo JP
Votante,1660,Pedro Augusto Palareti
Votante,1661,Pedro Dalua
Votante,1662,Henrique do Paraíso
Votante,1663,Norma Pereira
Votante,1664,Rafafá
Votante,1665,Totonho Lopes
Votante,1666,Alexandre Figueiredo
Votante,1667,Eliza Virgínia
Votante,1668,Lucas Follador
Votante,1669,Marco Brasil
Votante,1670,Sargento Alexandre
Votante,1671,Nelho Bezerra
Votante,1672,Tiago Andrino
Votante,1673,Patrick Dorneles
Votante,1674,Joceval Rodrigues
Votante,1675,Adail Filho
Votante,1676,Adilson Barroso
Votante,1677,Alexandre Lindenmeyer
Votante,1678,Alfredinho
Votante,1679,Alfredo Gaspar
Votante,1680,Amália Barros
Votante,1681,Amanda Gentil
Votante,1682,Ana Paula Leão
Votante,1683,Ana Pimentel
Votante,1684,André Fernandes
Votante,1685,Antonio Andrade
Votante,1686,Antonio Carlos Rodrigues
Votante,1687,Átila de Melo Lira
Votante,1688,Augusto Puppio
Votante,1689,Bandeira de Mello
Votante,1690,Carlos Bebeto
Votante,1691,Beto Richa
Votante,1692,Bruno Ganem
Votante,1693,Cabo Gilberto Silva
Votante,1694,Caio Vianna
Votante,1695,Camila Jara
Votante,1696,Capitão Alden
Votante,1697,Carol Dartora
Votante,1698,Castro Neto
Votante,1699,Célia Xakriabá
Votante,1700,Clodoaldo Magalhães
Votante,1701,Cobalchini
Votante,1702,Coronel Assis
Votante,1703,Coronel Fernanda
Votante,1704,Coronel Meira
Votante,1705,Coronel Telhada
Votante,1706,Coronel Ulysses
Votante,1707,Cristiane Lopes
Votante,1708,Daiana Santos
Votante,1709,Dal Barreto
Votante,1710,Dandara
Votante,1711,Daniel Agrobom
Votante,1712,Daniela Reinehr
Votante,1713,Dayany Bittencourt
Votante,1714,Defensor Stélio Dener
Votante,1715,Delegada Ione
Votante,1716,Delegado Caveira
Votante,1717,Delegado da Cunha
Votante,1718,Delegado Fabio Costa
Votante,1719,Delegado Palumbo
Votante,1720,Delegado Paulo Bilynskyj
Votante,1721,Delegado Ramagem
Votante,1722,Denise Pessôa
Votante,1723,Detinha
Votante,1724,Diego Coronel
Votante,1725,Dilvanda Faro
Votante,1726,Dimas Gadelha
Votante,1727,Dorinaldo Malafaia
Votante,1728,Dr. Benjamim
Votante,1729,Dr. Fernando Máximo
Votante,1730,Dr. Francisco
Votante,1731,Dr. Victor Linhalis
Votante,1732,Dra. Alessandra Haber
Votante,1733,Duarte Jr.
Votante,1734,Duda Ramos
Votante,1735,Eduardo Velloso
Votante,1736,Enfermeira Ana Paula
Votante,1737,Eriberto Medeiros
Votante,1738,Erika Hilton
Votante,1739,Fábio Teruel
Votante,1740,Fausto Santos Jr.
Votante,1741,Felipe Becari
Votante,1742,Fernanda Pessoa
Votante,1743,Fernando Mineiro
Votante,1744,Filipe Martins
Votante,1745,Flavinha
Votante,1746,Florentino Neto
Votante,1747,Franciane Bayer
Votante,1748,Fred Linhares
Votante,1749,Gabriel Mota
Votante,1750,Gabriel Nunes
Votante,1751,General Pazuello
Votante,1752,Geraldo Mendes
Votante,1753,Gerlen Diniz
Votante,1754,Gilson Daniel
Votante,1755,Gilvan da Federal
Votante,1756,Gilvan Maximo
Votante,1757,Gisela Simona
Votante,1758,Guilherme Boulos
Votante,1759,Guilherme Uchoa
Votante,1760,Gustavo Gayer
Votante,1761,Henderson Pinto
Votante,1762,Icaro de Valmir
Votante,1763,Ismael
Votante,1764,Ismael Alexandrino
Votante,1765,Ivoneide Caetano
Votante,1766,Iza Arruda
Votante,1767,Jack Rocha
Votante,1768,Jeferson Rodrigues
Votante,1769,Josenildo
Votante,1770,Julia Zanatta
Votante,1771,Julio Arcoverde
Votante,1772,Keniston Braga
Votante,1773,Kiko Celeguim
Votante,1774,Lêda Borges
Votante,1775,Leo Prates
Votante,1776,Lucas Ramos
Votante,1777,Luciano Alves
Votante,1778,Luciano Amaral
Votante,1779,Luciano Azevedo
Votante,1780,Luciano Vieira
Votante,1781,Luis Carlos Gomes
Votante,1782,Luiz Gastão
Votante,1783,Marcelo Crivella
Votante,1784,Marcelo Lima
Votante,1785,Marcelo Queiroz
Votante,1786,Márcio Correa
Votante,1787,Marcos Pollon
Votante,1788,Maria Arraes
Votante,1789,Matheus Noronha
Votante,1790,Maurício Carvalho
Votante,1791,Mauricio do Vôlei
Votante,1792,Mauricio Neves
Votante,1793,Max Lemos
Votante,1794,Meire Serafim
Votante,1795,Mersinho Lucena
Votante,1796,Messias Donato
Votante,1797,Miguel Ângelo
Votante,1798,Murillo Gouvea
Votante,1799,Murilo Galdino
Votante,1800,Nely Aquino
Votante,1801,Nikolas Ferreira
Votante,1802,Pastor Diniz
Votante,1803,Pastor Henrique Vieira
Votante,1804,Paulinho Freire
Votante,1805,Paulo Alexandre Barbosa
Votante,1806,Paulo Litro
Votante,1807,Pedro Aihara
Votante,1808,Pedro Campos
Votante,1809,Pezenti
Votante,1810,Priscila Costa
Votante,1811,Prof. Paulo Fernando
Votante,1812,Prof. Reginaldo Veras
Votante,1813,Rafael Brito
Votante,1814,Rafael Simoes
Votante,1815,Reginete Bispo
Votante,1816,Reimont
Votante,1817,Ricardo Ayres
Votante,1818,Ricardo Maia
Votante,1819,Ricardo Salles
Votante,1820,Roberta Roma
Votante,1821,Roberto Monteiro Pai
Votante,1822,Robinson Faria
Votante,1823,Rodolfo Nogueira
Votante,1824,Rodrigo Estacho
Votante,1825,Rodrigo Gambale
Votante,1826,Rodrigo Valadares
Votante,1827,Rogéria Santos
Votante,1828,Rosângela Moro
Votante,1829,Samuel Viana
Votante,1830,Sargento Gonçalves
Votante,1831,Sargento Portugal
Votante,1832,Saullo Vianna
Votante,1833,Silvia Waiãpi
Votante,1834,Silvye Alves
Votante,1835,Sonize Barbosa
Votante,1836,Tadeu Veneri
Votante,1837,Tarcísio Motta
Votante,1838,Thiago de Joaldo
Votante,1839,Thiago Flores
Votante,1840,Tião Medeiros
Votante,1841,Waldemar Oliveira
Votante,1842,Welter
Votante,1843,Yandra Moura
Votante,1844,Zé Haroldo Cathedral
Votante,1845,Zé Trovão
Votante,1846,Zezinho Barbary
Votante,1847,Zucco
Votante,1848,Abilio Brunini
Votante,1849,Any Ortiz
Votante,1850,Delegada Adriana Accorsi
Votante,1851,Delegada Katarina
Votante,1852,Delegado Matheus Laiola
Votante,1853,Jadyel Alencar
Votante,1854,Lula da Fonte
Votante,1855,Marangoni
Votante,1856,Marussa Boldrin
Votante,1857,Mauricio Marcon
Votante,1858,Neto Carletto
Votante,1859,Professora Goreth
Votante,1860,Professora Luciene Cavalcante
Votante,1861,Rosângela Reis
Votante,1862,Simone Marquetto
Votante,1863,Albuquerque
Votante,1864,Alexandre Guimarães
Votante,1865,Amom Mandel
Votante,1866,Ana Paula Lima
Votante,1867,Andreia Siqueira
Votante,1868,Antônio Doido
Votante,1869,Bruno Farias
Votante,1870,Clarissa Tércio
Votante,1871,Dani Cunha
Votante,1872,Daniel Barbosa
Votante,1873,Dr. Allan Garcês
Votante,1874,Duda Salabert
Votante,1875,Fábio Macedo
Votante,1876,Felipe Saliba
Votante,1877,Helena Lima
Votante,1878,Henrique Júnior
Votante,1879,Hildo do Candango
Votante,1880,Lebrão
Votante,1881,Marcos Tavares
Votante,1882,Tacilla Mariana Carvalho
Votante,1883,Renilce Nicodemos
Votante,1884,Roberto Duarte
Votante,1885,Saulo Pedroso
Votante,1886,Socorro Neri
Votante,1887,Washington Quaquá
Votante,1888,Yury do Paredão
Votante,1889,Dr Fabio Rueda
Votante,1890,Juliana Cardoso
Votante,1891,Rafael Prudente
Votante,1892,Padovani
Votante,1893,Ricardo Abrão
Votante,1894,Mario Frias
Votante,1895,Silvio Antonio
Votante,1896,Márcio Honaiser
Votante,1897,Roseana Sarney
Votante,1898,Deltan Dallagnol
Votante,1899,Dr. Daniel Soranz
Votante,1900,Eliane Braz
Partido,0,PFL
Partido,1,PDT
Partido,2,PMDB
Partido,3,PCdoB
Partido,4,PTB
Partido,5,PSB
Partido,6,PSDB
Partido,7,PPB
Partido,8,PT
Partido,9,PL
Partido,10,PV
Partido,11,PPS
Partido,12,PMN
Partido,13,PRONA
Partido,14,PST
Partido,15,PSL
Partido,16,PSD
Partido,17,PSC
Partido,18,PP
Partido,19,S.PART.
Partido,20,PRP
Partido,21,PSOL
Partido,22,PMR
Partido,23,PTC
Partido,24,PRB
Partido,25,PR
Partido,26,DEM
Partido,27,PHS
Partido,28,PRTB
Partido,29,PTdoB
Partido,30,PAN
Partido,31,PEN
Partido,32,PROS
Partido,33,SDD
Partido,34,SD
Partido,35,PTN
Partido,36,PSDC
Partido,37,REDE
Partido,38,PMB
Partido,39,PODE
Partido,40,AVANTE
Partido,41,MDB
Partido,42,PATRI
Partido,43,PPL
Partido,44,NOVO
Partido,45,PATRIOTA
Partido,46,CIDADANIA
Partido,47,REPUBLICANOS
Partido,48,SOLIDARIEDADE
Partido,49,DC
Partido,50,UNIÃO
UF,0,PR
UF,1,PB
UF,2,RO
UF,3,MA
UF,4,DF
UF,5,RR
UF,6,RS
UF,7,RJ
UF,8,SP
UF,9,CE
UF,10,PA
UF,11,MS
UF,12,PE
UF,13,AM
UF,14,PI
UF,15,AL
UF,16,GO
UF,17,BA
UF,18,MG
UF,19,SC
UF,20,MT
UF,21,AP
UF,22,RN
UF,23,SE
UF,24,AC
UF,25,ES
UF,26,TO
Votacao,0,14541-69
Votacao,1,32428-111
Votacao,2,32428-59
Votacao,3,113716-111
Votacao,4,113716-267
Votacao,5,113717-114
Votacao,6,113717-142
Votacao,7,113717-152
Votacao,8,113717-181
Votacao,9,113717-184
Votacao,10,113717-189
Votacao,11,113717-194
Votacao,12,113717-197
Votacao,13,113717-200
Votacao,14,113717-202
Votacao,15,113717-204
Votacao,16,113717-230
Votacao,17,113717-250
Votacao,18,113717-295
Votacao,19,113717-59
Votacao,20,113717-95
Votacao,21,14312-81
Votacao,22,143282-5
Votacao,23,145211-10
Votacao,24,109175-70
Votacao,25,120186-63
Votacao,26,120186-68
Votacao,27,125572-186
Votacao,28,125572-187
Votacao,29,126541-68
Votacao,30,140174-133
Votacao,31,140174-83
Votacao,32,149095-73
Votacao,33,150357-107
Votacao,34,150357-52
Votacao,35,150357-80
Votacao,36,150358-37
Votacao,37,150373-84
Votacao,38,150399-149
Votacao,39,150930-5
Votacao,40,151030-5
Votacao,41,153730-20
Votacao,42,153730-36
Votacao,43,153730-70
Votacao,44,154528-107
Votacao,45,154528-119
Votacao,46,154528-68
Votacao,47,154538-23
Votacao,48,154538-56
Votacao,49,154539-48
Votacao,50,158197-71
Votacao,51,159554-31
Votacao,52,251072-105
Votacao,53,251072-39
Votacao,54,251072-48
Votacao,55,251120-102
Votacao,56,251120-82
Votacao,57,253166-4
Votacao,58,257781-20
Votacao,59,258267-45
Votacao,60,258595-57
Votacao,61,260897-117
Votacao,62,261022-75
Votacao,63,262198-72
Votacao,64,262198-78
Votacao,65,262198-98
Votacao,66,36162-83
Votacao,67,97884-50
Votacao,68,97884-59
Votacao,69,97884-75
Votacao,70,140375-132
Votacao,71,140375-143
Votacao,72,150399-186
Votacao,73,252972-101
Votacao,74,253982-5
Votacao,75,270567-33
Votacao,76,272146-35
Votacao,77,272914-37
Votacao,78,277133-117
Votacao,79,277133-62
Votacao,80,277133-92
Votacao,81,279507-70
Votacao,82,279543-44
Votacao,83,282740-145
Votacao,84,282740-42
Votacao,85,282740-60
Votacao,86,282740-61
Votacao,87,282740-90
Votacao,88,282740-97
Votacao,89,284567-45
Votacao,90,284567-58
Votacao,91,286611-39
Votacao,92,289038-29
Votacao,93,289038-37
Votacao,94,289945-69
Votacao,95,290460-54
Votacao,96,290460-77
Votacao,97,292328-188
Votacao,98,292328-204
Votacao,99,292729-64
Votacao,100,294427-54
Votacao,101,294428-42
Votacao,102,294429-110
Votacao,103,294429-133
Votacao,104,294429-160
Votacao,105,294429-179
Votacao,106,294429-56
Votacao,107,294429-70
Votacao,108,294429-95
Votacao,109,294430-56
Votacao,110,294430-81
Votacao,111,298221-71
Votacao,112,304792-37
Votacao,113,142458-64
Votacao,114,14809-130
Votacao,115,275322-252
Votacao,116,285867-88
Votacao,117,298990-146
Votacao,118,298990-78
Votacao,119,303307-48
Votacao,120,307822-63
Votacao,121,307925-109
Votacao,122,307925-77
Votacao,123,307925-88
Votacao,124,308633-29
Votacao,125,310833-87
Votacao,126,311012-25
Votacao,127,311031-112
Votacao,128,311031-134
Votacao,129,311031-48
Votacao,130,311031-76
Votacao,131,311039-54
Votacao,132,314558-32
Votacao,133,314558-57
Votacao,134,314558-67
Votacao,135,314558-94
Votacao,136,314559-59
Votacao,137,316491-51
Votacao,138,316491-75
Votacao,139,316493-55
Votacao,140,316493-77
Votacao,141,318828-40
Votacao,142,319342-53
Votacao,143,319342-77
Votacao,144,320786-45
Votacao,145,328072-6
Votacao,146,332482-60
Votacao,147,335039-55
Votacao,148,56373-84
Votacao,149,56373-95
Votacao,150,104342-141
Votacao,151,104342-99
Votacao,152,256022-206
Votacao,153,264293-88
Votacao,154,307925-175
Votacao,155,330427-143
Votacao,156,330427-242
Votacao,157,330427-309
Votacao,158,330427-311
Votacao,159,330427-313
Votacao,160,330427-318
Votacao,161,335178-67
Votacao,162,335937-47
Votacao,163,335937-79
Votacao,164,338066-34
Votacao,165,339302-57
Votacao,166,339551-65
Votacao,167,339551-83
Votacao,168,339552-29
Votacao,169,339630-35
Votacao,170,339689-104
Votacao,171,339689-114
Votacao,172,339689-186
Votacao,173,339689-196
Votacao,174,339689-67
Votacao,175,339696-112
Votacao,176,339696-91
Votacao,177,339705-102
Votacao,178,339705-120
Votacao,179,339705-147
Votacao,180,339823-36
Votacao,181,339847-121
Votacao,182,339850-186
Votacao,183,339853-79
Votacao,184,339854-37
Votacao,185,340369-4
Votacao,186,344056-55
Votacao,187,344468-77
Votacao,188,345069-114
Votacao,189,345069-119
Votacao,190,345069-121
Votacao,191,345070-79
Votacao,192,346697-65
Votacao,193,346782-62
Votacao,194,347030-10
Votacao,195,347832-48
Votacao,196,348693-57
Votacao,197,348711-50
Votacao,198,349771-61
Votacao,199,350464-54
Votacao,200,350464-60
Votacao,201,350464-72
Votacao,202,350489-4
Votacao,203,350507-7
Votacao,204,350571-30
Votacao,205,353093-92
Votacao,206,353741-128
Votacao,207,353741-160
Votacao,208,353741-192
Votacao,209,353741-54
Votacao,210,353741-67
Votacao,211,353776-4
Votacao,212,354034-47
Votacao,213,355920-104
Votacao,214,356805-49
Votacao,215,363391-101
Votacao,216,365555-120
Votacao,217,368083-56
Votacao,218,368083-72
Votacao,219,368084-49
Votacao,220,368170-49
Votacao,221,368679-64
Votacao,222,368679-81
Votacao,223,371091-7
Votacao,224,313951-205
Votacao,225,313951-237
Votacao,226,313951-248
Votacao,227,313951-268
Votacao,228,350108-117
Votacao,229,364186-139
Votacao,230,364186-74
Votacao,231,364579-61
Votacao,232,366816-167
Votacao,233,371547-84
Votacao,234,371789-105
Votacao,235,371789-147
Votacao,236,372150-100
Votacao,237,373907-63
Votacao,238,374302-82
Votacao,239,377706-66
Votacao,240,382665-65
Votacao,241,382667-61
Votacao,242,382680-63
Votacao,243,382681-107
Votacao,244,382688-119
Votacao,245,382688-99
Votacao,246,382708-110
Votacao,247,382708-93
Votacao,248,382725-97
Votacao,249,383657-93
Votacao,250,384554-74
Votacao,251,388308-65
Votacao,252,391163-36
Votacao,253,391163-52
Votacao,254,391163-86
Votacao,255,392908-35
Votacao,256,392908-60
Votacao,257,392908-82
Votacao,258,394079-127
Votacao,259,394079-140
Votacao,260,394079-150
Votacao,261,394079-156
Votacao,262,394079-192
Votacao,263,394079-195
Votacao,264,394079-55
Votacao,265,394079-73
Votacao,266,394079-80
Votacao,267,394947-104
Votacao,268,394947-54
Votacao,269,396987-124
Votacao,270,396987-95
Votacao,271,398628-60
Votacao,272,403395-164
Votacao,273,413095-63
Votacao,274,413095-70
Votacao,275,415049-31
Votacao,276,415049-51
Votacao,277,421658-7
Votacao,278,112893-218
Votacao,279,112893-225
Votacao,280,14271-84
Votacao,281,15471-155
Votacao,282,18454-92
Votacao,283,290450-52
Votacao,284,290450-54
Votacao,285,339409-144
Votacao,286,339977-66
Votacao,287,345552-78
Votacao,288,345552-93
Votacao,289,361442-144
Votacao,290,370193-6
Votacao,291,378478-172
Votacao,292,378478-223
Votacao,293,378478-232
Votacao,294,378478-242
Votacao,295,403508-95
Votacao,296,406183-14
Votacao,297,412236-104
Votacao,298,416057-86
Votacao,299,416057-90
Votacao,300,416057-93
Votacao,301,416531-9
Votacao,302,419290-65
Votacao,303,419290-71
Votacao,304,419290-80
Votacao,305,420066-66
Votacao,306,420746-108
Votacao,307,420746-123
Votacao,308,420746-129
Votacao,309,420746-62
Votacao,310,420746-81
Votacao,311,422455-79
Votacao,312,422455-92
Votacao,313,422643-94
Votacao,314,422684-88
Votacao,315,423427-110
Votacao,316,423427-147
Votacao,317,423427-82
Votacao,318,423428-126
Votacao,319,423428-129
Votacao,320,423428-137
Votacao,321,423428-142
Votacao,322,423428-91
Votacao,323,423580-6
Votacao,324,428043-85
Votacao,325,428250-112
Votacao,326,428250-125
Votacao,327,428250-162
Votacao,328,428250-189
Votacao,329,428250-200
Votacao,330,428250-93
Votacao,331,430472-108
Votacao,332,430472-85
Votacao,333,434563-110
Votacao,334,434563-185
Votacao,335,434563-74
Votacao,336,434563-87
Votacao,337,434938-122
Votacao,338,434938-133
Votacao,339,436198-9
Votacao,340,437378-16
Votacao,341,438197-76
Votacao,342,438942-12
Votacao,343,439736-22
Votacao,344,440177-118
Votacao,345,440177-163
Votacao,346,440177-43
Votacao,347,440177-53
Votacao,348,440269-157
Votacao,349,440269-72
Votacao,350,440269-73
Votacao,351,440269-76
Votacao,352,440269-79
Votacao,353,440269-88
Votacao,354,440269-92
Votacao,355,440269-94
Votacao,356,440517-13
Votacao,357,441341-10
Votacao,358,443158-105
Votacao,359,443158-158
Votacao,360,443158-205
Votacao,361,443158-92
Votacao,362,445427-89
Votacao,363,446738-5
Votacao,364,447734-66
Votacao,365,447935-106
Votacao,366,447935-121
Votacao,367,447935-142
Votacao,368,447935-83
Votacao,369,453801-55
Votacao,370,453801-69
Votacao,371,453801-89
Votacao,372,454911-55
Votacao,373,458747-7
Votacao,374,458748-9
Votacao,375,458749-9
Votacao,376,153275-100
Votacao,377,21571-106
Votacao,378,21571-127
Votacao,379,21571-130
Votacao,380,21571-154
Votacao,381,284827-198
Votacao,382,378478-308
Votacao,383,378478-317
Votacao,384,438409-126
Votacao,385,438409-137
Votacao,386,438409-164
Votacao,387,438409-203
Votacao,388,447936-162
Votacao,389,447937-133
Votacao,390,447937-136
Votacao,391,454360-6
Votacao,392,464520-164
Votacao,393,465329-108
Votacao,394,465329-74
Votacao,395,465329-98
Votacao,396,465331-92
Votacao,397,466304-84
Votacao,398,466305-84
Votacao,399,469773-6
Votacao,400,469774-6
Votacao,401,471270-135
Votacao,402,471270-95
Votacao,403,482426-31
Votacao,404,482426-43
Votacao,405,483948-50
Votacao,406,485201-93
Votacao,407,485262-48
Votacao,408,488165-8
Votacao,409,488578-7
Votacao,410,489010-5
Votacao,411,489682-5
Votacao,412,17338-302
Votacao,413,17338-321
Votacao,414,260404-97
Votacao,415,357094-119
Votacao,416,357094-124
Votacao,417,357094-132
Votacao,418,394079-276
Votacao,419,476031-112
Votacao,420,476031-81
Votacao,421,476031-93
Votacao,422,485274-124
Votacao,423,485758-129
Votacao,424,485758-146
Votacao,425,485758-63
Votacao,426,485758-72
Votacao,427,485758-83
Votacao,428,487868-77
Votacao,429,487868-96
Votacao,430,487966-81
Votacao,431,488582-8
Votacao,432,488607-71
Votacao,433,490375-123
Votacao,434,490375-130
Votacao,435,490375-134
Votacao,436,490375-87
Votacao,437,490387-69
Votacao,438,491872-58
Votacao,439,491872-61
Votacao,440,491872-68
Votacao,441,491963-8
Votacao,442,491974-6
Votacao,443,495378-103
Votacao,444,495378-111
Votacao,445,495378-116
Votacao,446,495378-119
Votacao,447,495378-50
Votacao,448,495378-59
Votacao,449,495378-76
Votacao,450,496290-59
Votacao,451,496290-68
Votacao,452,500056-109
Votacao,453,500056-133
Votacao,454,500056-94
Votacao,455,500079-157
Votacao,456,500380-7
Votacao,457,507762-6
Votacao,458,511029-60
Votacao,459,513172-64
Votacao,460,513496-108
Votacao,461,513496-139
Votacao,462,513496-146
Votacao,463,513496-149
Votacao,464,513496-153
Votacao,465,513496-157
Votacao,466,513496-160
Votacao,467,513496-171
Votacao,468,513496-175
Votacao,469,513496-178
Votacao,470,513496-182
Votacao,471,513496-193
Votacao,472,513496-227
Votacao,473,513496-249
Votacao,474,513496-251
Votacao,475,513496-259
Votacao,476,513496-260
Votacao,477,513496-261
Votacao,478,513496-262
Votacao,479,513496-263
Votacao,480,513496-95
Votacao,481,513512-66
Votacao,482,513514-58
Votacao,483,514832-10
Votacao,484,531883-4
Votacao,485,17338-382
Votacao,486,17338-414
Votacao,487,36162-204
Votacao,488,366851-147
Votacao,489,366851-186
Votacao,490,366851-189
Votacao,491,366851-196
Votacao,492,479328-65
Votacao,493,494004-52
Votacao,494,496725-130
Votacao,495,497188-8
Votacao,496,508967-7
Votacao,497,520245-145
Votacao,498,520245-150
Votacao,499,524645-65
Votacao,500,524645-71
Votacao,501,524645-81
Votacao,502,527723-74
Votacao,503,527728-70
Votacao,504,528165-59
Votacao,505,528165-65
Votacao,506,533505-79
Votacao,507,533535-56
Votacao,508,535959-48
Votacao,509,535959-57
Votacao,510,535959-74
Votacao,511,535959-83
Votacao,512,537339-16
Votacao,513,537997-4
Votacao,514,543448-90
Votacao,515,544176-6
Votacao,516,544463-71
Votacao,517,544573-6
Votacao,518,545925-61
Votacao,519,549909-28
Votacao,520,552689-39
Votacao,521,554412-9
Votacao,522,555727-52
Votacao,523,555727-77
Votacao,524,555727-80
Votacao,525,271219-134
Votacao,526,332451-149
Votacao,527,332451-164
Votacao,528,343930-201
Votacao,529,377011-249
Votacao,530,412854-79
Votacao,531,412854-83
Votacao,532,412854-86
Votacao,533,412854-89
Votacao,534,412854-92
Votacao,535,412854-95
Votacao,536,483808-155
Votacao,537,483808-165
Votacao,538,522343-74
Votacao,539,527704-65
Votacao,540,538366-67
Votacao,541,54307-116
Votacao,542,54307-120
Votacao,543,54307-159
Votacao,544,553112-63
Votacao,545,553474-9
Votacao,546,556261-124
Votacao,547,556261-26
Votacao,548,556261-43
Votacao,549,556261-57
Votacao,550,556332-28
Votacao,551,556590-9
Votacao,552,559275-42
Votacao,553,559275-63
Votacao,554,559465-38
Votacao,555,559706-41
Votacao,556,562466-47
Votacao,557,562615-106
Votacao,558,562615-129
Votacao,559,562615-141
Votacao,560,562615-154
Votacao,561,562615-213
Votacao,562,562615-233
Votacao,563,562615-268
Votacao,564,562615-281
Votacao,565,562615-291
Votacao,566,562615-39
Votacao,567,562615-78
Votacao,568,562615-93
Votacao,569,564113-45
Votacao,570,564453-52
Votacao,571,564520-44
Votacao,572,564521-63
Votacao,573,564522-34
Votacao,574,564525-125
Votacao,575,564525-133
Votacao,576,564525-136
Votacao,577,564525-142
Votacao,578,564525-145
Votacao,579,566047-41
Votacao,580,566891-38
Votacao,581,566891-57
Votacao,582,566891-66
Votacao,583,568421-21
Votacao,584,568421-27
Votacao,585,568421-44
Votacao,586,568515-5
Votacao,587,571564-6
Votacao,588,573508-47
Votacao,589,573508-49
Votacao,590,573508-51
Votacao,591,580163-51
Votacao,592,580163-59
Votacao,593,580951-61
Votacao,594,581700-34
Votacao,595,581700-35
Votacao,596,582605-6
Votacao,597,584020-124
Votacao,598,584020-132
Votacao,599,584020-34
Votacao,600,584020-44
Votacao,601,584020-50
Votacao,602,584020-79
Votacao,603,584020-99
Votacao,604,584279-5
Votacao,605,586411-57
Votacao,606,590058-41
Votacao,607,592935-115
Votacao,608,592935-148
Votacao,609,592935-162
Votacao,610,592935-52
Votacao,611,592935-88
Votacao,612,593650-5
Votacao,613,599142-30
Votacao,614,599142-54
Votacao,615,599142-64
Votacao,616,599380-7
Votacao,617,604604-4
Votacao,618,302638-290
Votacao,619,302638-314
Votacao,620,304008-173
Votacao,621,43617-209
Votacao,622,490116-261
Votacao,623,552295-75
Votacao,624,559036-102
Votacao,625,559036-105
Votacao,626,559036-115
Votacao,627,559036-118
Votacao,628,559036-134
Votacao,629,564547-55
Votacao,630,586949-8
Votacao,631,600255-111
Votacao,632,600363-100
Votacao,633,600363-125
Votacao,634,600363-37
Votacao,635,600363-56
Votacao,636,600363-66
Votacao,637,602633-84
Votacao,638,602633-89
Votacao,639,602714-46
Votacao,640,605324-57
Votacao,641,605324-63
Votacao,642,605327-66
Votacao,643,605330-62
Votacao,644,605330-66
Votacao,645,605332-34
Votacao,646,605333-45
Votacao,647,606381-11
Votacao,648,606381-24
Votacao,649,606381-31
Votacao,650,609196-42
Votacao,651,609198-45
Votacao,652,615815-56
Votacao,653,615815-58
Votacao,654,617857-8
Votacao,655,619236-45
Votacao,656,620901-33
Votacao,657,623330-47
Votacao,658,1049075-6
Votacao,659,1050558-63
Votacao,660,1050643-102
Votacao,661,1050643-110
Votacao,662,1050643-113
Votacao,663,1050643-117
Votacao,664,1050643-121
Votacao,665,1050643-125
Votacao,666,1050643-91
Votacao,667,1050643-96
Votacao,668,1050643-99
Votacao,669,1050795-6
Votacao,670,1050835-5
Votacao,671,1050836-6
Votacao,672,1050840-6
Votacao,673,1050845-6
Votacao,674,1050847-25
Votacao,675,1050852-8
Votacao,676,1150196-33
Votacao,677,1150196-36
Votacao,678,1150196-42
Votacao,679,1150196-47
Votacao,680,1150196-50
Votacao,681,1150196-53
Votacao,682,1150196-59
Votacao,683,1194736-11
Votacao,684,1228940-8
Votacao,685,1280621-30
Votacao,686,1301437-10
Votacao,687,1306690-9
Votacao,688,14493-442
Votacao,689,14493-473
Votacao,690,14493-492
Votacao,691,14493-500
Votacao,692,14493-503
Votacao,693,14493-535
Votacao,694,14493-536
Votacao,695,1504953-45
Votacao,696,1504953-55
Votacao,697,1514014-82
Votacao,698,1514136-40
Votacao,699,1515648-51
Votacao,700,1515648-58
Votacao,701,1515648-62
Votacao,702,1515648-69
Votacao,703,1515648-96
Votacao,704,1515649-40
Votacao,705,1554118-8
Votacao,706,1555340-67
Votacao,707,1570705-17
Votacao,708,1570898-35
Votacao,709,1570899-40
Votacao,710,1579302-7
Votacao,711,1594437-36
Votacao,712,1594437-46
Votacao,713,1594437-53
Votacao,714,1594437-66
Votacao,715,1671673-41
Votacao,716,1671673-50
Votacao,717,1671859-8
Votacao,718,1672065-33
Votacao,719,1672065-44
Votacao,720,1672065-49
Votacao,721,1672065-56
Votacao,722,1672065-70
Votacao,723,1672065-73
Votacao,724,1673126-82
Votacao,725,1700884-110
Votacao,726,1700884-45
Votacao,727,1700884-49
Votacao,728,1700884-63
Votacao,729,1700884-69
Votacao,730,1715687-106
Votacao,731,1715687-142
Votacao,732,1715687-149
Votacao,733,1715687-69
Votacao,734,1715687-78
Votacao,735,1715687-84
Votacao,736,1715687-98
Votacao,737,1734344-6
Votacao,738,1744988-6
Votacao,739,18180-101
Votacao,740,18216-226
Votacao,741,19319-71
Votacao,742,19319-83
Votacao,743,19319-87
Votacao,744,2017337-38
Votacao,745,267841-168
Votacao,746,267841-185
Votacao,747,267841-205
Votacao,748,267841-230
Votacao,749,267841-238
Votacao,750,298878-273
Votacao,751,298878-276
Votacao,752,298878-277
Votacao,753,298878-324
Votacao,754,298878-340
Votacao,755,298878-343
Votacao,756,304008-194
Votacao,757,339407-302
Votacao,758,344866-190
Votacao,759,344866-192
Votacao,760,344866-198
Votacao,761,351362-117
Votacao,762,372066-92
Votacao,763,373327-129
Votacao,764,373327-136
Votacao,765,373327-143
Votacao,766,373327-157
Votacao,767,373327-170
Votacao,768,373327-174
Votacao,769,373327-179
Votacao,770,373327-190
Votacao,771,373327-203
Votacao,772,373327-211
Votacao,773,373327-219
Votacao,774,373327-233
Votacao,775,373327-237
Votacao,776,373327-245
Votacao,777,373327-253
Votacao,778,373327-276
Votacao,779,373327-278
Votacao,780,373327-281
Votacao,781,373327-299
Votacao,782,373327-325
Votacao,783,373327-331
Votacao,784,373327-347
Votacao,785,373327-357
Votacao,786,373327-364
Votacao,787,373327-387
Votacao,788,373327-396
Votacao,789,373327-401
Votacao,790,373327-403
Votacao,791,373327-414
Votacao,792,373327-425
Votacao,793,388449-116
Votacao,794,412728-125
Votacao,795,412728-75
Votacao,796,463155-291
Votacao,797,463155-332
Votacao,798,463155-334
Votacao,799,463155-339
Votacao,800,463155-361
Votacao,801,537900-80
Votacao,802,537900-91
Votacao,803,542838-61
Votacao,804,544681-102
Votacao,805,544681-126
Votacao,806,544681-132
Votacao,807,544681-92
Votacao,808,544681-95
Votacao,809,544724-78
Votacao,810,551712-136
Votacao,811,553947-121
Votacao,812,571550-7
Votacao,813,580148-122
Votacao,814,580148-127
Votacao,815,580148-137
Votacao,816,580148-154
Votacao,817,580148-161
Votacao,818,580148-196
Votacao,819,580148-271
Votacao,820,580148-280
Votacao,821,580148-288
Votacao,822,580148-296
Votacao,823,585608-77
Votacao,824,585608-83
Votacao,825,585608-87
Votacao,826,585608-88
Votacao,827,585608-93
Votacao,828,590796-11
Votacao,829,591830-63
Votacao,830,600023-80
Votacao,831,602633-96
Votacao,832,602633-99
Votacao,833,603566-123
Votacao,834,603566-135
Votacao,835,603566-143
Votacao,836,611193-15
Votacao,837,611966-90
Votacao,838,613662-53
Votacao,839,613662-62
Votacao,840,613662-65
Votacao,841,619150-144
Votacao,842,619150-157
Votacao,843,619150-93
Votacao,844,622072-47
Votacao,845,796341-61
Votacao,846,796341-95
Votacao,847,808898-33
Votacao,848,808898-52
Votacao,849,808898-59
Votacao,850,818166-6
Votacao,851,860923-38
Votacao,852,860923-54
Votacao,853,860923-62
Votacao,854,865929-105
Votacao,855,865929-45
Votacao,856,865929-52
Votacao,857,865929-59
Votacao,858,865929-62
Votacao,859,865929-69
Votacao,860,865929-73
Votacao,861,865929-80
Votacao,862,865929-88
Votacao,863,865929-92
Votacao,864,865929-98
Votacao,865,865930-103
Votacao,866,865930-106
Votacao,867,865930-109
Votacao,868,865930-111
Votacao,869,865930-117
Votacao,870,865930-120
Votacao,871,865930-42
Votacao,872,865930-56
Votacao,873,865930-67
Votacao,874,865930-80
Votacao,875,865930-84
Votacao,876,865930-86
Votacao,877,865930-92
Votacao,878,865930-95
Votacao,879,865930-98
Votacao,880,944251-83
Votacao,881,944494-100
Votacao,882,944494-110
Votacao,883,944494-33
Votacao,884,944494-54
Votacao,885,944494-58
Votacao,886,944494-60
Votacao,887,944494-63
Votacao,888,944494-66
Votacao,889,944494-87
Votacao,890,944494-91
Votacao,891,944494-92
Votacao,892,944494-98
Votacao,893,946620-50
Votacao,894,949149-47
Votacao,895,961716-6
Votacao,896,996537-6
Votacao,897,996553-34
Votacao,898,996553-39
Votacao,899,996553-43
Votacao,900,1063052-105
Votacao,901,1594910-125
Votacao,902,1712771-52
Votacao,903,1738686-32
Votacao,904,1738686-57
Votacao,905,1738686-63
Votacao,906,1806248-46
Votacao,907,1806249-55
Votacao,908,1806249-68
Votacao,909,1806553-38
Votacao,910,1806553-52
Votacao,911,1806553-70
Votacao,912,1806553-78
Votacao,913,1806553-81
Votacao,914,1806554-39
Votacao,915,1806554-87
Votacao,916,2018368-36
Votacao,917,2024766-31
Votacao,918,2024766-53
Votacao,919,2024766-72
Votacao,920,2058404-34
Votacao,921,2058404-42
Votacao,922,2075925-53
Votacao,923,2076237-48
Votacao,924,2076245-42
Votacao,925,2076245-54
Votacao,926,2076264-43
Votacao,927,2076811-15
Votacao,928,2077084-47
Votacao,929,2077084-59
Votacao,930,2078295-167
Votacao,931,2078295-173
Votacao,932,2078295-180
Votacao,933,2078295-211
Votacao,934,2078295-221
Votacao,935,2078295-224
Votacao,936,2078295-253
Votacao,937,2078502-37
Votacao,938,2078502-43
Votacao,939,2078502-56
Votacao,940,2078503-38
Votacao,941,2078503-90
Votacao,942,2080237-101
Votacao,943,2080237-111
Votacao,944,2080237-117
Votacao,945,2080237-124
Votacao,946,2080237-129
Votacao,947,2080237-142
Votacao,948,2080237-144
Votacao,949,2080237-177
Votacao,950,2080237-180
Votacao,951,2080237-186
Votacao,952,2080237-189
Votacao,953,2080237-192
Votacao,954,2080237-226
Votacao,955,2080237-233
Votacao,956,2080237-260
Votacao,957,2080604-358
Votacao,958,2080604-364
Votacao,959,2080604-367
Votacao,960,2080604-371
Votacao,961,2080604-374
Votacao,962,2080604-377
Votacao,963,2080604-380
Votacao,964,2080604-384
Votacao,965,2080604-387
Votacao,966,2080604-390
Votacao,967,2080604-393
Votacao,968,2080604-396
Votacao,969,2080604-399
Votacao,970,2080604-402
Votacao,971,2080919-76
Votacao,972,2080919-87
Votacao,973,2080937-6
Votacao,974,2080942-8
Votacao,975,2081484-6
Votacao,976,2081631-28
Votacao,977,2081729-12
Votacao,978,2081730-12
Votacao,979,2081879-12
Votacao,980,2082670-7
Votacao,981,2083149-6
Votacao,982,2083179-12
Votacao,983,2083180-12
Votacao,984,2083181-12
Votacao,985,2083183-7
Votacao,986,2084401-46
Votacao,987,2084401-59
Votacao,988,2084402-37
Votacao,989,2084402-66
Votacao,990,2086380-8
Votacao,991,2087005-10
Votacao,992,2088351-200
Votacao,993,2088351-203
Votacao,994,2088351-215
Votacao,995,2088351-220
Votacao,996,2088351-224
Votacao,997,2088351-226
Votacao,998,2088351-235
Votacao,999,2088351-253
Votacao,1000,2088351-256
Votacao,1001,2088351-260
Votacao,1002,2088351-265
Votacao,1003,2088351-268
Votacao,1004,2088351-271
Votacao,1005,2088351-274
Votacao,1006,2088351-278
Votacao,1007,2088351-298
Votacao,1008,2088351-303
Votacao,1009,2088351-310
Votacao,1010,2088351-313
Votacao,1011,2088351-316
Votacao,1012,2088351-320
Votacao,1013,2088351-324
Votacao,1014,2088351-329
Votacao,1015,2088351-330
Votacao,1016,2088351-333
Votacao,1017,2088351-336
Votacao,1018,2088351-339
Votacao,1019,2088351-342
Votacao,1020,2088351-345
Votacao,1021,2088351-348
Votacao,1022,2090241-6
Votacao,1023,2090722-6
Votacao,1024,2091283-8
Votacao,1025,2091284-8
Votacao,1026,2092382-35
Votacao,1027,2092382-40
Votacao,1028,2092382-69
Votacao,1029,2092382-78
Votacao,1030,2092382-82
Votacao,1031,2092382-87
Votacao,1032,2110829-59
Votacao,1033,2110829-65
Votacao,1034,2110829-68
Votacao,1035,2112064-56
Votacao,1036,2112064-71
Votacao,1037,2112490-105
Votacao,1038,2112490-107
Votacao,1039,2112490-118
Votacao,1040,2112490-124
Votacao,1041,2112490-44
Votacao,1042,2112490-59
Votacao,1043,2112490-66
Votacao,1044,2112490-92
Votacao,1045,2112490-95
Votacao,1046,2113486-8
Votacao,1047,2116257-9
Votacao,1048,340812-150
Votacao,1049,340812-158
Votacao,1050,340812-159
Votacao,1051,340812-162
Votacao,1052,340812-166
Votacao,1053,340812-174
Votacao,1054,340812-177
Votacao,1055,340812-180
Votacao,1056,340812-183
Votacao,1057,340812-186
Votacao,1058,340812-195
Votacao,1059,340812-203
Votacao,1060,340812-205
Votacao,1061,340812-208
Votacao,1062,552197-208
Votacao,1063,946734-145
Votacao,1064,946734-147
Votacao,1065,946734-153
Votacao,1066,946734-156
Votacao,1067,946734-175
Votacao,1068,946734-182
Votacao,1069,117975-129
Votacao,1070,117975-134
Votacao,1071,117975-155
Votacao,1072,117975-161
Votacao,1073,117975-180
Votacao,1074,117975-214
Votacao,1075,1203158-43
Votacao,1076,1203158-81
Votacao,1077,150629-195
Votacao,1078,150629-204
Votacao,1079,18467-129
Votacao,1080,2077499-15
Votacao,1081,2077691-20
Votacao,1082,20794-110
Votacao,1083,20794-121
Votacao,1084,20794-132
Votacao,1085,20794-133
Votacao,1086,20794-92
Votacao,1087,2080373-109
Votacao,1088,2080373-140
Votacao,1089,2080373-153
Votacao,1090,2080373-156
Votacao,1091,2088280-73
Votacao,1092,2088280-79
Votacao,1093,2091000-106
Votacao,1094,2091285-14
Votacao,1095,2093451-19
Votacao,1096,2112586-40
Votacao,1097,2112586-54
Votacao,1098,2116221-9
Votacao,1099,2116870-47
Votacao,1100,2118401-208
Votacao,1101,2118401-219
Votacao,1102,2118401-221
Votacao,1103,2118401-230
Votacao,1104,2118401-246
Votacao,1105,2118401-251
Votacao,1106,2118401-254
Votacao,1107,2118401-258
Votacao,1108,2118401-274
Votacao,1109,2118401-293
Votacao,1110,2118401-296
Votacao,1111,2118401-301
Votacao,1112,2118402-63
Votacao,1113,2118464-49
Votacao,1114,2118464-64
Votacao,1115,2118464-84
Votacao,1116,2120382-10
Votacao,1117,2121839-48
Votacao,1118,2121839-63
Votacao,1119,2121839-78
Votacao,1120,2121839-84
Votacao,1121,2121839-88
Votacao,1122,2121839-91
Votacao,1123,2121843-40
Votacao,1124,2121849-101
Votacao,1125,2121849-41
Votacao,1126,2121849-56
Votacao,1127,2121849-60
Votacao,1128,2121849-63
Votacao,1129,2121849-67
Votacao,1130,2121849-83
Votacao,1131,2122076-298
Votacao,1132,2122076-304
Votacao,1133,2122076-316
Votacao,1134,2122076-324
Votacao,1135,2122076-348
Votacao,1136,2122076-358
Votacao,1137,2122076-371
Votacao,1138,2122076-387
Votacao,1139,2122076-391
Votacao,1140,2122078-122
Votacao,1141,2122078-128
Votacao,1142,2122078-139
Votacao,1143,2122078-146
Votacao,1144,2122082-40
Votacao,1145,2122082-68
Votacao,1146,2122082-76
Votacao,1147,2122129-45
Votacao,1148,2123066-5
Votacao,1149,2123843-59
Votacao,1150,2123843-66
Votacao,1151,2123843-93
Votacao,1152,2124451-104
Votacao,1153,2124451-108
Votacao,1154,2124451-124
Votacao,1155,2124451-130
Votacao,1156,2124451-154
Votacao,1157,2124451-156
Votacao,1158,2124451-160
Votacao,1159,2124451-167
Votacao,1160,2124451-170
Votacao,1161,2124451-173
Votacao,1162,2124451-176
Votacao,1163,2124451-191
Votacao,1164,2124451-195
Votacao,1165,2124451-201
Votacao,1166,2124451-33
Votacao,1167,2124451-41
Votacao,1168,2124451-52
Votacao,1169,2124451-56
Votacao,1170,2124451-73
Votacao,1171,2124451-80
Votacao,1172,2124451-99
Votacao,1173,2124774-6
Votacao,1174,2125012-7
Votacao,1175,2125277-5
Votacao,1176,2127233-43
Votacao,1177,2127233-62
Votacao,1178,2127233-65
Votacao,1179,2127235-6
Votacao,1180,2127797-55
Votacao,1181,2127797-64
Votacao,1182,2127797-70
Votacao,1183,2127797-84
Votacao,1184,2127803-41
Votacao,1185,2127803-52
Votacao,1186,2127803-59
Votacao,1187,2127803-75
Votacao,1188,2127803-86
Votacao,1189,2128869-89
Votacao,1190,2129185-86
Votacao,1191,2129647-5
Votacao,1192,2129925-6
Votacao,1193,2132523-80
Votacao,1194,2132524-104
Votacao,1195,2132524-113
Votacao,1196,2132524-36
Votacao,1197,2132524-40
Votacao,1198,2132524-45
Votacao,1199,2132524-64
Votacao,1200,2132524-69
Votacao,1201,2132524-73
Votacao,1202,2132524-78
Votacao,1203,2137734-51
Votacao,1204,2138678-44
Votacao,1205,2138679-44
Votacao,1206,2138679-55
Votacao,1207,2138679-65
Votacao,1208,2138918-54
Votacao,1209,2139214-8
Votacao,1210,2139967-38
Votacao,1211,2139967-42
Votacao,1212,2139967-68
Votacao,1213,2139981-110
Votacao,1214,2139981-124
Votacao,1215,2139981-128
Votacao,1216,2139981-131
Votacao,1217,2139981-44
Votacao,1218,2139981-58
Votacao,1219,2139981-70
Votacao,1220,2139981-96
Votacao,1221,2141401-6
Votacao,1222,2143164-126
Votacao,1223,2144465-45
Votacao,1224,2144465-55
Votacao,1225,2144465-61
Votacao,1226,2144465-77
Votacao,1227,2145275-48
Votacao,1228,2145819-51
Votacao,1229,2145822-60
Votacao,1230,2148437-104
Votacao,1231,2148437-123
Votacao,1232,2148437-158
Votacao,1233,2148437-171
Votacao,1234,2148437-44
Votacao,1235,2148437-58
Votacao,1236,2148437-84
Votacao,1237,2151995-58
Votacao,1238,2151995-82
Votacao,1239,2153100-53
Votacao,1240,2153100-59
Votacao,1241,2153290-6
Votacao,1242,2153714-7
Votacao,1243,2156331-35
Votacao,1244,2156331-50
Votacao,1245,2156497-8
Votacao,1246,2162566-7
Votacao,1247,2163629-6
Votacao,1248,2164134-31
Votacao,1249,356194-158
Votacao,1250,537672-97
Votacao,1251,583317-15
Votacao,1252,611966-202
Votacao,1253,109150-238
Votacao,1254,1214970-100
Votacao,1255,1214970-60
Votacao,1256,15318-140
Votacao,1257,1594899-75
Votacao,1258,16713-178
Votacao,1259,2082293-61
Votacao,1260,2088280-111
Votacao,1261,2088280-114
Votacao,1262,2142691-14
Votacao,1263,2149372-22
Votacao,1264,2151922-57
Votacao,1265,2151922-66
Votacao,1266,2152544-73
Votacao,1267,2158425-105
Votacao,1268,2158425-108
Votacao,1269,2158425-111
Votacao,1270,2158425-120
Votacao,1271,2158425-147
Votacao,1272,2158425-154
Votacao,1273,2158425-38
Votacao,1274,2158425-41
Votacao,1275,2158425-52
Votacao,1276,2158425-62
Votacao,1277,2158425-87
Votacao,1278,2160639-11
Votacao,1279,2160860-118
Votacao,1280,2160860-131
Votacao,1281,2160860-52
Votacao,1282,2160860-55
Votacao,1283,2160860-58
Votacao,1284,2160860-65
Votacao,1285,2160860-84
Votacao,1286,2160860-93
Votacao,1287,2164234-101
Votacao,1288,2164234-103
Votacao,1289,2164234-106
Votacao,1290,2164234-109
Votacao,1291,2164234-113
Votacao,1292,2164234-77
Votacao,1293,2164234-81
Votacao,1294,2164596-9
Votacao,1295,2165578-43
Votacao,1296,2165578-55
Votacao,1297,2165578-61
Votacao,1298,2166092-33
Votacao,1299,2166260-19
Votacao,1300,2166464-52
Votacao,1301,2167507-100
Votacao,1302,2167507-112
Votacao,1303,2167507-125
Votacao,1304,2167507-49
Votacao,1305,2167507-52
Votacao,1306,2167507-55
Votacao,1307,2167507-65
Votacao,1308,2167507-76
Votacao,1309,2167507-81
Votacao,1310,2167507-87
Votacao,1311,2167938-18
Votacao,1312,2167938-21
Votacao,1313,2168064-12
Votacao,1314,2168064-15
Votacao,1315,2168064-19
Votacao,1316,2170483-6
Votacao,1317,2173096-10
Votacao,1318,2173759-7
Votacao,1319,2175597-7
Votacao,1320,2177118-7
Votacao,1321,2177451-109
Votacao,1322,2177451-123
Votacao,1323,2177451-126
Votacao,1324,2177451-129
Votacao,1325,2177451-131
Votacao,1326,2177451-57
Votacao,1327,2177451-73
Votacao,1328,2177451-75
Votacao,1329,2177451-78
Votacao,1330,2177451-83
Votacao,1331,2177451-86
Votacao,1332,2177451-90
Votacao,1333,2180608-7
Votacao,1334,2180710-5
Votacao,1335,2181260-40
Votacao,1336,2181260-53
Votacao,1337,2182065-64
Votacao,1338,2182065-70
Votacao,1339,2182535-20
Votacao,1340,2182535-22
Votacao,1341,2186530-6
Votacao,1342,2186777-31
Votacao,1343,2186777-35
Votacao,1344,2186805-6
Votacao,1345,2187020-9
Votacao,1346,2188690-32
Votacao,1347,542102-150
Votacao,1348,542102-160
Votacao,1349,542102-163
Votacao,1350,542102-169
Votacao,1351,16526-572
Votacao,1352,16526-580
Votacao,1353,16526-582
Votacao,1354,1672576-101
Votacao,1355,1672576-109
Votacao,1356,1672576-120
Votacao,1357,1672576-124
Votacao,1358,1672576-128
Votacao,1359,1672576-133
Votacao,1360,1672576-136
Votacao,1361,1672576-147
Votacao,1362,1672576-150
Votacao,1363,1672576-153
Votacao,1364,1672576-171
Votacao,1365,1672576-97
Votacao,1366,2082511-75
Votacao,1367,2083376-58
Votacao,1368,2147241-38
Votacao,1369,2147241-44
Votacao,1370,2147241-47
Votacao,1371,2147241-51
Votacao,1372,2147241-54
Votacao,1373,2147241-60
Votacao,1374,2147241-69
Votacao,1375,2158536-10
Votacao,1376,2158716-139
Votacao,1377,2160860-165
Votacao,1378,2160860-173
Votacao,1379,2160860-181
Votacao,1380,2160860-198
Votacao,1381,2160860-202
Votacao,1382,2165194-102
Votacao,1383,2165194-96
Votacao,1384,2166600-89
Votacao,1385,2179189-45
Votacao,1386,2179189-59
Votacao,1387,2186621-64
Votacao,1388,2187087-144
Votacao,1389,2187087-155
Votacao,1390,2187087-162
Votacao,1391,2187087-169
Votacao,1392,2187087-172
Votacao,1393,2187087-174
Votacao,1394,2187087-39
Votacao,1395,2187087-53
Votacao,1396,2187087-60
Votacao,1397,2187087-67
Votacao,1398,2188301-38
Votacao,1399,2188301-41
Votacao,1400,2188301-50
Votacao,1401,2189858-73
Votacao,1402,2190237-37
Votacao,1403,2190237-40
Votacao,1404,2190237-47
Votacao,1405,2190237-50
Votacao,1406,2190237-54
Votacao,1407,2190237-57
Votacao,1408,2190237-60
Votacao,1409,2190237-66
Votacao,1410,2190237-69
Votacao,1411,2190237-72
Votacao,1412,2190237-76
Votacao,1413,2190237-80
Votacao,1414,2190237-82
Votacao,1415,2190237-94
Votacao,1416,2190237-99
Votacao,1417,2190288-81
Votacao,1418,2190355-84
Votacao,1419,2190355-87
Votacao,1420,2190355-90
Votacao,1421,2190880-37
Votacao,1422,2192300-10
Votacao,1423,2192459-588
Votacao,1424,2192459-591
Votacao,1425,2192459-601
Votacao,1426,2192459-609
Votacao,1427,2192459-612
Votacao,1428,2192459-616
Votacao,1429,2192459-619
Votacao,1430,2192459-625
Votacao,1431,2192459-636
Votacao,1432,2192459-640
Votacao,1433,2192459-646
Votacao,1434,2192459-649
Votacao,1435,2192459-662
Votacao,1436,2192459-668
Votacao,1437,2192459-690
Votacao,1438,2192459-692
Votacao,1439,2192459-705
Votacao,1440,2192459-757
Votacao,1441,2192459-763
Votacao,1442,2192459-772
Votacao,1443,2192459-775
Votacao,1444,2192459-779
Votacao,1445,2192459-781
Votacao,1446,2192459-786
Votacao,1447,2192459-794
Votacao,1448,2193540-135
Votacao,1449,2193540-77
Votacao,1450,2194357-6
Votacao,1451,2194540-7
Votacao,1452,2199763-38
Votacao,1453,2199763-44
Votacao,1454,2199763-49
Votacao,1455,2199763-53
Votacao,1456,2199763-58
Votacao,1457,2199763-66
Votacao,1458,2199763-79
Votacao,1459,2200900-17
Votacao,1460,2201529-33
Votacao,1461,2201532-39
Votacao,1462,2203106-13
Votacao,1463,2204056-190
Votacao,1464,2207613-130
Votacao,1465,2207613-135
Votacao,1466,2207613-144
Votacao,1467,2207613-147
Votacao,1468,2207613-150
Votacao,1469,2207613-154
Votacao,1470,2207613-156
Votacao,1471,2207613-160
Votacao,1472,2207613-166
Votacao,1473,2207613-167
Votacao,1474,2207613-174
Votacao,1475,2207613-192
Votacao,1476,2207613-203
Votacao,1477,2207613-209
Votacao,1478,2207613-213
Votacao,1479,2208720-41
Votacao,1480,2208720-44
Votacao,1481,2208720-50
Votacao,1482,2208720-53
Votacao,1483,2208720-56
Votacao,1484,2208720-68
Votacao,1485,2209381-100
Votacao,1486,2209381-70
Votacao,1487,2209381-77
Votacao,1488,2209381-85
Votacao,1489,2209381-92
Votacao,1490,2209381-95
Votacao,1491,2209722-11
Votacao,1492,2210523-35
Votacao,1493,2210523-38
Votacao,1494,2210523-43
Votacao,1495,2210523-47
Votacao,1496,2210523-70
Votacao,1497,2212362-47
Votacao,1498,2212949-45
Votacao,1499,2213191-106
Votacao,1500,2213191-48
Votacao,1501,2213191-60
Votacao,1502,2213191-67
Votacao,1503,2213191-68
Votacao,1504,2214151-11
Votacao,1505,2214811-8
Votacao,1506,2215146-4
Votacao,1507,2215293-9
Votacao,1508,2215381-8
Votacao,1509,2216799-23
Votacao,1510,2216799-30
Votacao,1511,2216799-34
Votacao,1512,2216799-67
Votacao,1513,2216799-71
Votacao,1514,2218250-71
Votacao,1515,2219406-6
Votacao,1516,2219905-7
Votacao,1517,2222992-9
Votacao,1518,2224760-5
Votacao,1519,2227826-24
Votacao,1520,2227917-37
Votacao,1521,2227917-42
Votacao,1522,2228665-48
Votacao,1523,2229812-6
Votacao,1524,2229813-5
Votacao,1525,2230573-7
Votacao,1526,28692-121
Votacao,1527,2164132-54
Votacao,1528,2164132-60
Votacao,1529,2191205-43
Votacao,1530,2191205-54
Votacao,1531,2191205-76
Votacao,1532,2205645-113
Votacao,1533,2205645-121
Votacao,1534,2205645-60
Votacao,1535,2205645-74
Votacao,1536,2205645-77
Votacao,1537,2205645-82
Votacao,1538,2205645-92
Votacao,1539,2205645-99
Votacao,1540,2206203-119
Votacao,1541,2206203-138
Votacao,1542,2206203-146
Votacao,1543,2206203-165
Votacao,1544,2206203-171
Votacao,1545,2206203-177
Votacao,1546,2206203-197
Votacao,1547,2206203-220
Votacao,1548,2206203-223
Votacao,1549,2206395-51
Votacao,1550,2206395-55
Votacao,1551,2206395-58
Votacao,1552,2206395-99
Votacao,1553,2222884-57
Votacao,1554,2222884-62
Votacao,1555,2222884-88
Votacao,1556,2224067-44
Votacao,1557,2228978-53
Votacao,1558,2229308-40
Votacao,1559,2229308-44
Votacao,1560,2229308-50
Votacao,1561,2229308-53
Votacao,1562,2229308-55
Votacao,1563,2229308-56
Votacao,1564,2229308-64
Votacao,1565,2229308-65
Votacao,1566,2229308-70
Votacao,1567,2229308-89
Votacao,1568,2230248-6
Votacao,1569,2230815-65
Votacao,1570,2233488-33
Votacao,1571,2233718-10
Votacao,1572,2236213-24
Votacao,1573,2236213-50
Votacao,1574,2236261-46
Votacao,1575,2236261-56
Votacao,1576,2236326-19
Votacao,1577,2236858-34
Votacao,1578,2238112-32
Votacao,1579,2238112-46
Votacao,1580,2238112-59
Votacao,1581,2238112-62
Votacao,1582,2238112-71
Votacao,1583,2238112-81
Votacao,1584,2238112-82
Votacao,1585,2241642-76
Votacao,1586,2241642-91
Votacao,1587,2241660-73
Votacao,1588,2241660-77
Votacao,1589,2241662-109
Votacao,1590,2241662-131
Votacao,1591,2241662-37
Votacao,1592,2241662-46
Votacao,1593,2241662-66
Votacao,1594,2241662-72
Votacao,1595,2241662-76
Votacao,1596,2241662-77
Votacao,1597,2241662-79
Votacao,1598,2241662-81
Votacao,1599,2241662-90
Votacao,1600,2241662-93
Votacao,1601,2241662-98
Votacao,1602,2242000-151
Votacao,1603,2242000-83
Votacao,1604,2242140-63
Votacao,1605,2242140-72
Votacao,1606,2242140-81
Votacao,1607,2242282-7
Votacao,1608,2242322-7
Votacao,1609,2242344-15
Votacao,1610,2242413-59
Votacao,1611,2242413-81
Votacao,1612,2242488-56
Votacao,1613,2242583-25
Votacao,1614,2242583-46
Votacao,1615,2242618-52
Votacao,1616,2242618-79
Votacao,1617,2242621-7
Votacao,1618,2242821-110
Votacao,1619,2242821-129
Votacao,1620,2242868-76
Votacao,1621,2242887-109
Votacao,1622,2242887-152
Votacao,1623,2242887-57
Votacao,1624,2242887-64
Votacao,1625,2242887-82
Votacao,1626,2242887-95
Votacao,1627,2242888-105
Votacao,1628,2242888-38
Votacao,1629,2242888-48
Votacao,1630,2242888-56
Votacao,1631,2242888-60
Votacao,1632,2242888-66
Votacao,1633,2242888-67
Votacao,1634,2242888-71
Votacao,1635,2242888-78
Votacao,1636,2242888-95
Votacao,1637,2243108-76
Votacao,1638,2244243-105
Votacao,1639,2244243-71
Votacao,1640,2244773-6
Votacao,1641,2246357-57
Votacao,1642,2246359-31
Votacao,1643,2247459-6
Votacao,1644,2247980-114
Votacao,1645,2249891-32
Votacao,1646,2249891-47
Votacao,1647,2249891-52
Votacao,1648,2249891-58
Votacao,1649,2249891-60
Votacao,1650,2249891-64
Votacao,1651,2249891-73
Votacao,1652,2249891-78
Votacao,1653,2249946-31
Votacao,1654,2249946-37
Votacao,1655,2249946-43
Votacao,1656,2250300-35
Votacao,1657,2250300-52
Votacao,1658,2250977-41
Votacao,1659,2250977-44
Votacao,1660,2251191-45
Votacao,1661,2251392-38
Votacao,1662,2251392-41
Votacao,1663,2251392-44
Votacao,1664,2251392-46
Votacao,1665,2251392-52
Votacao,1666,2251392-53
Votacao,1667,2251392-79
Votacao,1668,2251392-82
Votacao,1669,2251392-90
Votacao,1670,2251392-91
Votacao,1671,2251493-6
Votacao,1672,2251922-8
Votacao,1673,2253356-65
Votacao,1674,2253431-33
Votacao,1675,2253458-7
Votacao,1676,2253471-47
Votacao,1677,2253778-117
Votacao,1678,2253778-59
Votacao,1679,2253778-63
Votacao,1680,2253778-67
Votacao,1681,2253778-69
Votacao,1682,2253778-79
Votacao,1683,2253778-93
Votacao,1684,2253827-32
Votacao,1685,2254253-67
Votacao,1686,2254441-9
Votacao,1687,2255096-29
Votacao,1688,2255096-53
Votacao,1689,2255237-7
Votacao,1690,2255363-59
Votacao,1691,2255363-71
Votacao,1692,2255387-65
Votacao,1693,2255387-98
Votacao,1694,2256130-22
Votacao,1695,2256130-37
Votacao,1696,2256130-56
Votacao,1697,2256542-32
Votacao,1698,2258717-9
Votacao,1699,2258907-9
Votacao,1700,2258964-78
Votacao,1701,2260433-108
Votacao,1702,2260433-124
Votacao,1703,2260433-167
Votacao,1704,2260433-176
Votacao,1705,2260433-194
Votacao,1706,2260433-198
Votacao,1707,2260433-92
Votacao,1708,2260433-96
Votacao,1709,2260971-110
Votacao,1710,2260971-117
Votacao,1711,2260971-130
Votacao,1712,2260971-149
Votacao,1713,2260971-85
Votacao,1714,2260971-98
Votacao,1715,2261121-104
Votacao,1716,2261121-110
Votacao,1717,2261121-114
Votacao,1718,2261121-172
Votacao,1719,2261121-82
Votacao,1720,2261121-88
Votacao,1721,2261121-90
Votacao,1722,2261121-99
Votacao,1723,2261939-107
Votacao,1724,2261939-113
Votacao,1725,2261939-31
Votacao,1726,2261939-42
Votacao,1727,2261939-48
Votacao,1728,2261939-52
Votacao,1729,2261939-55
Votacao,1730,2261939-58
Votacao,1731,2261939-62
Votacao,1732,2261939-72
Votacao,1733,2261939-76
Votacao,1734,2261939-80
Votacao,1735,2261939-85
Votacao,1736,2261939-89
Votacao,1737,2261939-94
Votacao,1738,2261939-99
Votacao,1739,2262099-33
Votacao,1740,2263410-69
Votacao,1741,2263410-70
Votacao,1742,2263410-74
Votacao,1743,2264837-9
Votacao,1744,2265295-39
Votacao,1745,2265295-61
Votacao,1746,2265295-72
Votacao,1747,2265440-8
Votacao,1748,2265505-38
Votacao,1749,2265599-15
Votacao,1750,2265603-43
Votacao,1751,2266253-8
Votacao,1752,2266304-9
Votacao,1753,2266321-8
Votacao,1754,2267660-10
Votacao,1755,593065-141
Votacao,1756,593065-172
Votacao,1757,593065-178
Votacao,1758,593065-189
Votacao,1759,946625-101
Votacao,1760,1301128-43
Votacao,1761,1555470-234
Votacao,1762,1594917-39
Votacao,1763,18156-127
Votacao,1764,18156-154
Votacao,1765,18156-156
Votacao,1766,2080470-78
Votacao,1767,2080470-86
Votacao,1768,2094936-23
Votacao,1769,2114626-17
Votacao,1770,2149785-72
Votacao,1771,2166595-59
Votacao,1772,2166595-61
Votacao,1773,2166595-65
Votacao,1774,2176886-79
Votacao,1775,2184326-98
Votacao,1776,2184458-106
Votacao,1777,2184458-111
Votacao,1778,2184458-115
Votacao,1779,2184458-161
Votacao,1780,2184458-169
Votacao,1781,2184458-172
Votacao,1782,2184458-184
Votacao,1783,2184458-92
Votacao,1784,2184973-58
Votacao,1785,2184973-65
Votacao,1786,2194646-123
Votacao,1787,2194646-126
Votacao,1788,2194646-130
Votacao,1789,2196355-66
Votacao,1790,2199215-101
Votacao,1791,2199215-104
Votacao,1792,2199215-107
Votacao,1793,2199215-112
Votacao,1794,2199215-162
Votacao,1795,2199215-59
Votacao,1796,2199215-68
Votacao,1797,2199215-82
Votacao,1798,2199215-85
Votacao,1799,2199215-94
Votacao,1800,2199215-97
Votacao,1801,2203957-126
Votacao,1802,2203957-157
Votacao,1803,2203957-163
Votacao,1804,2203957-166
Votacao,1805,2203957-170
Votacao,1806,2203957-177
Votacao,1807,2205645-179
Votacao,1808,2205645-183
Votacao,1809,2208771-83
Votacao,1810,2211506-10
Votacao,1811,2211629-12
Votacao,1812,2217142-68
Votacao,1813,2217142-73
Votacao,1814,2217142-86
Votacao,1815,2217142-88
Votacao,1816,2220292-211
Votacao,1817,2220292-218
Votacao,1818,2220292-229
Votacao,1819,2224067-81
Votacao,1820,2226269-18
Votacao,1821,2228151-134
Votacao,1822,2232067-10
Votacao,1823,2234001-59
Votacao,1824,2234001-65
Votacao,1825,2234001-68
Votacao,1826,2234001-69
Votacao,1827,2236340-105
Votacao,1828,2236340-109
Votacao,1829,2236340-116
Votacao,1830,2236340-80
Votacao,1831,2236340-89
Votacao,1832,2236607-77
Votacao,1833,2237876-103
Votacao,1834,2237876-107
Votacao,1835,2237876-113
Votacao,1836,2237876-116
Votacao,1837,2237876-119
Votacao,1838,2237876-120
Votacao,1839,2237876-99
Votacao,1840,2241695-100
Votacao,1841,2241695-65
Votacao,1842,2243079-81
Votacao,1843,2251961-45
Votacao,1844,2251961-48
Votacao,1845,2252589-40
Votacao,1846,2252589-46
Votacao,1847,2252589-56
Votacao,1848,2252589-59
Votacao,1849,2252589-68
Votacao,1850,2252589-70
Votacao,1851,2252589-79
Votacao,1852,2252589-90
Votacao,1853,2252649-63
Votacao,1854,2252939-100
Votacao,1855,2252939-107
Votacao,1856,2252939-76
Votacao,1857,2252939-96
Votacao,1858,2253137-15
Votacao,1859,2253453-10
Votacao,1860,2254287-56
Votacao,1861,2254287-63
Votacao,1862,2254287-66
Votacao,1863,2255149-49
Votacao,1864,2255149-75
Votacao,1865,2255149-80
Votacao,1866,2255149-83
Votacao,1867,2255149-89
Votacao,1868,2255149-92
Votacao,1869,2255149-94
Votacao,1870,2255149-97
Votacao,1871,2255199-44
Votacao,1872,2259474-8
Votacao,1873,2260433-305
Votacao,1874,2260433-312
Votacao,1875,2260433-329
Votacao,1876,2260433-338
Votacao,1877,2260444-10
Votacao,1878,2260458-52
Votacao,1879,2260781-10
Votacao,1880,2263290-53
Votacao,1881,2263719-67
Votacao,1882,2263719-89
Votacao,1883,2263719-93
Votacao,1884,2263846-8
Votacao,1885,2264253-10
Votacao,1886,2265124-102
Votacao,1887,2265124-107
Votacao,1888,2265124-34
Votacao,1889,2265124-39
Votacao,1890,2265124-52
Votacao,1891,2265124-54
Votacao,1892,2265124-64
Votacao,1893,2265124-68
Votacao,1894,2265124-70
Votacao,1895,2265124-74
Votacao,1896,2265124-85
Votacao,1897,2265124-91
Votacao,1898,2265124-96
Votacao,1899,2265603-59
Votacao,1900,2266115-55
Votacao,1901,2266116-68
Votacao,1902,2266116-73
Votacao,1903,2266116-83
Votacao,1904,2266116-87
Votacao,1905,2266146-42
Votacao,1906,2266921-7
Votacao,1907,2267621-36
Votacao,1908,2267621-58
Votacao,1909,2267685-143
Votacao,1910,2267685-149
Votacao,1911,2267685-154
Votacao,1912,2267685-158
Votacao,1913,2267685-33
Votacao,1914,2267685-38
Votacao,1915,2267685-46
Votacao,1916,2267685-56
Votacao,1917,2267685-64
Votacao,1918,2267686-106
Votacao,1919,2267686-112
Votacao,1920,2267686-117
Votacao,1921,2267686-119
Votacao,1922,2267686-123
Votacao,1923,2267686-126
Votacao,1924,2267686-129
Votacao,1925,2267686-131
Votacao,1926,2267686-44
Votacao,1927,2267686-52
Votacao,1928,2267745-104
Votacao,1929,2267745-52
Votacao,1930,2267745-65
Votacao,1931,2267745-68
Votacao,1932,2267745-74
Votacao,1933,2267745-89
Votacao,1934,2267745-94
Votacao,1935,2267745-99
Votacao,1936,2267811-124
Votacao,1937,2267811-28
Votacao,1938,2267811-35
Votacao,1939,2267811-46
Votacao,1940,2267811-50
Votacao,1941,2267811-51
Votacao,1942,2267811-54
Votacao,1943,2267811-58
Votacao,1944,2267811-61
Votacao,1945,2267811-64
Votacao,1946,2267811-73
Votacao,1947,2268029-104
Votacao,1948,2268069-50
Votacao,1949,2268069-69
Votacao,1950,2268069-73
Votacao,1951,2268414-39
Votacao,1952,2268414-55
Votacao,1953,2268416-39
Votacao,1954,2268417-30
Votacao,1955,2268417-35
Votacao,1956,2268417-49
Votacao,1957,2268417-57
Votacao,1958,2268417-63
Votacao,1959,2268417-71
Votacao,1960,2268417-80
Votacao,1961,2268619-48
Votacao,1962,2268884-83
Votacao,1963,2268884-94
Votacao,1964,2268936-53
Votacao,1965,2268936-61
Votacao,1966,2269481-8
Votacao,1967,2269485-45
Votacao,1968,2269485-69
Votacao,1969,2269710-9
Votacao,1970,2269911-44
Votacao,1971,2269911-51
Votacao,1972,2269911-54
Votacao,1973,2269911-61
Votacao,1974,2269911-64
Votacao,1975,2270100-31
Votacao,1976,2270100-37
Votacao,1977,2270100-51
Votacao,1978,2270100-53
Votacao,1979,2270117-9
Votacao,1980,2270163-9
Votacao,1981,2270433-32
Votacao,1982,2270577-9
Votacao,1983,2270789-103
Votacao,1984,2270789-106
Votacao,1985,2270789-144
Votacao,1986,2270789-150
Votacao,1987,2270789-157
Votacao,1988,2270789-169
Votacao,1989,2270789-170
Votacao,1990,2270789-176
Votacao,1991,2270789-179
Votacao,1992,2270789-187
Votacao,1993,2270789-191
Votacao,1994,2270789-194
Votacao,1995,2270789-41
Votacao,1996,2270789-48
Votacao,1997,2270789-61
Votacao,1998,2270789-62
Votacao,1999,2270789-64
Votacao,2000,2270789-65
Votacao,2001,2270789-68
Votacao,2002,2270789-71
Votacao,2003,2270789-73
Votacao,2004,2270789-76
Votacao,2005,2270789-85
Votacao,2006,2270789-91
Votacao,2007,2270800-21
Votacao,2008,2270800-26
Votacao,2009,2270800-34
Votacao,2010,2270800-40
Votacao,2011,2270800-53
Votacao,2012,2270800-61
Votacao,2013,2270800-62
Votacao,2014,2270800-68
Votacao,2015,2270800-71
Votacao,2016,2270894-103
Votacao,2017,2270894-111
Votacao,2018,2270894-117
Votacao,2019,2270894-120
Votacao,2020,2270894-123
Votacao,2021,2270894-129
Votacao,2022,2270894-139
Votacao,2023,2270894-143
Votacao,2024,2270894-148
Votacao,2025,2270894-75
Votacao,2026,2270894-81
Votacao,2027,2270894-93
Votacao,2028,2270894-96
Votacao,2029,2270902-28
Votacao,2030,2270902-33
Votacao,2031,2270902-44
Votacao,2032,2270902-50
Votacao,2033,2270902-97
Votacao,2034,2271124-108
Votacao,2035,2271124-111
Votacao,2036,2271124-117
Votacao,2037,2271124-123
Votacao,2038,2271124-27
Votacao,2039,2271124-34
Votacao,2040,2271124-43
Votacao,2041,2271124-46
Votacao,2042,2271124-50
Votacao,2043,2271124-59
Votacao,2044,2271124-76
Votacao,2045,2272137-108
Votacao,2046,2272137-114
Votacao,2047,2272137-123
Votacao,2048,2272137-144
Votacao,2049,2272137-172
Votacao,2050,2272137-196
Votacao,2051,2272137-215
Votacao,2052,2272137-218
Votacao,2053,2272137-224
Votacao,2054,2272137-28
Votacao,2055,2272137-36
Votacao,2056,2272137-49
Votacao,2057,2272137-60
Votacao,2058,2272137-76
Votacao,2059,2272137-89
Votacao,2060,2272137-99
Votacao,2061,2273453-40
Votacao,2062,2273453-49
Votacao,2063,2273453-62
Votacao,2064,2273453-64
Votacao,2065,2273453-69
Votacao,2066,2273453-79
Votacao,2067,2273453-83
Votacao,2068,2273570-9
Votacao,2069,2273736-9
Votacao,2070,2273738-9
Votacao,2071,2273740-9
Votacao,2072,2274204-101
Votacao,2073,2274204-110
Votacao,2074,2274204-137
Votacao,2075,2274204-149
Votacao,2076,2274204-151
Votacao,2077,2274204-155
Votacao,2078,2274204-47
Votacao,2079,2274204-57
Votacao,2080,2274204-67
Votacao,2081,2274204-81
Votacao,2082,2274204-85
Votacao,2083,2274204-88
Votacao,2084,2274204-97
Votacao,2085,2274464-8
Votacao,2086,2275192-9
Votacao,2087,2275255-63
Votacao,2088,2275255-67
Votacao,2089,2275355-10
Votacao,2090,2275537-102
Votacao,2091,2275537-117
Votacao,2092,2275537-122
Votacao,2093,2275537-128
Votacao,2094,2275537-86
Votacao,2095,2275537-95
Votacao,2096,2275723-79
Votacao,2097,2275840-125
Votacao,2098,2275840-89
Votacao,2099,2276120-16
Votacao,2100,2276475-67
Votacao,2101,2278141-8
Votacao,2102,2278161-34
Votacao,2103,2278161-51
Votacao,2104,2278161-55
Votacao,2105,2278161-58
Votacao,2106,2278599-8
Votacao,2107,2279258-8
Votacao,2108,2279513-102
Votacao,2109,2279513-118
Votacao,2110,2279513-126
Votacao,2111,2279513-129
Votacao,2112,2279513-37
Votacao,2113,2279513-42
Votacao,2114,2279513-56
Votacao,2115,2279513-64
Votacao,2116,2279513-75
Votacao,2117,2279545-9
Votacao,2118,2279744-42
Votacao,2119,2279744-49
Votacao,2120,2279744-54
Votacao,2121,2279744-57
Votacao,2122,2279938-9
Votacao,2123,2280241-26
Votacao,2124,2280241-44
Votacao,2125,2280241-52
Votacao,2126,2280241-60
Votacao,2127,2280241-66
Votacao,2128,2280394-9
Votacao,2129,2280928-62
Votacao,2130,2280928-69
Votacao,2131,2282258-7
Votacao,2132,2283064-28
Votacao,2133,2283064-54
Votacao,2134,2283436-57
Votacao,2135,2283436-67
Votacao,2136,2283678-32
Votacao,2137,2283678-40
Votacao,2138,2283678-47
Votacao,2139,2283678-55
Votacao,2140,2283678-56
Votacao,2141,2283678-59
Votacao,2142,2283678-61
Votacao,2143,2283740-12
Votacao,2144,2284912-20
Votacao,2145,2284931-73
Votacao,2146,2285694-50
Votacao,2147,2285694-55
Votacao,2148,2285694-58
Votacao,2149,2285889-103
Votacao,2150,2285889-126
Votacao,2151,2285889-60
Votacao,2152,2285889-72
Votacao,2153,2285889-88
Votacao,2154,2285889-91
Votacao,2155,2286125-7
Votacao,2156,2286932-7
Votacao,2157,2287055-9
Votacao,2158,2287066-9
Votacao,2159,2287293-9
Votacao,2160,2287390-7
Votacao,2161,2287777-8
Votacao,2162,2288387-63
Votacao,2163,2288387-76
Votacao,2164,2288387-93
Votacao,2165,2288387-95
Votacao,2166,2288389-103
Votacao,2167,2288389-105
Votacao,2168,2288389-107
Votacao,2169,2288389-110
Votacao,2170,2288389-113
Votacao,2171,2288389-115
Votacao,2172,2288389-122
Votacao,2173,2288389-132
Votacao,2174,2288389-146
Votacao,2175,2288389-160
Votacao,2176,2288389-53
Votacao,2177,2288389-68
Votacao,2178,2288389-78
Votacao,2179,2288389-88
Votacao,2180,2288389-91
Votacao,2181,2288389-92
Votacao,2182,2288389-98
Votacao,2183,2288734-8
Votacao,2184,2289616-31
Votacao,2185,2290114-13
Votacao,2186,2290774-17
Votacao,2187,2291794-43
Votacao,2188,2291794-46
Votacao,2189,2291794-51
Votacao,2190,2291794-54
Votacao,2191,2291794-57
Votacao,2192,2291898-53
Votacao,2193,2292163-122
Votacao,2194,2292163-125
Votacao,2195,2292163-130
Votacao,2196,2292163-137
Votacao,2197,2292163-139
Votacao,2198,2292163-142
Votacao,2199,2292163-151
Votacao,2200,2292163-154
Votacao,2201,2292163-182
Votacao,2202,2292163-29
Votacao,2203,2292163-35
Votacao,2204,2292163-66
Votacao,2205,2292163-72
Votacao,2206,2292163-81
Votacao,2207,2292163-88
Votacao,2208,2292163-92
Votacao,2209,2292163-98
Votacao,2210,2292191-9
Votacao,2211,2293229-61
Votacao,2212,2293230-44
Votacao,2213,2293428-48
Votacao,2214,2293428-71
Votacao,2215,2293428-80
Votacao,2216,2293428-83
Votacao,2217,2293449-169
Votacao,2218,2293449-174
Votacao,2219,2293449-176
Votacao,2220,2293449-191
Votacao,2221,2293449-215
Votacao,2222,2293449-237
Votacao,2223,2293449-241
Votacao,2224,2293709-40
Votacao,2225,2293709-45
Votacao,2226,2293709-51
Votacao,2227,2293710-37
Votacao,2228,2293712-45
Votacao,2229,2293978-5
Votacao,2230,2293985-5
Votacao,2231,2294020-68
Votacao,2232,2294020-71
Votacao,2233,2294403-10
Votacao,2234,2294651-25
Votacao,2235,2294651-33
Votacao,2236,2295975-8
Votacao,2237,2296277-8
Votacao,2238,2296768-8
Votacao,2239,2296827-14
Votacao,2240,2296914-11
Votacao,2241,2297227-10
Votacao,2242,2297494-8
Votacao,2243,2297579-49
Votacao,2244,2297579-53
Votacao,2245,2297579-56
Votacao,2246,2297849-7
Votacao,2247,2297870-6
Votacao,2248,2299545-8
Votacao,2249,2299647-11
Votacao,2250,2300944-10
Votacao,2251,2301371-72
Votacao,2252,2301371-78
Votacao,2253,2301425-16
Votacao,2254,2301425-20
Votacao,2255,2301914-8
Votacao,2256,2304142-11
Votacao,2257,2304142-8
Votacao,2258,2304326-37
Votacao,2259,2304733-7
Votacao,2260,2305189-27
Votacao,2261,2306101-7
Votacao,2262,2306440-6
Votacao,2263,2306916-8
Votacao,2264,2308028-9
Votacao,2265,2311542-20
Votacao,2266,2311542-25
Votacao,2267,2311542-30
Votacao,2268,2311542-31
Votacao,2269,2311542-41
Votacao,2270,2311542-62
Votacao,2271,2312447-5
Votacao,2272,257161-294
Votacao,2273,257161-303
Votacao,2274,257161-309
Votacao,2275,257161-323
Votacao,2276,257161-328
Votacao,2277,257161-331
Votacao,2278,257161-335
Votacao,2279,257161-337
Votacao,2280,257161-346
Votacao,2281,257161-358
Votacao,2282,257161-363
Votacao,2283,257161-367
Votacao,2284,257161-371
Votacao,2285,257161-380
Votacao,2286,257161-383
Votacao,2287,257161-386
Votacao,2288,298943-63
Votacao,2289,498347-156
Votacao,2290,531331-243
Votacao,2291,531331-249
Votacao,2292,531331-250
Votacao,2293,531331-317
Votacao,2294,531331-321
Votacao,2295,532363-24
Votacao,2296,532363-27
Votacao,2297,593065-252
Votacao,2298,593065-263
Votacao,2299,593065-267
Votacao,2300,593065-272
Votacao,2301,593065-277
Votacao,2302,593065-280
Votacao,2303,593065-285
Votacao,2304,593065-291
Votacao,2305,593065-305
Votacao,2306,105464-319
Votacao,2307,105464-326
Votacao,2308,1215346-65
Votacao,2309,1301482-127
Votacao,2310,15460-156
Votacao,2311,15460-165
Votacao,2312,15460-170
Votacao,2313,15460-176
Votacao,2314,15460-184
Votacao,2315,15460-200
Votacao,2316,1701050-124
Votacao,2317,1701050-140
Votacao,2318,1738814-86
Votacao,2319,1738814-99
Votacao,2320,2078693-87
Votacao,2321,2144995-99
Votacao,2322,2166877-79
Votacao,2323,2171314-10
Votacao,2324,2194899-100
Votacao,2325,2194899-103
Votacao,2326,2194899-116
Votacao,2327,2194899-137
Votacao,2328,2194899-91
Votacao,2329,2194899-96
Votacao,2330,2208682-147
Votacao,2331,2208682-151
Votacao,2332,2208682-162
Votacao,2333,2237876-159
Votacao,2334,2237876-171
Votacao,2335,2237876-177
Votacao,2336,2242238-17
Votacao,2337,2243079-117
Votacao,2338,2243079-126
Votacao,2339,2243079-131
Votacao,2340,2243079-156
Votacao,2341,2243079-161
Votacao,2342,2249925-110
Votacao,2343,2249925-113
Votacao,2344,2249925-120
Votacao,2345,2249925-153
Votacao,2346,2249925-158
Votacao,2347,2255199-60
Votacao,2348,2255199-68
Votacao,2349,2255199-78
Votacao,2350,2255199-80
Votacao,2351,2258716-15
Votacao,2352,2265631-118
Votacao,2353,2265631-123
Votacao,2354,2267065-45
Votacao,2355,2267065-55
Votacao,2356,2267065-67
Votacao,2357,2267065-75
Votacao,2358,2279127-75
Votacao,2359,2279127-94
Votacao,2360,2279744-84
Votacao,2361,2285889-176
Votacao,2362,2285889-187
Votacao,2363,2285889-192
Votacao,2364,2285889-195
Votacao,2365,2285889-198
Votacao,2366,2285889-201
Votacao,2367,2285889-205
Votacao,2368,2286806-66
Votacao,2369,2286806-71
Votacao,2370,2289980-49
Votacao,2371,2289980-54
Votacao,2372,2293703-113
Votacao,2373,2293703-117
Votacao,2374,2293703-120
Votacao,2375,2293703-138
Votacao,2376,2297552-15
Votacao,2377,2297579-86
Votacao,2378,2297579-87
Votacao,2379,2298445-40
Votacao,2380,2298445-68
Votacao,2381,2298445-71
Votacao,2382,2298445-74
Votacao,2383,2298445-77
Votacao,2384,2298445-81
Votacao,2385,2299480-8
Votacao,2386,2300880-76
Votacao,2387,2300880-79
Votacao,2388,2300880-88
Votacao,2389,2300880-91
Votacao,2390,2301088-67
Votacao,2391,2301088-74
Votacao,2392,2301321-31
Votacao,2393,2304353-65
Votacao,2394,2306112-59
Votacao,2395,2306112-69
Votacao,2396,2307548-42
Votacao,2397,2307548-61
Votacao,2398,2307548-67
Votacao,2399,2309053-109
Votacao,2400,2309053-68
Votacao,2401,2309053-77
Votacao,2402,2309053-90
Votacao,2403,2309053-94
Votacao,2404,2309053-98
Votacao,2405,2309349-122
Votacao,2406,2309349-146
Votacao,2407,2310025-37
Votacao,2408,2310025-56
Votacao,2409,2310615-84
Votacao,2410,2311299-78
Votacao,2411,2311300-33
Votacao,2412,2311300-57
Votacao,2413,2311300-60
Votacao,2414,2311300-63
Votacao,2415,2311300-69
Votacao,2416,2311300-86
Votacao,2417,2311300-88
Votacao,2418,2311300-91
Votacao,2419,2311733-9
Votacao,2420,2312673-9
Votacao,2421,2312874-9
Votacao,2422,2312948-113
Votacao,2423,2312948-116
Votacao,2424,2312948-43
Votacao,2425,2312948-57
Votacao,2426,2312948-71
Votacao,2427,2312948-77
Votacao,2428,2312948-80
Votacao,2429,2312948-83
Votacao,2430,2312948-89
Votacao,2431,2312948-92
Votacao,2432,2312948-93
Votacao,2433,2312948-96
Votacao,2434,2313170-43
Votacao,2435,2313545-40
Votacao,2436,2313545-43
Votacao,2437,2313729-44
Votacao,2438,2313729-60
Votacao,2439,2313729-71
Votacao,2440,2313734-116
Votacao,2441,2313734-120
Votacao,2442,2313734-37
Votacao,2443,2313734-42
Votacao,2444,2313734-59
Votacao,2445,2313734-62
Votacao,2446,2313734-73
Votacao,2447,2313735-50
Votacao,2448,2313735-55
Votacao,2449,2313735-56
Votacao,2450,2313736-46
Votacao,2451,2313736-54
Votacao,2452,2313738-33
Votacao,2453,2313738-41
Votacao,2454,2313739-33
Votacao,2455,2313739-36
Votacao,2456,2313740-101
Votacao,2457,2313740-51
Votacao,2458,2313740-53
Votacao,2459,2313740-63
Votacao,2460,2313740-96
Votacao,2461,2313740-97
Votacao,2462,2313781-39
Votacao,2463,2313781-47
Votacao,2464,2313781-63
Votacao,2465,2313781-70
Votacao,2466,2313781-71
Votacao,2467,2313781-74
Votacao,2468,2313781-82
Votacao,2469,2313781-85
Votacao,2470,2313781-88
Votacao,2471,2313781-91
Votacao,2472,2314199-8
Votacao,2473,2314217-10
Votacao,2474,2314387-8
Votacao,2475,2314499-30
Votacao,2476,2314499-37
Votacao,2477,2314499-44
Votacao,2478,2314499-49
Votacao,2479,2314544-27
Votacao,2480,2314934-40
Votacao,2481,2315020-6
Votacao,2482,2315172-9
Votacao,2483,2316624-66
Votacao,2484,2316624-73
Votacao,2485,2317406-8
Votacao,2486,2317563-59
Votacao,2487,2317563-65
Votacao,2488,2317563-75
Votacao,2489,2317563-78
Votacao,2490,2317563-82
Votacao,2491,2317563-97
Votacao,2492,2317622-39
Votacao,2493,2317648-74
Votacao,2494,2317648-86
Votacao,2495,2318022-32
Votacao,2496,2318022-44
Votacao,2497,2318022-49
Votacao,2498,2318165-12
Votacao,2499,2318277-41
Votacao,2500,2318277-43
Votacao,2501,2318277-48
Votacao,2502,2318277-55
Votacao,2503,2318280-42
Votacao,2504,2318583-10
Votacao,2505,2318583-7
Votacao,2506,2318736-49
Votacao,2507,2318736-54
Votacao,2508,2318736-67
Votacao,2509,2318736-71
Votacao,2510,2318736-74
Votacao,2511,2318736-77
Votacao,2512,2318736-79
Votacao,2513,2318736-85
Votacao,2514,2318737-36
Votacao,2515,2318737-41
Votacao,2516,2318737-46
Votacao,2517,2318737-50
Votacao,2518,2318737-51
Votacao,2519,2318737-53
Votacao,2520,2318737-57
Votacao,2521,2318737-60
Votacao,2522,2318737-63
Votacao,2523,2319129-49
Votacao,2524,2319129-51
Votacao,2525,2319129-57
Votacao,2526,2319129-70
Votacao,2527,2319129-71
Votacao,2528,2319129-76
Votacao,2529,2319129-81
Votacao,2530,2319129-85
Votacao,2531,2319256-63
Votacao,2532,2319485-10
Votacao,2533,2319485-7
Votacao,2534,2319511-13
Votacao,2535,2319532-14
Votacao,2536,2319794-7
Votacao,2537,2320266-57
Votacao,2538,2320266-59
Votacao,2539,2320266-66
Votacao,2540,2320266-74
Votacao,2541,2320333-7
Votacao,2542,2320686-11
Votacao,2543,2320799-49
Votacao,2544,2320799-54
Votacao,2545,2320799-57
Votacao,2546,2320799-62
Votacao,2547,2322436-12
Votacao,2548,2323322-44
Votacao,2549,2323322-46
Votacao,2550,2323322-49
Votacao,2551,2323617-56
Votacao,2552,2323667-9
Votacao,2553,2324900-47
Votacao,2554,2325355-13
Votacao,2555,2326278-38
Votacao,2556,2329218-126
Votacao,2557,2329218-133
Votacao,2558,2329218-135
Votacao,2559,2329218-151
Votacao,2560,2329218-177
Votacao,2561,2329218-182
Votacao,2562,2330227-38
Votacao,2563,2330227-41
Votacao,2564,2331427-40
Votacao,2565,2331427-45
Votacao,2566,2331627-7
Votacao,2567,2331627-9
Votacao,2568,2331629-6
Votacao,2569,2333803-50
Votacao,2570,2334043-27
Votacao,2571,2334043-40
Votacao,2572,2334043-43
Votacao,2573,2334043-45
Votacao,2574,2334043-50
Votacao,2575,2335844-30
Votacao,2576,2336484-34
Votacao,2577,2336484-47
Votacao,2578,2336698-8
Votacao,2579,2338971-8
Votacao,2580,2340532-29
Votacao,2581,2340532-46
Votacao,2582,2341582-8
Votacao,2583,2341956-8
Votacao,2584,2342213-7
Votacao,2585,2344790-8
Votacao,2586,2344792-8
Votacao,2587,2344795-8
Votacao,2588,2344796-8
Votacao,2589,2344799-8
Votacao,2590,2344800-7
Votacao,2591,2344801-8
Votacao,2592,2344802-8
Votacao,2593,2344803-8
Votacao,2594,2344804-8
Votacao,2595,26946-99
Votacao,2596,274765-173
Votacao,2597,274765-186
Votacao,2598,46249-294
Votacao,2599,46249-297
Votacao,2600,46249-316
Votacao,2601,46249-325
Votacao,2602,484645-141
Votacao,2603,484645-146
Votacao,2604,484645-149
Votacao,2605,484645-160
Votacao,2606,484645-180
Votacao,2607,484645-183
Votacao,2608,500843-155
Votacao,2609,500843-172
Votacao,2610,508965-135
Votacao,2611,508965-141
Votacao,2612,508965-143
Votacao,2613,508965-156
Votacao,2614,508965-161
Votacao,2615,508965-164
Votacao,2616,534328-155
Votacao,2617,534328-167
Votacao,2618,534328-174
Votacao,2619,534328-177
Votacao,2620,534328-184
Votacao,2621,534328-187
Votacao,2622,534328-190
Votacao,2623,534328-194
Votacao,2624,534328-200
Votacao,2625,534328-203
Votacao,2626,596844-116
Votacao,2627,609753-101
Votacao,2628,609753-109
Votacao,2629,622070-128
Votacao,2630,622828-9
Votacao,2631,945554-180
Votacao,2632,945554-186
Votacao,2633,1197773-90
Votacao,2634,1197773-99
Votacao,2635,1548579-109
Votacao,2636,1548579-114
Votacao,2637,1548579-122
Votacao,2638,1548579-126
Votacao,2639,1701755-60
Votacao,2640,2115253-104
Votacao,2641,2115253-111
Votacao,2642,2115253-116
Votacao,2643,2115253-118
Votacao,2644,2115253-156
Votacao,2645,2115253-167
Votacao,2646,2115253-172
Votacao,2647,2115253-175
Votacao,2648,2115253-183
Votacao,2649,2125189-161
Votacao,2650,2125189-174
Votacao,2651,2125189-176
Votacao,2652,2125189-180
Votacao,2653,2149303-50
Votacao,2654,2190084-79
Votacao,2655,2190084-93
Votacao,2656,2194442-74
Votacao,2657,2196833-307
Votacao,2658,2196833-323
Votacao,2659,2196833-326
Votacao,2660,2196833-328
Votacao,2661,2196833-373
Votacao,2662,2205254-76
Votacao,2663,2224999-104
Votacao,2664,2224999-107
Votacao,2665,2224999-67
Votacao,2666,2224999-77
Votacao,2667,2224999-88
Votacao,2668,2224999-96
Votacao,2669,2231632-102
Votacao,2670,2231632-97
Votacao,2671,2282142-9
Votacao,2672,2299903-53
Votacao,2673,2301683-33
Votacao,2674,2309053-157
Votacao,2675,2309053-167
Votacao,2676,2309053-173
Votacao,2677,2309053-174
Votacao,2678,2309053-176
Votacao,2679,2309053-179
Votacao,2680,2310837-8
Votacao,2681,2312373-128
Votacao,2682,2312373-140
Votacao,2683,2320643-8
Votacao,2684,2326749-8
Votacao,2685,2333929-40
Votacao,2686,2334279-38
Votacao,2687,2334279-57
Votacao,2688,2336393-59
Votacao,2689,2336393-61
Votacao,2690,2336393-64
Votacao,2691,2336393-67
Votacao,2692,2336833-9
Votacao,2693,2344909-65
Votacao,2694,2344938-71
Votacao,2695,2345140-8
Votacao,2696,2345368-50
Votacao,2697,2345368-56
Votacao,2698,2345368-78
Votacao,2699,2345378-38
Votacao,2700,2345468-38
Votacao,2701,2345484-39
Votacao,2702,2345484-83
Votacao,2703,2345493-31
Votacao,2704,2345493-35
Votacao,2705,2345493-38
Votacao,2706,2345493-41
Votacao,2707,2345493-50
Votacao,2708,2349947-42
Votacao,2709,2350586-63
Votacao,2710,2350586-73
Votacao,2711,2350706-6
Votacao,2712,2351179-51
Votacao,2713,2351332-7
Votacao,2714,2351990-37
Votacao,2715,2352500-11
Votacao,2716,2354502-8
Votacao,2717,2354899-8
Votacao,2718,2355135-39
Votacao,2719,2355135-49
Votacao,2720,2355510-35
Votacao,2721,2355510-53
Votacao,2722,2355627-8
Votacao,2723,2357053-105
Votacao,2724,2357053-108
Votacao,2725,2357053-110
Votacao,2726,2357053-119
Votacao,2727,2357053-122
Votacao,2728,2357053-30
Votacao,2729,2357053-38
Votacao,2730,2357053-47
Votacao,2731,2357053-50
Votacao,2732,2357053-70
Votacao,2733,2357055-29
Votacao,2734,2357639-9
Votacao,2735,2357871-9
Votacao,2736,2357898-11
Votacao,2737,2358527-8
Votacao,2738,2358915-39
Votacao,2739,2358915-53
Votacao,2740,2358915-67
Votacao,2741,2358922-21
Votacao,2742,2359135-28
Votacao,2743,2359287-7
Votacao,2744,2360062-8
Votacao,2745,2360503-27
Votacao,2746,2360503-35
Votacao,2747,2360503-45
Votacao,2748,2362137-8
Votacao,2749,2362190-9
Votacao,2750,2362292-8
Votacao,2751,2362567-18
Votacao,2752,2362947-9
Votacao,2753,2364109-35
Votacao,2754,2367595-12
Votacao,2755,2367600-30
Votacao,2756,2367600-35
Votacao,2757,2369594-8
Votacao,2758,2372071-26
Votacao,2759,2372071-41
Votacao,2760,2372099-6
Votacao,2761,2372983-7
Votacao,2762,2374400-101
Votacao,2763,2374400-106
Votacao,2764,2374400-110
Votacao,2765,2374400-121
Votacao,2766,2374400-46
Votacao,2767,2374400-58
Votacao,2768,2375497-8
Votacao,2769,2375501-8
Votacao,2770,2375543-9
Votacao,2771,2375630-8
Votacao,2772,2376169-40
Votacao,2773,2376169-46
Votacao,2774,2376169-55
Votacao,2775,2376169-62
Votacao,2776,2377273-8
Votacao,2777,2377566-12
Votacao,2778,2380451-7
Votacao,2779,2380935-9
Votacao,2780,2381043-35
Votacao,2781,2381043-45
Votacao,2782,2381043-60
Votacao,2783,2381043-63
Votacao,2784,2382611-10
Votacao,2785,2383287-23
Votacao,2786,2383287-30
Votacao,2787,2383287-41
Votacao,2788,2383287-43
Votacao,2789,2383287-47
Votacao,2790,2383287-50
Votacao,2791,2383287-53
Votacao,2792,2383287-61
Votacao,2793,2384692-21
Votacao,2794,2384692-27
Votacao,2795,2384692-31
Votacao,2796,2384692-33
Votacao,2797,2384692-35
Votacao,2798,2384692-38
Votacao,2799,2384692-43
Votacao,2800,2384692-45
Votacao,2801,2384692-49
Votacao,2802,2387035-44
Votacao,2803,2387035-55
Votacao,2804,2387066-100
Votacao,2805,2387066-101
Votacao,2806,2387066-44
Votacao,2807,2387066-55
Votacao,2808,2387066-63
Votacao,2809,2387066-70
Votacao,2810,2387066-78
Votacao,2811,2387066-80
Votacao,2812,2387066-84
Votacao,2813,2387066-89
Votacao,2814,2387066-94
Votacao,2815,2387067-33
Votacao,2816,2387264-8
Votacao,2817,2387266-8
Votacao,2818,2387579-19
Votacao,2819,2387579-27
Votacao,2820,2387579-35
Votacao,2821,2387579-37
Votacao,2822,2390639-8
Votacao,2823,2393997-9
Votacao,2824,2395883-53
Votacao,2825,2397925-16
Votacao,2826,2397925-25
Votacao,2827,2398741-64
Votacao,2828,2399396-7
Votacao,2829,2400068-20
Votacao,2830,2400068-23
Votacao,2831,2400115-8
Votacao,2832,2400118-7
Votacao,2833,2404958-8
Votacao,2834,2405312-8
Votacao,2835,2407521-8
Votacao,2836,2407960-8
Votacao,2837,2408125-7
Votacao,2838,2409076-34
Votacao,2839,2409114-8
Votacao,2840,2410517-10
Votacao,2841,2411730-8
Votacao,2842,2412712-8
Votacao,2843,2414224-6
Votacao,2844,2414600-8
Votacao,2845,259094-121
Votacao,2846,259094-125
Votacao,2847,259094-129
Votacao,2848,259094-134
Votacao,2849,259094-136
Votacao,2850,259094-181
Votacao,2851,259094-187
Votacao,2852,259094-190
Votacao,2853,345311-248
Votacao,2854,345311-257
Votacao,2855,345311-270
Votacao,2856,503670-99
Votacao,2857,575585-69
Votacao,2858,575585-92
