id,votante,alpha,dim_lat1,dim_lat2
0,Abelardo Lupion,0.0020643142,1.3744451,-4.0589223
1,Adauto Pereira,8.438843e-06,-3.0011702,-1.2464614
2,Adolfo Marinho,-2.7705537e-05,-0.030240115,-0.8960916
3,Affonso Camargo,0.0026798246,0.6069723,-2.0546172
4,Agnaldo Muniz,0.0009206535,-1.4703708,1.2670734
5,Agnelo Queiroz,2.610724e-06,-0.3164447,0.9847292
6,Airton Cascavel,-2.8566123e-05,-0.22919862,1.0378839
7,Airton Dipp,6.244972e-05,0.49273342,1.3914595
8,Airton Roveda,0.004510948,-2.581571,-1.9993238
9,Albérico Filho,-0.0056685857,-2.596425,-0.5841363
10,Alberto Fraga,-0.010553858,1.0702256,-1.8942971
11,Alceste Almeida,-0.020245576,-2.0105953,-0.70776844
12,Alceu Collares,-0.011024514,1.4249187,-0.9500239
13,Aldir Cabral,0.002477903,1.8950554,-4.3732452
14,Aldo Arantes,-0.011473592,0.0854189,0.39722082
15,Aldo Rebelo,0.016504837,-1.3943944,-0.7150281
16,Alex Canziani,-0.03248269,-1.6600428,-0.779648
17,Alexandre Cardoso,-0.0028198406,-3.076809,1.162705
18,Alexandre Santos,0.025116451,-1.3276153,-0.19455782
19,Almeida de Jesus,-0.009613065,0.102025956,-0.32637495
20,Almir Sá,0.0003810291,-2.6400404,-2.4597685
21,Ana Catarina,-2.3168754e-05,7.473682e-07,-0.4386953
22,Ana Corso,7.605721e-05,-0.80597657,-0.96810335
23,André Benassi,9.3382514e-05,-0.018887736,-1.6182488
24,Angela Guadagnin,0.0055462834,-1.4269975,-0.7521504
25,Aníbal Gomes,-0.27209923,-2.675719,-1.8731873
26,Anivaldo Vale,-0.006696405,0.9193354,-2.6091826
27,Antônio Carlos Konder Reis,-0.00013940179,-0.09801689,-1.49524
28,Antonio Carlos Mendes Thame,-0.21673936,0.9779488,-1.0049168
29,Antonio Carlos Pannunzio,-0.050013993,1.3178607,-2.2205305
30,Antonio Cruz,0.024963938,-0.37995207,-1.0378617
31,Antônio do Valle,-6.305813e-05,8.0029295e-06,-0.62691283
32,Antonio Joaquim Araújo,0.00025872787,-1.1805454,-0.4370646
33,Antônio Jorge,-1.4308047e-05,-0.013621097,-0.5432092
34,Antonio Kandir,-7.799911e-05,-0.6505102,-0.77616334
35,Ariston Andrade,0.00019912627,2.3332407e-06,-0.0006130596
36,Arlindo Chinaglia,-0.013308431,-2.718946,1.7338268
37,Armando Abílio,0.010938752,-3.1069362,0.9148427
38,Armando Monteiro,-0.14065273,-0.8548287,-1.9524986
39,Arnaldo Faria de Sá,0.06368084,2.0361936,2.0664175
40,Arnaldo Madeira,-0.5597595,0.8859975,-0.049955606
41,Arnon Bezerra,0.01581943,-3.2100465,-1.2504898
42,Arolde de Oliveira,-0.22830082,0.67469007,-1.9596407
43,Ary Kara,6.204731e-05,-0.5397756,-0.41543028
44,Asdrubal Bentes,0.00048482773,-3.019933,-2.1452594
45,Átila Lins,0.08965624,-2.4813483,-1.8544325
46,Átila Freitas Lira,0.0039377417,-0.52064544,-1.7764683
47,Augusto Farias,0.006099492,-0.011684916,-0.83666027
48,Augusto Nardes,6.295093e-05,-0.38284814,-0.24104603
49,Avenzoar Arruda,-9.0047964e-05,9.922637e-06,-4.5173765e-06
50,B. Sá,-1.060317e-05,-4.888916,-1.3700159
51,Babá,-0.38009757,1.7899742,-1.181577
52,Sebastião Barbosa Neto,-0.006193032,-3.0411546,-0.84467524
53,Basílio Villani,-0.00014933145,-0.388484,-0.6380129
54,Benito Gama,-0.01680473,0.8962268,-3.4353762
55,Carlos Rodrigues,0.023865346,-2.5708785,0.08783518
56,Wanderval Santos,-0.000843825,-2.101685,-0.15069212
57,Cabo Júlio,-0.0021566383,-1.0147673,0.27259487
58,Candinho Mattos,9.325022e-06,-0.06259372,-1.5999198
59,Carlito Merss,-0.00023932251,-6.540954,-1.4520023
60,Carlos Batata,0.017902104,1.1464926,-0.43688843
61,Carlos Dunga,-0.017156005,-2.834231,-1.3564807
62,Carlos Mosconi,0.00023055839,-0.03509186,-1.4089056
63,Carlos Nader,0.003069405,-1.6340997,-0.47757447
64,Carlos Santana,-0.006361451,-1.7729787,0.4825241
65,Celcita Pinheiro,-0.0065235053,-1.2176647,-0.7485275
66,César Bandeira,-0.0030414658,-4.657684,0.80078804
67,Cezar Schirmer,-0.015635194,0.9729787,0.76560587
68,Chico da Princesa,0.021137968,-3.6419923,-1.9317054
69,Chico Sardelli,-0.011242474,-2.9277794,-0.6251591
70,Chiquinho Feitosa,0.0001723653,7.248241e-07,-3.267953e-05
71,Clementino Coelho,4.55795e-05,-0.0839135,-0.0069757206
72,Cleuber Carneiro,0.0012624955,-2.677623,-0.17600438
73,Confúcio Moura,0.0001631662,-2.854953,-1.978204
74,Corauci Sobrinho,-0.15387338,-0.12700112,-0.26957282
75,Costa Ferreira,0.0005075369,-1.2168595,-0.6868229
76,Cunha Bueno,2.1055006e-05,1.6519358e-05,1.2091278
77,Custódio Mattos,0.0006155111,0.63166356,-2.3483446
78,Damião Feliciano,-0.04370816,-0.58792996,0.68557596
79,Danilo de Castro,4.3029417e-05,-0.017414061,-1.1169338
80,Darcísio Perondi,0.017705021,0.6922127,-0.17368007
81,De Velasco,-9.3509276e-05,-2.795055,0.05882227
82,Delfim Netto,-0.0101853935,-1.1225111,0.6644359
83,Deusdeth Pantoja,0.00013637172,-0.0018640659,-0.8686918
84,Dilceu Sperafico,-0.028320078,-3.2246997,-2.8795602
85,Dino Fernandes,-6.093636e-06,2.7796294e-05,-1.1179855
86,Divaldo Suruagy,0.00017761161,-3.8167218e-07,-0.7726657
87,Djalma Paes,3.3815715e-05,0.079357274,1.390871
88,Dolores Nunes,-4.738236e-05,-5.6388963e-06,-0.3926949
89,Domiciano Cabral,-0.002088936,-0.505615,-1.3112156
90,Dr. Benedito Dias,-0.025023894,0.026809666,0.4587519
91,Dr. Gomes,-4.1045205e-05,-5.2370662e-05,-0.018828886
92,Dr. Heleno,0.015346732,-0.6301319,-1.2357806
93,Dr. Hélio,-0.0069950474,0.00036383158,0.06932187
94,Dr. Rosinha,-0.07804958,-1.0947083,2.3341687
95,Duilio Pisaneschi,5.597142e-05,3.0699644e-05,-1.0537665
96,Eber Silva,1.2485044e-05,0.010706629,-1.2245517
97,Edinho Bez,0.074872315,-2.3298836,-0.6907856
98,Edir Oliveira,-1.2312708e-05,-4.338899,-0.66896445
99,Edison Andrino,-0.006095418,0.13335416,0.19331522
100,Edmar Moreira,0.001565178,-0.5614751,0.22775161
101,Edmundo Galdino,0.00014885137,-0.9443063,-0.45884717
102,Eduardo Barbosa,0.20147952,-0.03028367,-0.017631676
103,Eduardo Campos,0.0028833435,-2.8965175,0.7547842
104,Eduardo Seabra,0.0053432216,-0.6541786,-0.015589644
105,Elcione Barbalho,-0.005675989,-1.204001,0.10217843
106,Elias Murad,0.00036911515,-0.022084482,-0.52219445
107,Eliseu Moura,0.010453877,-0.69525295,0.85349363
108,Emerson Kapaz,-3.426274e-06,-1.7898012,0.68147635
109,Enio Bacci,-0.12720387,-0.012865758,-0.1216878
110,Esther Grossi,-1.4435398e-05,-0.88984936,-0.9830484
111,Eujácio Simões,-0.00023785439,0.0003810783,-0.0011734389
112,Euler Morais,-3.5286826e-05,-0.023200233,1.1416479
113,Euler Ribeiro,0.0002350274,-0.0058284174,-0.006953389
114,Eunício Oliveira,0.020054972,-1.7955172,-0.49596766
115,Eurico Miranda,2.4663852e-05,0.8251006,0.11841173
116,Eurípedes Miranda,-6.264172e-07,0.9290922,1.7057633
117,Evandro Milhomen,0.08849029,-0.15040888,0.36915815
118,Expedito Júnior,-6.2300656e-05,1.3084525e-05,-0.7145535
119,Ezidio Pinheiro,-5.8673133e-05,-0.14609836,-2.1332892e-07
120,Félix Mendonça,-0.0026536393,0.586969,-0.018742537
121,Fernando Coruja,-0.021582587,-0.40191096,-1.3735086
122,Fernando Diniz,-0.000107281245,-2.1388216,-1.314941
123,Fernando Ferro,-0.0005712779,-2.0207472,0.6471316
124,Fernando Gabeira,-0.044852003,1.1872195,-0.9224814
125,Fernando Gonçalves,0.0017033584,-2.0737715,-0.20193446
126,Fernando Zuppo,-1.8647324e-05,1.1735626e-06,0.8231169
127,Fetter Junior,-4.7343434e-05,-0.3779577,-0.71703094
128,Fioravante,0.00010358264,-0.79709315,-0.992337
129,Flávio Arns,-5.3426666e-05,-1.7156913,0.7666404
130,Francisco Coelho,0.00018741595,-1.8470771e-05,-0.48959053
131,Francisco Garcia,-0.0050798394,-1.9896686,-1.3024538
132,Francistônio Pinto,1.6425165e-05,-1.2372993e-06,-0.5306594
133,Freire Júnior,-0.0017283501,1.7693602,-0.07075382
134,Gastão Vieira,-0.003787357,0.422144,-0.56022346
135,Geddel Vieira Lima,-0.44054678,2.625824,-0.06257679
136,Geovan Freitas,-0.01514608,0.37021548,2.3020375
137,Geraldo Magela,-0.0316287,-0.07634395,-0.3024042
138,Germano Rigotto,8.231855e-06,-0.007966663,1.1609263
139,Gerson Peres,-0.02004816,-0.2137239,-1.1209486
140,Gilberto Kassab,0.00031601035,1.1113235,-3.2081869
141,Gilmar Machado,-0.018534163,-1.917149,1.2384157
142,Giovanni Queiroz,-0.003147156,-0.036399752,-1.3986828
143,Givaldo Carimbão,0.07721088,-1.3336346,1.929262
144,Glycon Terra Pinto,-1.3999932e-05,-8.447345e-06,2.2495453e-05
145,Gustavo Fruet,0.028778614,-0.15791799,0.7876313
146,Haroldo Lima,-2.5269022e-05,0.018194148,0.24976918
147,Helenildo Ribeiro,-0.007644164,1.7492671,-4.0642343
148,Hélio Calixto Costa,1.1137613e-06,-0.56791055,0.9945336
149,Henrique Eduardo Alves,0.37563485,-0.9745815,0.17497626
150,Henrique Fontana,-0.30429444,-3.0306308,2.2697072
151,Hermes Parcianello,0.12414945,-0.5745793,0.29442805
152,Hugo Biehl,0.000416314,-0.019148292,-1.7521036
153,Iara Bernardi,0.0009962734,-0.78878206,0.6960806
154,Iberê Ferreira,0.0020641994,-2.241631,-1.0476568
155,Ibrahim Abi-Ackel,0.00011374928,-5.4534264,-1.3828403
156,Iédio Rosa,4.3387307e-05,0.00024318254,-0.67408216
157,Igor Avelino,0.00015500846,-1.9451345e-06,-0.47546384
158,Ildefonço Cordeiro,-1.517434e-05,1.7693719e-06,-0.55391294
159,Inácio Arruda,0.0030164744,-1.1934239,0.5863821
160,Inaldo Leitão,0.0104147345,-1.6873649,-0.56005764
161,Inocêncio Oliveira,-0.013947424,-1.2331983,-0.5857026
162,Itamar Serpa,-0.0026205482,1.2106822,-1.7997684
163,Ivan Paixão,0.014542677,-1.3788228,0.11568243
164,Jaime Fernandes,-4.7605514e-05,-0.007053695,-0.9478394
165,Jaime Martins,-0.051634926,-1.5639437,-0.10106336
166,Jair Bolsonaro,0.087518364,2.71776,0.47580582
167,Jair Meneguelli,8.257344e-05,-0.7787645,-0.87098384
168,Jairo Carneiro,0.003119115,-1.0627977,-1.0332996
169,Jaques Wagner,-4.5703873e-06,-0.0016536375,2.1317426e-05
170,João Almeida,-0.35992053,1.639256,-3.000822
171,João Caldas,-0.0022802078,-5.503414,0.18393733
172,João Castelo,-4.5687786e-05,1.8428946,-4.133416
173,João Colaço,2.2904738e-05,-2.166219e-06,-1.7943182
174,João Coser,2.8316186e-05,-0.6736729,-0.96640915
175,João Eduardo Dado,-0.0027026883,-0.31441894,0.29421675
176,João Grandão,-2.852051e-05,-0.66370845,-0.14378777
177,João Henrique,-8.9076086e-05,-2.5786929e-05,-0.3940603
178,João Herrmann Neto,-0.0070442297,-0.27663103,-0.38621435
179,João Leão,-0.10534164,-1.9145031,0.8174512
180,João Magalhães,0.05411329,-1.249219,-0.70664805
181,João Magno,-3.5627876e-05,-3.41834,0.1495401
182,João Matos,0.09198004,-1.5292674,0.9705472
183,João Mendes,-9.3539435e-05,-0.0061587836,-1.4148368
184,João Pizzolatti,0.00061657716,-2.633054,-0.17337574
185,João Sampaio,-3.150732e-05,1.1330184,1.4532924
186,João Tota,-0.016225267,-2.1285129,-1.2157475
187,Joaquim Francisco,-0.00014085874,-0.089615226,-1.4201701
188,Joel de Hollanda,-0.010749336,-0.0019583974,-2.5453062
189,Jorge Alberto,-4.7828464e-05,-2.2327564,-0.9699703
190,Jorge Bittar,0.0040981276,-2.7344327,1.5425476
191,Jorge Khoury,0.0014924054,1.3816843,-2.9201999
192,Jorge Pinheiro,4.2080792e-05,-3.5981266,-1.335774
193,Jorge Tadeu Mudalen,0.012773855,0.87167615,-3.3577535
194,Jorge Wilson,4.5105604e-05,7.64466e-05,-0.6485504
195,José Antonio Almeida,2.8728551e-05,-0.0065461653,0.5382145
196,José Borba,-5.1624957e-06,-3.9769442,-1.0377784
197,José Carlos Elias,-4.7983558e-05,-4.0945926,-0.69502926
198,José Carlos Fonseca Jr.,-9.8951416e-05,-0.3213671,-0.37383837
199,José Carlos Martinez,-3.952461e-05,-2.9448657,0.90526384
200,José Chaves,0.2680405,-1.8040223,-1.4856436
201,José Dirceu,-0.00017424555,-2.2428193,-0.23280263
202,José Egydio,-4.94688e-06,2.3665729e-05,-9.0362955e-05
203,José Genoíno,0.0023693058,-1.2023426,0.9314238
204,José Janene,-4.6290315e-05,-5.200915,0.2928371
205,José Linhares,0.018200412,-0.5406784,-0.95055574
206,José Lourenço,-4.7230416e-05,4.767165e-05,-0.7581344
207,José Mendonça Bezerra,-0.0025335418,0.5472078,-1.192099
208,José Militão,8.0691185e-05,-1.3110533,-1.2308275
209,José Pimentel,-0.034183268,-0.696333,-1.3210928
210,José Priante,-0.017762724,-2.7680368,-1.5852592
211,José Roberto Batochio,8.724772e-06,0.04029934,1.365321
212,José Rocha,-0.11995899,-1.3488435,-2.2081573
213,José Teles,7.578256e-05,-0.013944493,-1.4225492
214,Josué Bengtson,0.028139148,-0.99946916,-1.4333167
215,Jovair Arantes,0.008037931,-2.3365297,-1.862949
216,Júlio Redecker,0.001411214,0.22186156,-2.4079864
217,Julio Semeghini,0.001487271,-0.05297311,-3.0799565
218,Juquinha,1.4288427e-05,1.2788654e-05,-0.37535453
219,Jurandil Juarez,-0.0037710825,-1.7311934,0.28274193
220,Jutahy Junior,-0.15267503,0.943363,-1.5287168
221,Kátia Abreu,0.0036643068,2.2679083,-2.343475
222,Kincas Mattos,5.0098697e-06,-0.012727156,0.094155915
223,Lael Varella,-0.37918857,-4.3576345,0.5927675
224,Laíre Rosado,4.372235e-05,2.7092083e-05,-0.69316554
225,Laura Carneiro,0.013726868,-0.7818879,0.36390027
226,Lavoisier Maia,9.527329e-06,-3.150264,-0.5318927
227,Léo Alcântara,0.025888583,-0.3929258,-3.1129985
228,Lidia Quinan,-2.950758e-05,-7.1931026e-07,-0.38087067
229,Lincoln Portela,-0.15289283,0.1100294,0.6041808
230,Luci Choinacki,-0.00149973,-1.8077531,1.2759079
231,Lúcia Vânia,-0.00016675693,-0.0034956709,-1.2222384
232,Luciano Bivar,0.30153182,-0.35150737,-0.28056765
233,Luciano Castro,-0.0063812654,-0.9596928,-0.05516674
234,Luciano Pizzatto,0.013003126,-0.08652082,-2.235469
235,Luciano Zica,-0.009065058,-1.3240587,0.033259742
236,Luis Barbosa,0.00018854583,-0.0196255,-0.9846559
237,Luisinho,-6.540321e-06,-0.45388195,-0.70867693
238,Luiz Alberto,-0.000299267,-0.01633998,1.4584869
239,Luiz Antonio Fleury,0.047991205,-3.0981271,0.09173249
240,Luiz Bittencourt,-0.015238528,-1.412698,-0.7927153
241,Luiz Carlos Hauly,-0.11432552,0.48822767,-0.69005924
242,Luiz Dantas,-0.019870132,-2.2138534,-0.8611716
243,Luiz Eduardo Greenhalgh,0.00016013393,-4.666567,-1.1415766
244,Dr. Luiz Fernando,0.0049261055,-0.28363127,-2.2572103
245,Luiz Moreira,-0.000110604844,-0.010143378,-0.75731647
246,Luiz Piauhylino,0.02594679,0.012975948,-2.7901583
247,Luiz Ribeiro,-5.6404555e-05,-0.028154492,-1.5533777
248,Luiz Sérgio,0.40446097,-1.650176,0.410038
249,Luiza Erundina,-0.2995323,0.2370949,0.944296
250,Magno Malta,3.400029e-05,-3.1816448e-06,1.043434
251,Manoel Salviano,0.09768439,-0.8787946,-1.7619432
252,Manoel Vitório,-2.8208888e-06,-0.5464134,-0.79409504
253,Marçal Filho,-0.0009524187,-0.85563767,-2.3890803
254,Marcelo Barbieri,0.00031088755,-1.3475125,1.0738189
255,Marcelo Teixeira,0.0017573554,-0.6503539,-2.0010262
256,Márcio Bittar,0.00017521754,1.1347175,-1.8125075
257,Márcio Fortes,-0.00042060914,0.8803588,-1.876998
258,Márcio Matos,3.274233e-05,0.013289476,-1.6385014
259,Márcio Reinaldo Moreira,-0.10671932,-1.1092614,-0.32236338
260,Marcos Cintra,0.00011375926,-0.011485363,-0.023245832
261,Marcos de Jesus,-0.011962114,-0.5460318,0.007709127
262,Marcos Lima,-0.013962359,-3.4105692,-0.48763657
263,Marcos Rolim,-3.9763923e-05,-0.119382046,-0.06793633
264,Marcus Vicente,-0.010482597,-0.87079394,-1.1974447
265,Maria do Carmo Lara,0.0029032268,-4.0025334,0.6092197
266,Marinha Raupp,-0.011459882,-1.5617822,-0.8752811
267,Mário Assad Júnior,0.0057797465,-2.2071652,0.5450214
268,Mário de Oliveira,-0.00887052,-1.790098,-1.4827223
269,Mário Negromonte,-0.006662182,-3.5003006,-1.0140557
270,Marisa Serrano,0.000102506616,-5.4381064e-05,-1.5423279
271,Maurilio Ferreira Lima,-0.00022609439,-6.191843e-05,-0.83751255
272,Mauro Benevides,0.10734085,-2.597385,-2.7362738
273,Mauro Fecury,-0.00012494624,4.142323e-05,-0.49657106
274,Mauro Lopes,0.014612084,-1.9951437,-1.19713
275,Max Mauro,0.003739982,0.14197578,1.9696556
276,Max Rosenmann,0.009097611,0.03935027,-1.1062164
277,Medeiros,-0.005174356,-1.8921684,1.5517281
278,Mendes Ribeiro Filho,0.016387742,0.58803856,1.1245182
279,Milton Barbosa,0.0033382135,-0.4773463,-2.5084615
280,Milton Monti,-0.027616266,-4.4337144,-1.9003202
281,Milton Temer,-4.695181e-06,-0.20124757,-0.4274922
282,Miriam Reid,-2.6539694e-05,0.78754014,0.46129596
283,Miro Teixeira,-0.11666124,0.7105978,0.49853992
284,Moacir Micheletto,-0.016201377,-2.3913665,-1.9654037
285,Moreira Ferreira,-5.0299655e-05,-0.51048076,-0.44857013
286,Moroni Torgan,-0.054747358,1.138584,0.37328163
287,Murilo Domingos,4.914946e-05,-1.1230436e-05,-0.5473154
288,Nair Xavier Lobo,1.336501e-05,1.5635433e-06,-1.751459e-05
289,Narcio Rodrigues,0.008127861,0.48278958,-2.8481007
290,Neiva Moreira,0.0029843713,1.5144101,-0.53136754
291,Nelo Rodolfo,-5.9430153e-05,-0.0043520667,-1.4501046
292,Nelson Meurer,-0.044675753,-6.5384016,-1.1684985
293,Nelson Otoch,-9.451939e-05,-0.0041307183,-1.5256896
294,Nelson Pellegrino,0.0064459294,-1.8263737,0.06183682
295,Nelson Proença,0.0010148408,-0.8235517,-1.445924
296,Nelson Trad,-0.022969661,0.70934707,0.56852114
297,Neuton Lima,0.0001606874,-2.2042203,-2.1375356
298,Ney Lopes,3.5217963e-05,0.8342239,-2.9831643
299,Nice Lobão,-0.010135293,1.5546442,-3.0696929
300,Nicias Ribeiro,0.001747314,0.81597704,-4.423421
301,Nilmário Miranda,0.0010063793,-1.1558757,1.3495262
302,Nilo Coelho,0.007048193,-0.018713884,-1.3811544
303,Nilson Mourão,-0.00017136805,-3.8068516,1.7599992
304,Norberto Teixeira,-5.6296318e-05,-1.6309175e-05,-0.37696946
305,Odelmo Leão,0.01435154,2.6452746,-1.9364717
306,Odílio Balbinotti,0.011027151,-4.5105095,-1.260198
307,Olavo Calheiros,0.01794188,-2.5040376,-1.6527318
308,Olimpio Pires,-0.0027511152,1.0332075,1.7902182
309,Orlando Desconsi,-2.9018614e-05,-3.0965686,0.019021114
310,Orlando Fantazzini,0.008582465,0.6530409,-0.23399748
311,Osmar Serraglio,-0.04632274,-2.4511049,-2.2462647
312,Osmar Terra,-0.1352316,0.2856857,-2.2441251
313,Osório Adriano,-0.0029282307,0.8382762,-1.8432255
314,Osvaldo Biolchi,0.0022651223,-2.0805976,0.03375106
315,Osvaldo Sobrinho,0.00018279487,-3.2762153e-05,9.784339e-05
316,Padre Roque,-8.547677e-05,-0.5589284,-0.7396703
317,Paes Landim,-0.24614628,-2.4689283,-1.1581278
318,Pauderney Avelino,-0.04079156,0.7931448,-2.6493952
319,Paulo Baltazar,0.0001573549,-4.3761873,0.03405437
320,Paulo Braga,-3.5915255e-05,-0.1578066,-0.060192477
321,Paulo de Almeida,0.014530079,-0.33660087,0.8897338
322,Paulo Delgado,-0.01346426,-1.4219217,-0.40062103
323,Paulo Feijó,-0.00031965176,-0.79152596,-1.4509908
324,Paulo José Gouvêa,0.008754912,-2.0971606,1.0565721
325,Paulo Lessa,0.0002030118,-1.1382557e-05,-0.8447662
326,Paulo Magalhães,-0.25249767,-1.1795304,-1.6565354
327,Paulo Marinho,0.00010330818,-4.96161,1.395555
328,Paulo Paim,0.000113943424,-0.26638395,-0.10195226
329,Paulo Rocha,0.003043692,-4.6783714,1.3853759
330,Pedro Celso,-6.796612e-05,-0.65065575,-0.94061476
331,Pedro Corrêa,1.1299395e-05,-2.7157981,-0.8906535
332,Pedro Eugênio,-0.0069103288,-2.0890913,-0.61077887
333,Pedro Fernandes,-0.16755201,-1.9341508,-0.7308462
334,Pedro Henry,-0.01113567,-3.4681242,-0.35882288
335,Pedro Irujo,2.0747084e-05,-4.3020477,-0.002671743
336,Pedro Novais,-0.005978893,-1.2291963,-1.259175
337,Pedro Valadares,0.00019461662,1.3422732,-0.31071633
338,Philemon Rodrigues,0.0056537357,-0.99012667,-0.028582012
339,Pimentel Gomes,4.5279467e-05,-0.84783065,0.65052634
340,Pinheiro Landim,-4.297458e-05,-0.00040426326,-0.82214713
341,Pompeo de Mattos,0.14006321,-1.3125386,0.78441584
342,Professor Luizinho,5.6722893e-05,-2.2920117,-2.8967607
343,Rafael Guerra,-0.0036699665,1.3767353,-5.253059
344,Raimundo Gomes de Matos,0.0001522477,1.1827028,-3.589978
345,Raimundo Santos,-0.0006808484,-0.7618017,1.0287664
346,Reginaldo Germano,-0.018280843,-0.9621335,-1.0578802
347,Regis Cavalcante,-2.3547673e-05,0.0014650887,1.696578
348,Reinaldo Gripp,5.014075e-05,-2.5168126,-0.12348189
349,Remi Trinta,0.0025096633,-2.088632,0.41591212
350,Renato Vianna,-3.942124e-05,7.080971e-06,-0.66856176
351,Renildo Leal,0.00012584003,-1.8879186e-05,-0.35317484
352,Ricardo Barros,-0.08011283,0.2097247,-0.51632625
353,Ricardo Berzoini,0.013196908,-2.2268384,1.3417333
354,Ricardo Ferraço,0.019595202,-1.4313363,0.72098017
355,Ricardo Nagib Izar,0.0001411064,-3.7301042,-3.3383255
356,Ricarte de Freitas,0.010374742,-3.6516476,-0.1744483
357,Rita Camata,0.0032617564,0.87761843,-0.8843007
358,Robério Araújo,0.00067891803,-0.020917967,-1.0005773
359,Roberto Argenta,4.5125253e-05,-1.0930616,0.8973749
360,Roberto Pessoa,0.015594224,-1.0298517,-1.0239547
361,Roberto Rocha,-0.006523401,0.76073873,-4.8235955
362,Robson Tuma,0.0049466006,-0.6098867,-1.1883351
363,Rodrigo Maia,0.11760324,0.16902027,1.01958
364,Romel Anizio,0.00014086903,-2.1981275,-1.5963273
365,Romeu Queiroz,0.016762141,-4.250095,-1.0971504
366,Rommel Feijó,0.00026759767,-3.3747268,-2.4407506
367,Ronaldo Caiado,-0.006306893,1.5008035,-3.7178211
368,Ronaldo Santos,-4.941073e-05,-0.0057024714,-1.3475478
369,Ronaldo Vasconcellos,2.087517e-05,-1.2779745,2.3092306
370,Rose de Freitas,0.10928426,-0.76426804,-0.17787467
371,Rubem Medina,1.3601825e-05,5.102469e-07,-0.83012825
372,Rubens Bueno,0.029828608,0.32881495,0.37123108
373,Rubens Furlan,1.36863455e-05,-6.6905473e-06,1.9165983
374,Salatiel Carvalho,0.0006611073,-2.007444,-0.46060193
375,Salomão Cruz,0.00022545314,-0.021598397,-1.061814
376,Salvador Zimbaldi,-0.19739662,-1.4341714,0.30346775
377,Sampaio Dória,4.372978e-06,-0.1563091,-1.6134468
378,Santos Filho,6.665247e-05,-0.020074498,-1.1291121
379,Saraiva Felipe,0.07764995,-2.8755717,-0.719805
380,Saulo Coelho,9.527843e-05,-0.01940378,-1.1118488
381,Saulo Pedrosa,-3.067685e-05,-0.26170433,-0.4811964
382,Serafim Venzon,-1.0848731e-05,0.0760853,-1.5724072
383,Sérgio Barcellos,-3.540874e-05,-0.008858218,-0.005589676
384,Sérgio Miranda,-0.0034699398,1.2846079,-1.1721413
385,Sérgio Novais,2.83257e-05,1.109622e-06,3.266231e-06
386,Artur Sérgio Reis,0.00015027149,8.975308e-06,-1.6188712
387,Severino Cavalcanti,0.0037967432,-2.7091844,-0.0026656617
388,Silas Câmara,0.047791284,-1.3542932,-1.020505
389,Silvio Torres,0.016979575,0.48535693,-2.9120326
390,Simão Sessim,0.1244092,-1.8652962,-0.6709754
391,Socorro Gomes,-0.00022867338,-0.66208905,-0.08146022
392,Tânia Soares,-0.019871145,0.021690736,0.22663331
393,Telma de Souza,-5.574316e-07,-3.7835221,-0.7172439
394,Telmo Kirst,0.0051473556,-0.027060814,-1.8241541
395,Teté Bezerra,0.008983938,-3.157445,-0.5936907
396,Themístocles Sampaio,0.0053742146,-0.5955687,-0.95602757
397,Tilden Santiago,-3.6662088e-05,-0.4045768,-0.61757
398,Ursicino Queiroz,0.00021908275,-0.016632646,-0.7683565
399,Vadão Gomes,-0.00010808825,-1.6402804,-0.29236013
400,Valdeci Paiva,0.00016174541,-0.013622928,-1.1774893
401,Vanessa Grazziotin,-0.004808461,-0.53579223,0.15779066
402,Vic Pires Franco,0.017053487,1.5796647,-3.2362318
403,Vicente Arruda,-0.23811978,0.27607068,0.4740388
404,Vicente Caropreso,-0.000113909366,-0.9095718,-0.9573961
405,Vilmar Rocha,0.0013836086,0.48336452,-0.8314065
406,Virgílio Guimarães,0.03179704,0.6944483,-0.84971803
407,Vittorio Medioli,0.016722882,0.8003521,-1.7362989
408,Vivaldo Barbosa,1.359664e-05,1.0358735,1.8440008
409,Wagner Rossi,-9.9104e-05,-2.7091104e-05,-0.7004576
410,Waldemir Moka,0.047755007,0.13134448,-0.5435261
411,Waldir Pires,-4.7471585e-05,-0.4829997,-0.67821366
412,Walfrido Mares Guia,0.00029634163,-0.018545564,-0.91397244
413,Walter Pinheiro,-0.012841331,2.641338,-1.1511776
414,Wanderley Martins,-2.0077046e-05,1.7578238e-06,0.80207855
415,Wellington Dias,-0.00032448026,6.6820267e-06,-7.275946e-06
416,Werner Wanderer,1.8267212e-05,-0.014704852,-1.1346185
417,Wilson Braga,0.14490156,-0.13656287,0.8914868
418,Wilson Cignachi,0.006302077,-1.5616971,2.4733841
419,Wilson Santos,-0.0059236353,0.6211357,0.2656439
420,Wolney Queiroz,0.016444419,-0.9969901,0.9295993
421,Xico Graziano,0.0047157253,0.9008313,-1.9987963
422,Yeda Crusius,0.006738473,0.5377226,-3.9578059
423,Zé Índio,5.3509793e-05,-0.00459941,-1.572525
424,Zenaldo Coutinho,-0.1623747,1.0931721,-2.1032603
425,Adão Pretto,-0.0028471574,0.40032962,-1.0625442
426,Alberto Goldman,0.00020824067,0.5748684,-2.1617227
427,Almerinda de Carvalho,0.04411774,0.6705607,-0.17211623
428,Aloysio Nunes Ferreira,0.009230398,1.3229883,-1.7423803
429,André de Paula,0.003594754,0.5818192,-0.78100353
430,Aracely de Paula,-0.0025753032,-1.6681881,-0.40042928
431,Aroldo Cedraz,0.0127628185,0.82508075,-1.4871665
432,Ary José Vanazzi,-4.4961707e-06,-1.0954763,0.015684465
433,Badu Picanço,-0.0024180347,-2.2030957,-0.16478401
434,Beto Albuquerque,-0.010306128,-2.1750581,0.10784878
435,Carlos Alberto Rosado,-0.11537236,-0.8502344,0.26869315
436,Carlos Eduardo Cadoca,-0.05232022,-0.6716604,-1.91929
437,Celso Russomanno,-0.11073464,-1.2982118,-1.4972478
438,Claudio Cajado,0.00559335,0.062838405,-3.8126123
439,Clóvis Queiroz,0.00015841913,-2.926181e-07,6.542614e-06
440,Coriolano Sales,0.113487214,-0.004171893,0.96151066
441,Cornélio Ribeiro,6.453217e-05,-3.1357427e-05,-4.8711554e-06
442,Crescêncio Pereira Jr.,7.3424126e-05,-1.214627e-06,1.2255687e-06
443,Dr. Evilásio,-0.0072036255,-2.347834,1.7138668
444,Eduardo Jorge,-0.00017546251,-1.4421016e-05,-3.7782873e-05
445,Eni Voltolini,-3.723648e-05,-0.13946925,-0.007289222
446,Enivaldo Ribeiro,-0.00030024885,-1.4859991,-1.2576787
447,Fátima Pelaes,0.18609495,-3.5954158,-2.5563667
448,Francisco Dornelles,-0.007455777,-1.0765834,-1.2888211
449,Francisco Silva,0.0001761153,-0.017923258,-0.011950541
450,Gervásio Silva,-0.0024771586,-0.18911569,-1.4783673
451,Gonzaga Patriota,-0.0040326756,-0.67124826,0.9638876
452,Guilherme  Melo,-0.0001223719,-9.201333e-05,2.184312e-05
453,Jandira Feghali,-0.022543008,-1.7039738,0.8290925
454,João Paulo Cunha,0.007260829,-2.8316393,1.2738605
455,João Ribeiro,-0.00014289303,1.4058809e-05,-2.412808e-05
456,Jofran Frejat,0.003622982,-0.3720719,-1.9749993
457,Jonival Lucas Junior,-0.0031347473,-2.1580474,-1.3865621
458,José Carlos Aleluia,0.02848575,1.5256199,-2.2992134
459,José Melo,-0.00011584536,-0.019647127,-0.01721487
460,José Múcio Monteiro,0.00043600728,-5.1653085,0.0056041963
461,Leur Lomanto,3.0771094e-05,-0.0154004125,-0.29415515
462,Lino Rossi,0.00033499603,-0.31255263,-0.269901
463,Luis Carlos Heinze,0.0652234,1.2922233,-0.454265
464,Marcelo Castro,0.0020395394,-1.7532187,0.31153002
465,Marcondes Gadelha,-0.063228436,-0.25797895,-1.0566014
466,Marcos Afonso,-7.5291704e-05,-0.026300501,-0.3360584
467,Maria Abadia,5.374662e-05,-0.012112329,-0.0072101797
468,Múcio Sá,4.302225e-05,-4.679974,-1.3384956
469,Nelson Marquezelli,-0.11197879,-2.50642,-2.1571536
470,Nilton Capixaba,0.14226013,-2.5351856,-2.2290266
471,Osvaldo Coelho,-0.004108228,-0.6855346,0.028971925
472,Osvaldo Reis,0.0054744408,-3.012315,-2.664312
473,Pastor Amarildo,-0.0045126593,-2.3072968,2.1170566
474,Paulo Gouvêa,8.481703e-05,-0.042769298,-1.2887535
475,Paulo Kobayashi,-0.0023509744,0.42677313,-4.2518687
476,Paulo Octávio,2.0931002e-06,0.014350219,0.42827305
477,Pedro Chaves,-0.08178329,-4.312102,-2.6561723
478,Ricardo Fiuza,-6.7101064e-05,-2.2922735,-0.5940494
479,Roberto Brant,0.0010191543,0.9858865,-1.8996239
480,Roberto Jefferson,3.0386596e-05,-4.703896,-0.4861749
481,Roberto John,0.0002458071,0.0001992092,9.538717e-05
482,Sebastião Madeira,0.0078046094,0.93345124,-3.2800357
483,Sérgio Barros,2.1119195e-05,1.0440464e-05,-1.6560155
484,Silas Brasileiro,0.006851387,-3.0639307,-2.4260342
485,Tadeu Filippelli,0.1134954,-2.1154444,-0.91534716
486,Tarcísio Zimmermann,-0.00034173107,0.067701496,0.33720282
487,Wellington Fagundes,0.4229863,-1.9863777,-1.0747908
488,Zila Bezerra,0.00018698446,2.577929e-06,-4.128885e-06
489,Alcione Athayde,-3.5853594e-05,0.80400276,1.0643728
490,Aloizio Mercadante,-2.5306665e-05,-0.064360306,-0.39970025
491,Antonio Feijão,0.007010481,1.6144463,-4.2181487
492,Augusto Franco,2.894505e-05,-0.58348715,0.89268553
493,Ciro Nogueira,-0.0008133002,-1.419492,-1.2272382
494,Cleonâncio Fonseca,-0.0057251616,-0.6435583,-0.6533686
495,Clovis Ilgenfritz,1.2029399e-05,-0.09477344,-0.44226518
496,Eliseu Resende,-0.00023868014,2.0819666,-3.8377163
497,Feu Rosa,-0.017517263,-0.850125,0.2668664
498,Francisco Rodrigues,0.0008783176,-0.50444824,-1.6065947
499,Genésio Bernardino,6.9349306e-05,-4.901051e-05,1.5085301e-05
500,Haroldo Bezerra,-0.00014894313,3.6662518e-06,-0.7191476
501,Heráclito Fortes,-0.083402656,1.257714,-2.7075086
502,Herculano Anghinetti,0.00011408999,-3.988251,0.35975108
503,Iris Simões,0.001096182,-4.632976,-0.112982325
504,João Carlos Bacelar,0.02575403,-0.6284283,0.95990354
505,José Aníbal,0.0054620444,0.77154016,-2.946719
506,José de Abreu,-0.0002617599,0.7609008,1.0220492
507,Lamartine Posella,-1.8944798e-05,0.7765433,1.045067
508,Maria Lúcia Cardoso,-0.0088545745,-0.11839455,0.7667854
509,Michel Temer,0.0022577625,-0.8212954,-0.6904006
510,Oliveira Filho,0.007140047,-3.4515703,-0.080708966
511,Oscar Andrade,-3.089564e-05,1.6945676e-05,1.2736511
512,Osmânio Pereira,0.00077355903,-4.6813583,-0.30108708
513,Paulo Lima,0.0011731606,-1.1367631,0.26151922
514,Paulo Mourão,-0.00020955931,2.1430864e-05,9.907348e-06
515,Pedro Bittencourt,-4.778107e-06,1.2988103e-06,-0.44336495
516,Pedro Canedo,0.0011647444,-0.6889303,-0.0109266685
517,Pedro Pedrossian,-8.316686e-05,1.2645478e-05,-0.8737189
518,Rafael Greca,1.1543914e-05,6.433308e-06,-1.1582348e-05
519,Ricardo Rique,4.4148575e-05,-6.2230983,0.5995998
520,Roberto Balestra,0.0022782274,0.990215,-1.0948817
521,Roland Lavigne,-0.0016522193,-0.02615163,-1.1395102
522,Salomão Gurgel,8.159231e-05,0.84113425,1.0934739
523,Sérgio Carvalho,-0.000110536894,-0.0023943381,-0.0051450403
524,Valdemar Costa Neto,0.47861776,-2.0107267,0.68172157
525,Wagner Salustiano,0.00012111103,-0.006460149,-0.010408608
526,Wigberto Tartuce,2.4114304e-05,-4.5739553e-06,-0.9715175
527,Zezé Perrella,-2.5963458e-05,1.9065148e-05,5.455955e-06
528,Zulaiê Cobra,-0.000119472315,0.42448872,-2.7061481
529,Efraim Morais,-0.00031370987,-9.8146265e-06,-0.40569156
530,Gerson Gabrielli,-0.017730808,0.31283173,-0.6328002
531,José Thomaz Nonô,-2.5550617e-06,2.228738,-1.4591733
532,Zé Gomes da Rocha,-3.2855995e-05,-2.6482374e-05,-0.20990305
533,Arthur Virgílio,-0.00010009216,-0.0242786,-0.021505933
534,Ben-Hur Ferreira,-0.00012040213,-4.4258984e-05,-0.00012722256
535,Bonifácio de Andrada,-0.109238304,0.5878054,-2.8053534
536,Darci Coelho,-0.0058948775,-1.7692782,2.5951216
537,Eraldo Tinoco,-0.00023594151,4.8344723e-06,-1.1963995e-05
538,Gessivaldo Isaias,-1.3997411e-05,-0.6004296,-0.2736052
539,Leodegar Tiscoski,-0.0071911067,-0.84436494,0.103081726
540,Mussa Demes,-0.010804299,1.964752,-3.5108376
541,Nilson Pinto,0.15026444,-0.16694704,-0.8386333
542,Nilton Baiano,-0.0038841604,1.0486244,1.2676135
543,Pimenta da Veiga,-0.00018023499,-0.015239615,-0.00760668
544,Yvonilton Gonçalves,0.0004470302,1.703902e-05,-4.52542e-06
545,Adelor Vieira,-0.06451713,-0.791976,1.8616368
546,Alice Portugal,-0.07014243,-1.2204956,0.7775991
547,Almir Moura,-4.3402462e-05,-1.6324502,1.1232147
548,Álvaro Dias,-0.017210972,1.3729786,-1.9910154
549,Amauri Gasques,-0.0029547787,-1.2896597,0.28680906
550,André Luiz,-1.317133e-05,-0.29244998,0.6597314
551,André Zacharow,0.00804904,-1.7958463,-1.3070151
552,Ann Pontes,2.0436473e-06,-3.0624812,-0.5623847
553,Anselmo de Jesus,-0.00892235,-0.47629976,-0.8908428
554,Antonio Cambraia,0.0065224576,0.67980343,-4.0073895
555,Antônio Carlos Biffi,-0.007552187,-1.0816057,0.7493334
556,Antonio Carlos Biscaia,-0.0096306605,-0.97119886,1.8087821
557,Antonio Carlos Magalhães Neto,0.020807533,1.7503719,-3.916188
558,Antonio Nogueira,-0.00036544027,-2.7902892,-0.014727809
559,Ariosto Holanda,0.013897718,-2.5764205,1.6414089
560,Assis Miguel do Couto,0.264436,-3.6384213,1.857261
561,Athos Avelino,-0.00075347134,-2.1951976,-1.0494897
562,Benedito de Lira,0.01324534,-1.4259428,-0.4266924
563,Benjamin Maranhão,-0.19715832,0.5094686,-1.4214652
564,Bernardo Ariston,0.0195679,0.2468504,0.22862762
565,Bismarck Maia,0.00081389956,1.3057503,-6.116903
566,Bosco Costa,-0.055568196,-0.44319883,0.10236244
567,Carlos Abicalil,-0.001309844,-4.480941,1.5811839
568,Carlos Alberto Leréia,-0.0050945627,0.13856484,-2.7827747
569,Carlos Melles,0.12593693,0.50357515,-3.2125354
570,Carlos Mota,0.0010469068,-0.62559193,-0.09548631
571,Carlos Sampaio,0.1904592,-0.36384395,0.11441599
572,Carlos Souza,0.05081432,-0.60930115,-1.4019357
573,Carlos Willian,0.047065154,-2.5777261,-1.7135154
574,Cezar Silvestri,0.1485173,-0.4026956,-1.6202898
575,Cláudio Magrão,-0.0022735752,-0.5397129,-2.0150402
576,Clóvis Fecury,-0.35315633,-0.17557159,-2.320789
577,Colbert Martins,-0.008035878,-0.2628816,0.0141999815
578,Colombo,-2.6915732e-05,-2.6728096,0.35340032
579,Coronel Alves,-0.011333194,-3.7186573,-1.205837
580,Daniel Almeida,0.17076348,-1.6361327,0.8116659
581,Davi Alcolumbre,-0.002148784,1.5373739,-3.3598232
582,Devanir Ribeiro,-0.16520138,-1.3052657,-0.15757705
583,Dimas Ramalho,1.9179199e-05,-0.34999418,-1.0272096
584,Dr. Francisco Gonçalves,-0.017099217,-0.32015255,-0.83624583
585,Dr. Pinotti,-0.00841198,0.23143382,-2.959998
586,Dr. Ribamar Alves,-0.002848129,-3.3547995,0.5883168
587,Dr. Rodolfo Pereira,-5.6979523e-05,0.6574468,-1.6750064
588,Dra. Clair,0.009699154,2.7373962,-2.2894354
589,Durval Orlato,-0.00028270727,-2.3481977,-0.5988642
590,Edna Macedo,-0.001856632,-0.25634667,-0.68755895
591,Edson Duarte,0.0011923495,-0.2482638,-0.8459506
592,Edson Ezequiel,0.0045443987,-0.99756074,-0.5231446
593,Eduardo Cunha,0.08974342,0.19791159,0.19108845
594,Eduardo Gomes,0.0020879214,0.877627,-4.3719077
595,Eduardo Paes,-0.0036357157,0.8837435,-2.1595454
596,Eduardo Sciarra,-0.0072870892,0.17927934,-2.6542032
597,Eduardo Valverde,-0.009359392,-0.85129684,0.976519
598,Elaine Costa,0.0016478319,-3.0741832,-0.94058657
599,Elimar Máximo Damasceno,0.020293271,-0.26468992,-1.2003764
600,Eliseu Padilha,0.003254026,0.49208385,0.8465321
601,Enéas,-0.0053679547,-0.19235276,-1.5251924
602,Enio Tatico,-0.00031133406,-2.460516,1.4065393
603,Érico Ribeiro,0.008940999,-0.18289952,-0.5021191
604,Fábio Souto,-0.012777973,0.97211343,-1.9664974
605,Fátima Bezerra,-0.00040941456,-0.13252233,0.49174774
606,Fernando de Fabinho,-0.002139953,1.2122886,-2.6393898
607,Francisco Appio,0.0064283707,0.14719743,0.052424442
608,Francisco Turra,-0.017825985,0.89770496,-0.013953837
609,Geraldo Resende,-0.020105677,-0.894792,-1.3490536
610,Geraldo Thadeu,0.02684318,-0.39224496,-1.8351215
611,Giacobo,-0.008221355,-2.4233873,-3.0997384
612,Gilberto Nascimento,0.09014223,0.624804,-1.3968147
613,Gonzaga Mota,-0.0055042184,1.7725853,-2.7968345
614,Guilherme Menezes,-0.021966772,-0.73912185,-1.6996245
615,Hamilton Casara,-0.0019380637,-0.3594255,-3.6471298
616,Heleno Silva,0.011280095,-1.2778742,-2.039861
617,Hélio Esteves,3.1646687e-06,-0.48927772,0.4914682
618,Henrique Afonso,-0.0071703275,0.35549334,-0.7743217
619,Homero Barreto,0.011480269,-3.114011,0.16271819
620,Humberto Michiles,0.0029767945,-3.762541,-0.2491759
621,Ildeu Araujo,0.02327755,-1.6879557,1.1058518
622,Iriny Lopes,0.003927251,-0.73365074,0.9550887
623,Isaías Silvestre,-0.008036411,-1.3547819,0.059188932
624,Ivo José,0.0013033473,-0.7792498,0.8465571
625,Jackson Barreto,-0.012899546,-2.7556996,0.117721885
626,Jader Barbalho,0.006632916,-1.4801975,0.0011832742
627,Jamil Murad,-0.00884742,-1.7894324,0.98965585
628,Janete Capiberibe,-0.020952787,0.14222708,2.5560586
629,Jefferson Campos,-0.047534492,-0.2783142,-1.6488327
630,João Batista,-0.052534554,-0.58495545,-1.04976
631,João Campos,0.0037968094,0.6182466,-1.0872768
632,João Correia,0.002017938,2.430721,1.4357674
633,João Fontes,-0.14865915,2.3853064,-1.2810874
634,João Mendes de Jesus,-1.088269e-05,-8.297693,0.5747646
635,João Paulo Gomes da Silva,-0.0042312667,-2.5692751,-0.45946637
636,Jorge Boeira,0.17441976,-0.24897557,3.1415002
637,José Carlos Araújo,-0.18520606,-1.3040406,-2.9357166
638,José Carlos Machado,0.01502623,0.5865786,-4.0003023
639,José Divino,0.022688815,0.50241727,0.06813902
640,José Eduardo Cardozo,0.0062010363,0.30894852,-0.046294317
641,José Ivo Sartori,-0.005551892,0.74979866,1.2504238
642,José Mentor,0.0030505245,-3.5367951,1.185494
643,José Rajão,-0.009495117,0.25375235,-0.118645996
644,José Roberto Arruda,0.016855644,0.87711304,-2.9799151
645,José Santana de Vasconcellos,-0.04107121,-2.3417206,-1.5206654
646,Josias Gomes,-0.016259791,-2.071998,0.8348522
647,Josias Quintal,-0.4923868,-0.8667892,-0.5955164
648,Jovino Cândido,0.037172858,2.3357253,-1.1636376
649,Júlio Cesar,0.057986923,-1.5106423,-1.9438252
650,Júlio Delgado,-0.0058985646,-0.040248226,1.2418514
651,Julio Lopes,-0.006983992,-0.7179593,-1.8020992
652,Kelly Moraes,-0.021108262,-2.5929477,-0.0017156253
653,Leandro Vilela,-0.005118716,-5.315412,-1.542565
654,Leonardo Mattos,0.011147788,0.59567404,-0.44111684
655,Leonardo Monteiro,0.19829687,-1.489503,1.0090548
656,Leonardo Picciani,0.002782355,-0.6593805,-0.6818966
657,Leonardo Vilela,-0.04609937,0.9506713,-1.0843117
658,Leônidas Cristino,0.019403202,-2.7187862,1.4863782
659,Lindbergh Farias,6.0624876e-05,-3.009597,-0.030641291
660,Lobbe Neto,-0.2916536,0.44190636,-1.164679
661,Luciana Genro,-0.4258363,1.3596628,-2.4560215
662,Luciano Leitoa,-0.00037131965,-4.094754,-2.4028919
663,Luiz Bassuma,0.0052140336,-0.53295773,-0.0021700042
664,Luiz Carlos Santos,0.031360157,0.35967028,-1.1737841
665,Luiz Carreira,0.024521999,1.4413073,-2.0950704
666,Luiz Couto,-0.06733698,-1.5302227,2.6464
667,Lupércio Ramos,-0.0057832845,-3.9755094,1.0680456
668,Carlos Manato,0.0424234,0.12554081,-0.8207296
669,Marcelino Fraga,6.214073e-05,-1.6558837,-2.3200884
670,Marcello Siqueira,0.00043496463,-2.8469386,2.5884926
671,Marcelo Guimarães Filho,-0.012939159,0.07506665,-0.22019906
672,Marcelo Ortiz,-0.0034457163,-0.8381128,-1.9572097
673,Marcos Abramo,-0.012269775,-0.8209082,-0.02380286
674,Maria do Rosário,-0.12002632,-2.0341074,1.2474356
675,Maria Helena,-0.011290162,-0.15585664,-0.63997066
676,Maria Lucia,-0.0075189,1.0139669,0.12793209
677,Mariângela Duarte,0.0002845688,-3.8518167,0.64031255
678,Mário Heringer,0.19187802,-0.28690037,0.35931373
679,Maurício Quintella Lessa,0.0235036,-1.3205485,-2.983031
680,Maurício Rabelo,-0.0048809987,-2.6240926,-0.42575982
681,Maurício Rands,-0.0010750688,-1.3431226,-1.1204488
682,Mendonça Prado,-0.002092001,0.7890716,-2.4414935
683,Miguel Arraes,-0.0001514579,-4.361031,-4.6490413e-06
684,Miguel de Souza,-0.00012537911,-3.4114802,-0.9282578
685,Milton Cardias,0.012043085,-3.9074893,0.1640821
686,Moraes Souza,5.058031e-05,-3.2104259,-1.8815701
687,Moreira Franco,0.0013148009,1.9743367,-0.6215895
688,Murilo Zauith,-0.00010329021,0.9452865,-2.4965212
689,Nazareno Fonteles,-0.0019973207,-0.86257654,2.1163397
690,Nelson Bornier,0.007468204,0.12208055,0.034220144
691,Neucimar Fraga,0.035927095,-0.997967,-1.8241102
692,Neyde Aparecida,-0.00023584015,-6.175108,-0.40588242
693,Odair Cunha,0.17683929,-2.0458906,1.2238768
694,Onyx Lorenzoni,0.050786983,0.89949065,-1.4871948
695,Pastor Francisco Olímpio,-0.010336944,-1.2941792,-0.7233456
696,Pastor Frankembergen,-0.004042657,-2.3871496,-1.2817369
697,Pastor Pedro Ribeiro,-0.0058885035,-0.40233046,0.57020205
698,Pastor Reinaldo,5.876986e-05,-2.939419,-0.21590795
699,Patrus Ananias,-0.011125671,-3.0149145,2.7635038
700,Paulo Afonso,-0.28821918,1.8203813,0.46140787
701,Paulo Bauer,0.0013796397,0.77590096,-2.0947473
702,Paulo Bernardo,3.8489896e-05,-4.098977,-7.192162e-05
703,Paulo Pimenta,0.015209624,-1.2153003,0.54599553
704,Perpétua Almeida,0.035664484,-0.20358449,-0.44099584
705,Professor Irapuan Teixeira,-0.018076802,-0.7146393,0.19676073
706,Professora Raquel Teixeira,0.0019968809,0.49812856,-1.6134119
707,Promotor Afonso Gil,-0.0010378271,1.911093,-1.7371706
708,Reginaldo Lopes,0.0042127906,-1.7462375,1.016227
709,Reinaldo Betão,0.003214434,-2.4126716,-1.2812278
710,Renato Casagrande,-2.3705306e-05,-8.827803,0.60786045
711,Renato Cozzolino,-0.0027064257,-1.5062099,-0.2887134
712,Renildo Calheiros,0.0045648403,-2.2064753,0.58472514
713,Robério Nunes,-0.0045375754,0.72417074,-1.2290016
714,Roberto Freire,0.012789369,0.31400985,-0.03674166
715,Roberto Gouveia,0.00016279373,-2.1667447,-1.0890508
716,Roberto Magalhães,0.004583139,1.1129137,-1.7057108
717,Rogério Lucio Silva,0.0033624424,-3.6589284,-0.46073893
718,Rogério Teófilo,-0.0008997978,-0.48209962,-0.26072457
719,Ronaldo Cezar Coelho,0.0007899017,1.51517,-1.281232
720,Ronaldo Dimas,-0.0019338775,0.7716782,-1.1022562
721,Ronivon Santiago,-0.00019372621,-4.8559093,0.014274224
722,Rubens Otoni,0.14793976,-4.3651013,2.8079407
723,Rubinelli,6.864949e-06,-4.511604,-0.6238692
724,Sandes Júnior,0.14568822,-1.153036,-0.097691625
725,Sandra Rosado,0.006120059,-0.8625139,-0.24887592
726,Sandro Mabel,-0.0029926728,-1.5889883,-1.0788201
727,Sandro Matos,0.01613322,-1.45833,-0.59437263
728,Sarney Filho,0.020027244,0.018541709,-0.13291964
729,Selma Schons,-0.015747596,-2.018089,1.2866323
730,Severiano Alves,0.007421236,0.7103493,-0.13227478
731,Sigmaringa Seixas,0.0032070295,-3.2847219,0.9962803
732,Suely Campos,-0.020168133,0.4417386,1.3000556
733,Takayama,-0.00033395534,-1.6675783,-0.90931946
734,Terezinha Fernandes,4.3583295e-05,-1.3840941,0.030464562
735,Thelma de Oliveira,-0.30571893,1.1050633,-3.9753873
736,Valdenor Guedes,8.5017375e-05,-2.4933913,-4.5201512e-05
737,Vander Loubet,-0.0029743246,0.42293358,-1.2323126
738,Vanderlei Assis,0.0020589377,-0.9043324,-1.2023563
739,Vicente Cascione,1.6495711e-05,-4.1337776,-0.0010459975
740,Vicentinho,0.21676983,-3.3449495,1.7243624
741,Vieira Reis,0.012808463,0.82095647,-1.0407803
742,Vignatti,-0.009169477,-0.56733143,-2.25789
743,Wagner Lago,-0.0064578517,0.7338806,-0.34235048
744,Walter Feldman,0.0023331973,0.34134763,-0.90312696
745,Washington Luiz,0.0010130891,-2.0918553,0.7384538
746,Wasny de Roure,-8.5981694e-05,-1.5978774,-0.5976559
747,Wellington Roberto,0.049603507,-1.4031961,-0.9820174
748,Wilson Santiago,0.015348681,-1.5702035,-2.3364768
749,Wladimir Costa,0.0069867233,-0.33377036,-0.8094675
750,Zé Geraldo,0.055279534,-2.0664995,-0.04991649
751,Zé Lima,0.00949413,-1.9148393,-1.1221865
752,Zelinda Novaes,0.0020553807,1.385762,-1.6836554
753,Zequinha Marinho,-0.05221959,-1.3790317,-0.77853537
754,Zezéu Ribeiro,-0.0032499228,-2.2449243,1.7973441
755,Zico Bronzeado,-3.7722704e-05,-1.9796284,-1.7048664
756,Zonta,0.00591824,-0.67288256,-0.7229561
757,César Medeiros,-3.895774e-06,-1.6681805,1.6384102
758,Deley,-0.003982694,-0.04540911,1.3794048
759,Ivan Ranzolin,-0.0070370734,-0.6466099,-0.26829287
760,João Lyra,0.008157099,-0.5316795,-1.1157275
761,Juíza Denise Frossard,-0.0030461508,0.17304695,-0.59565324
762,Júnior Betão,0.00057023007,-2.97612,-1.3077551
763,Lúcia Braga,7.379582e-06,-4.866835,-0.97143734
764,Nélio Dias,1.221747e-05,-1.2321663,0.5758241
765,Raul Jungmann,-0.014027003,0.8864653,0.94046235
766,Simplício Mário,-0.008273694,-1.3010926,1.6343058
767,Tatico,0.0018008354,-5.204797,-0.15437311
768,Zé Gerardo,0.0048659677,-3.1714463,-1.9426396
769,Chico Alencar,-0.16511212,1.6344432,-1.2563184
770,Fernando Lopes,-0.012052574,0.7964369,1.8093201
771,Ivan Valente,-0.03228929,1.1841503,-0.24415156
772,João Alfredo,0.001707718,1.4884899,-0.8925277
773,Maninha,-0.0034017763,0.35588196,-0.14472425
774,Paulo Rubem Santiago,-0.30678296,0.6809464,-0.22891815
775,Mauro Passos,-0.00089041475,0.9222945,-1.1570951
776,Francisca Trindade,-1.6286067e-06,-0.00012615249,1.496125e-05
777,Moisés Lipnik,-8.231237e-05,-4.0183128e-05,-5.901276e-05
778,Derval de Paiva,0.00021404121,-0.019762782,-0.000703727
779,Jurandir Boia,-0.014477373,-0.8542713,-1.5261089
780,Narciso Mendes,-8.7514956e-05,-3.0822057e-06,-1.3324526e-05
781,Paulo Rattes,-0.014372391,-2.2319758,-1.3743039
782,Gervásio Oliveira,0.0017164976,-0.9090388,-1.1813618
783,Gorete Pereira,-0.0033886295,-0.43846074,-1.2558262
784,Jorge Gomes,-0.017103808,-3.082291,0.63257354
785,Sérgio Caiado,0.0023529348,0.9231961,-1.405406
786,Zarattini,-4.1688472e-05,-4.5215445,-0.7386331
787,Anderson Adauto,-0.0004029232,0.21629885,1.235374
788,Amador Tut,1.1624772e-05,-1.2107016,-4.4351662e-05
789,Vadinho Baião,-1.2751216e-06,-4.1049156,-0.022276774
790,Ademir Camilo,0.10317551,0.76791304,0.05842769
791,Ana Guerra,-5.4363486e-06,-1.7343526,0.7239695
792,André Costa,-0.012327507,0.7725208,-0.36026582
793,André Figueiredo,0.062436044,-0.75917023,0.9775267
794,Antenor Naspolini,0.00043239814,1.1431837,-3.8235085
795,Edinho Montemor,-0.0095948335,-1.455931,-1.2976502
796,Jair de Oliveira,-0.0018932037,0.14703208,1.661672
797,Marco Maia,0.13825169,-2.3631377,0.39311388
798,Natan Donadon,0.30157754,-5.442384,-2.7665024
799,Thaís Barbosa,-0.01151309,-1.5340158,1.6020603
800,Walter Barelli,-0.0026172001,0.34373096,-1.3271127
801,Chicão Brígido,-0.0288614,-1.066696,-0.6731371
802,Capitão Wayne,-2.8104074e-05,0.44561687,-2.1789496
803,Vitorassi,-0.00031832058,-3.4195466,-1.545399
804,Jorge VI,-0.00014367935,0.014389016,1.8578655
805,Valdir Colatto,-0.17867589,0.74468815,-0.2589706
806,Ana Alencar,-0.0086312285,0.7024264,0.42154846
807,Alexandre Maia,-0.014039534,-2.6968994,-0.7211599
808,Fernando Estima,0.0002643175,-0.57645345,0.030798195
809,Afonso Hamm,0.02251323,0.13842556,-0.6586644
810,Claudio Rorato,-0.013213306,-0.6176158,-0.0077950074
811,Reinhold Stephanes,-0.008136657,0.24857873,-0.57198405
812,Ricardo Santos,0.014958214,-0.014425052,-0.538165
813,Fred Kohler,-0.0002744956,0.74306154,0.015805246
814,José Otávio Germano,0.009840117,0.08486715,-0.07565568
815,Vicente Chelotti,1.0704527e-05,0.9124904,-1.0914278
816,Francisco Escórcio,0.0013195416,-5.0763855,-1.8559397
817,Irineu Rodrigues,0.011039907,-0.50089264,-0.4110392
818,Ronaldo Cunha Lima,-8.498795e-06,1.1826555,-1.3392822
819,Cláudio Diaz,-0.053651113,0.007955667,-3.4893641
820,Albano Franco,0.0074560153,0.14187013,-3.4364736
821,Alceni Guerra,0.00596465,0.76314175,-1.5275232
822,Alexandre Silveira,0.017839162,-0.29297322,0.17370737
823,Alfredo Kaefer,-0.028678462,0.32789236,-1.6711482
824,Aline Corrêa,0.009322243,-4.3663206,-0.26190475
825,Ana Arraes,-0.054962482,-0.6713301,0.25180644
826,Andre Vargas,0.00927552,-1.015648,-1.0651706
827,Andreia Zito,-0.1848009,0.26933295,-1.746446
828,Angela Amin,0.04652017,0.07596271,-0.051491342
829,Angela Portela,0.000457719,-3.9723043,1.6548462
830,Angelo Vanhoni,-0.004845934,-0.39827165,0.11903184
831,Antônio Andrade,0.0027839956,-2.8558972,-1.0420974
832,Antonio Bulhões,-0.04921957,-1.6254625,-1.1654339
833,Antonio Palocci,0.00307595,-5.8783607,-0.20654401
834,Antônio Roberto,0.022341667,-0.57351094,0.3162392
835,Arnaldo Jardim,0.01889014,0.42763978,-0.5552003
836,Arnaldo Vianna,0.01634128,-0.47755042,-0.79894376
837,Augusto Carvalho,-0.009156529,0.7095691,0.95999205
838,Ayrton Xerez,-0.041437414,0.7461209,-1.9203355
839,Homero Barbosa Neto,-0.08595031,-0.073299855,-0.21833552
840,Bel Mesquita,0.017729474,-1.4627318,-1.1398007
841,Beto Faro,0.09831268,-5.1951146,3.2131054
842,Bilac Pinto,-0.0116797825,-1.9678344,-1.5049127
843,Bruno Araújo,0.008953436,1.1243031,-4.832132
844,Bruno Rodrigues,-0.014268081,0.71429235,-3.7097623
845,Cândido Vaccarezza,-0.02635048,-3.2945125,-0.5638604
846,Carlos Alberto Canuto,0.00951878,-1.2061281,-0.9269184
847,Carlos Brandão,-0.07262824,1.4664791,-2.2029767
848,Carlos Zarattini,0.066406325,-1.9455259,0.47291353
849,Celso Maldaner,-0.029582929,-1.4194589,-0.8040937
850,Chico Abreu,-0.0034626455,-1.4954075,-1.328828
851,Chico D'Angelo,-0.029211797,-3.1240578,2.0311072
852,Chico Lopes,0.0013770701,-0.19541706,0.47467944
853,Cida Diogo,0.0003015811,-0.8651312,0.30623692
854,Ciro Gomes,-0.0030655202,-0.27549323,0.33896524
855,Ciro Pedrosa,-0.12193777,-0.41643724,-0.8746406
856,Cleber Verde,0.005105976,-1.8664039,-1.6335083
857,Clodovil Hernandes,0.019326502,0.88405025,-1.1107161
858,Cristiano Matheus,0.0021399304,-0.9704524,-0.658055
859,Dagoberto Nogueira,0.21958925,-2.4527116,1.492438
860,Dalva Figueiredo,-0.019098544,-3.5990193,2.6384082
861,Davi Alves Silva Júnior,-0.15073715,-0.7274159,-0.45141977
862,Décio Lima,0.22371808,-2.8110778,0.9820634
863,Domingos Dutra,0.021462915,0.022182323,0.47508994
864,Dr. Adilson Soares,0.018175572,-0.7846854,-0.08836133
865,Dr. Nechar,-0.4547855,-0.5604349,-1.1131486
866,Dr. Paulo César,0.11663694,-1.1179352,-0.83914876
867,Dr. Talmir,-0.10598334,-0.199563,-0.69466805
868,Dr. Ubiali,0.06425239,-0.24813402,0.078991786
869,Edgar Moury,0.17445967,2.893951,0.6193068
870,Edigar Mão Branca,-0.15401311,-0.060254056,-0.8835851
871,Edio Lopes,-0.083533235,-1.7545494,-1.554183
872,Edson Aparecido,-0.19505598,0.45248315,-3.212447
873,Edson Santos,0.004864652,-0.9214328,0.64294803
874,Eduardo Amorim,0.0011286362,-0.56078833,-0.79156727
875,Eduardo da Fonte,0.018711152,-2.4154105,-1.2457539
876,Eduardo Lopes,-0.008422168,-1.5150928,0.06324687
877,Efraim Filho,-0.020143675,0.92522544,-2.263236
878,Eliene Lima,0.010345448,-1.2169285,-1.2187026
879,Elismar Prado,-0.0011442559,-0.77553785,-0.10021736
880,Emanuel Fernandes,-0.19063184,0.75500745,-1.4760895
881,Ernandes Amorim,-0.0018248402,-0.1870817,0.6061315
882,Eudes Xavier,-0.46061155,0.32525733,0.34939075
883,Eugênio Rabelo,-0.00054189743,-2.4574108,-1.1568528
884,Felipe Bornier,0.032988533,-0.14558822,-1.9403303
885,Felipe Maia,0.014829704,1.3356432,-3.8747518
886,Fernando Chucre,-0.30779317,0.62696034,-0.92866856
887,Fernando Coelho Filho,-0.18084393,-0.88915175,-1.8269594
888,Fernando Melo,-0.0024000232,-0.28642327,-0.85155386
889,Filipe Pereira,0.0041679144,-1.0881264,-0.178312
890,Flaviano Melo,-0.097850785,-1.3053308,-1.5596855
891,Flávio Bezerra,-0.000269364,-3.561283,-0.5503598
892,Francisco Praciano,0.0057463995,2.2277215,-0.8694577
893,Francisco Rossi,-0.48006088,0.4333966,-0.09747016
894,Francisco Tenório,0.0032470303,-1.3888168,-0.79583865
895,Frank Aguiar,0.01069937,-3.6734133,-1.8833188
896,George Hilton,0.34422958,-0.35887554,0.9931585
897,Geraldo Pudim,0.00538606,-2.6776779,0.024054166
898,Germano Bonow,-3.3465007e-05,0.7673799,-3.1269631
899,Gladson Cameli,0.074911356,-1.4952191,-0.69533867
900,Guilherme Campos,-0.1759495,0.33242413,-1.8765429
901,Homero Pereira,0.0005069354,-4.00254,-3.4071836
902,Humberto Souto,0.06078523,0.45204836,-0.3496027
903,Ilderlei Cordeiro,0.013499305,0.45502532,-2.4699838
904,Iran Barbosa,-0.015722021,1.9034986,-1.8967264
905,Jairo Ataíde,0.044885248,-0.5963553,-1.7919075
906,Janete Rocha Pietá,-0.03255663,-1.7609468,1.4601518
907,Jerônimo Reis,0.18647511,-1.418295,0.022946736
908,Jilmar Tatto,0.00022235491,-3.803949,2.2042787
909,Jô Moraes,0.023716094,-0.96229994,1.403652
910,João Bittar,0.03604665,-1.669139,-0.68920785
911,João Oliveira,0.005958767,1.0762098,-3.5689633
912,Joaquim Beltrão,0.0034828372,-3.3768384,-1.9234366
913,Jorginho Maluly,0.014545431,-0.09417284,-2.9189453
914,José Carlos Vieira,0.0031146246,-0.17458373,-0.33945224
915,José Guimarães,-0.0069684666,-2.2506664,0.9145887
916,José Paulo Tóffano,-0.0002416917,-0.44446462,-0.80752814
917,Joseph Bandeira,-0.008193396,-4.200969,0.025608666
918,Julião Amin,-0.0070112403,-1.6511046,1.5590461
919,Jurandy Loureiro,-0.009669566,-1.1593179,-0.22227408
920,Jusmari Oliveira,-0.002281766,-2.7310903,-1.1669164
921,Juvenil,0.0034760707,0.38525933,-0.23040046
922,Laerte Bessa,0.0047308803,-1.0802904,-0.93869764
923,Lázaro Botelho,-0.044371728,-2.8992105,-2.0472014
924,Leandro Sampaio,0.12564842,0.43570974,-1.0932941
925,Lelo Coimbra,-0.01837369,-0.41407856,-0.2660842
926,Léo Vivas,0.032690074,-0.49590343,1.29762
927,Leonardo Quintão,0.2253979,-1.3297318,-1.4801357
928,Lídice da Mata,-0.0029324656,-2.0991595,3.0312896
929,Lira Maia,0.12186607,1.5728319,-3.1342309
930,Lucenira Pimentel,-0.00339746,-0.88882446,-2.3477812
931,Luciana Costa,0.015762603,-0.94577783,-2.4096744
932,Lúcio Vale,-0.09614849,-2.5196226,-0.91446406
933,Luiz Carlos Busato,0.01029606,-3.427437,-1.459939
934,Luiz Carlos Setim,0.12751076,-0.5494188,-2.038609
935,Luiz Fernando Faria,-0.002331598,-2.2323759,-2.0935214
936,Luiz Paulo Vellozo Lucas,-0.17191629,0.9186837,-1.7397227
937,Manoel Junior,0.0017220879,-2.8790946,-3.1404126
938,Manuela D`Ávila,0.01593792,-1.0863296,0.2889129
939,Marcelo Itagiba,-0.5759581,1.1613686,-0.27309602
940,Marcos Antonio,0.00951506,-0.25238883,1.1327453
941,Marcos Montes,0.004623407,-0.09726495,-2.7614083
942,Mauro Nazif,0.092684306,0.14304706,1.2189039
943,Miguel Corrêa,-0.010039062,-2.7477665,0.7831882
944,Miguel Martini,0.0013887009,0.2463392,2.0661108
945,Moises Avelino,-0.031725813,-2.3875432,-1.6221242
946,Moreira Mendes,0.013529658,0.62883765,-1.271079
947,Neilton Mulim,-0.0059906854,-2.7344298,-0.022021797
948,Osmar Júnior,0.09656891,-0.48160273,1.2246665
949,Pastor Manoel Ferreira,-0.36946884,-0.11349266,0.9399596
950,Paulo Abi-Ackel,0.15919365,-0.042660564,-0.7805922
951,Paulo Bornhausen,-0.0043037515,0.56620777,-1.9356042
952,Paulo Henrique Lustosa,0.0012576438,-2.2611709,-1.6556661
953,Paulo Maluf,-0.007930179,-2.04282,-2.1271214
954,Paulo Pereira da Silva,0.081553325,-0.14403412,0.6179451
955,Paulo Piau,-0.000457899,-1.0844069,-1.7813133
956,Paulo Roberto Pereira,0.012483873,-3.0207813,-0.06403007
957,Pedro Wilson,-0.0009975799,-4.197912,0.7919689
958,Pepe Vargas,-0.08330958,-1.9460627,2.0938005
959,Pinto Itamaraty,-0.35981455,0.95977193,-2.9281201
960,Professor Setimo,-0.0032564173,-2.4238155,-1.2147317
961,Professor Victório Galli,0.043834597,1.1203018,-0.6646885
962,Regis de Oliveira,-0.016672624,-0.022507858,-0.5131627
963,Reinaldo Nogueira,-0.0046341396,-1.7962395,-1.2683976
964,Renato Amary,0.00887962,0.8206334,-4.0648594
965,Renato Molling,-0.0126302205,-1.6179924,-1.1879616
966,Ricardo Tripoli,-0.09098829,0.40713993,-1.5305412
967,Roberto Britto,0.026964534,-3.6846983,-1.810875
968,Roberto Santiago,-0.031089399,-0.2813209,-0.7312782
969,Rodovalho,-0.020880897,-3.5275698,0.59274966
970,Rodrigo de Castro,0.081014745,-0.35668838,-1.3585733
971,Rodrigo Rollemberg,-0.01492744,-2.0877156,0.7614017
972,Rogério Marinho,-0.033055514,0.73608387,-1.6423569
973,Rômulo Gouveia,0.17024012,0.17761625,-1.7020463
974,Sabino Castelo Branco,0.13619211,0.96287036,0.6111278
975,Sérgio Barradas Carneiro,0.0026848235,-2.3711996,0.28408557
976,Sérgio Brito,0.14955848,-1.7652277,-2.5666292
977,Sérgio Moraes,0.026707832,0.036915228,-0.3531474
978,Silvinho Peccioli,-0.0032087339,1.788498,-0.63097554
979,Silvio Costa,-0.0057694996,-1.0992789,1.2494836
980,Solange Almeida,0.006278178,-1.9490924,0.0072414703
981,Solange Amaral,0.016244886,0.9333926,-1.2398022
982,Suely,-0.0055071125,-0.80656356,-1.3579718
983,Urzeni Rocha,-0.011798956,0.31435952,-1.9956219
984,Valadares Filho,0.01693563,-0.21835987,-0.25766808
985,Valtenir Pereira,-0.005136911,-2.1004627,0.13673186
986,Vanderlei Macris,0.071894474,-0.2865995,0.056777608
987,Veloso,-0.001346921,-1.8224069,0.18543991
988,Vicentinho Alves,0.016351748,-1.5138241,-2.82183
989,Vieira da Cunha,0.006171841,-0.083494104,0.25616187
990,Vilson Covatti,0.08867469,-2.6976714,-2.0090966
991,Vinicius Carvalho,-0.043032184,-1.773436,-2.0050435
992,Vital do Rêgo Filho,0.0075146784,-0.11448042,0.5379919
993,Vitor Penido,0.008659996,-0.10442807,-1.3071886
994,Waldir Maranhão,0.09305959,-1.3879124,0.7884971
995,Walter Ihoshi,-0.02056621,-0.49249375,-2.411602
996,Wandenkolk Gonçalves,0.12498233,0.77527964,-2.9364693
997,William Woo,0.09260433,0.035202198,-1.3528029
998,Aelton Freitas,-0.042352058,-2.434134,-2.0959175
999,Camilo Cola,0.052308522,-3.2631202,-2.391677
1000,Djalma Berger,-0.0009667109,-1.412744,-1.7349775
1001,Duarte Nogueira,-0.21819797,0.61921996,-2.8985515
1002,Edmilson Valentim,0.010860839,0.025896586,-0.21736081
1003,Fábio Ramalho,0.04496904,-1.7388114,-0.59767824
1004,Flávio Dino,0.04056644,0.11529021,1.0786871
1005,Hugo Leal,-0.10457896,-2.077562,-1.468116
1006,Ibsen Pinheiro,0.008618121,-1.0524637,0.24332038
1007,João Maia,-0.023831375,-1.8021601,-3.0228899
1008,José Airton Félix Cirilo,-0.0049328925,-0.9275894,-0.04974102
1009,Lindomar Garçon,-0.12294621,-1.45326,-1.7723529
1010,Marcelo Almeida,-0.36824524,0.26012442,2.9849339
1011,Marcelo Melo,0.0011274922,-1.7557888,-0.8916562
1012,Marcelo Serafim,0.00076207303,-1.0925672,0.89464974
1013,Marcio Junqueira,-0.009150059,1.1357576,-1.483729
1014,Matteo Chiarelli,3.1434938e-05,0.46415266,-1.1737605
1015,Nelson Goetten,0.01033766,-5.0693493,-0.31697103
1016,Nilmar Ruiz,-0.0023954227,0.6408093,-0.9576877
1017,Paulo Renato Souza,-0.0039289943,1.4283532,-1.6341088
1018,Paulo Teixeira,-0.060395796,-3.5002594,2.9738505
1019,Professor Ruy Pauletti,0.009305506,0.58663785,-3.558404
1020,Raul Henry,0.14896747,2.6970751,0.62983286
1021,Rebecca Garcia,-0.0058057685,-1.311922,0.4110562
1022,Rodrigo Rocha Loures,-0.027030677,-1.1720088,-1.4639215
1023,Sergio Petecão,-0.0026726604,-1.5411171,0.9595113
1024,Silvio Lopes,-0.17885315,0.75161225,-3.71031
1025,Sueli Vidigal,-0.03521346,-0.70625186,-0.10367278
1026,Tonha Magalhães,0.017222606,-0.17045505,-2.190679
1027,Uldurico Pinto,0.014471652,-1.1371737,1.2578466
1028,Waldir Neves,-0.0015013525,0.5216972,-3.424839
1029,Beto Mansur,-0.01843341,-1.1391156,-2.7869818
1030,Brizola Neto,-0.008383616,-0.83370167,2.0557702
1031,Íris de Araújo,0.0007598669,-2.5453548,-1.5758125
1032,José Fernando Aparecido de Oliveira,0.0017847501,-0.06033368,-1.1857555
1033,Laurez Moreira,3.7951024e-05,-1.705953,-0.07327483
1034,Márcio França,0.016021742,0.012452417,-0.06984661
1035,Marcos Medrado,-0.14963715,-1.1130621,0.6626272
1036,Maurício Trindade,0.0037904119,-0.4117203,-1.7416958
1037,Neudo Campos,-0.0059707607,-1.6716495,-1.9565008
1038,Otavio Leite,0.18604545,-0.28895015,-0.7670863
1039,Ratinho Junior,-0.046520144,-1.5190403,-1.2302462
1040,Rogerio Lisboa,0.004425784,0.72682106,-1.5001427
1041,Sebastião Bala Rocha,-0.001941722,0.34605315,-0.19166553
1042,Abelardo Camarinha,0.18119337,0.36165383,-0.3433322
1043,Acélio Casagrande,0.0003315485,-0.16698425,-0.45287704
1044,Alberto Silva,-4.3174005e-05,-1.0111823,-0.023674073
1045,Antonio José Medeiros,0.006115659,0.11487575,-0.75907654
1046,Bispo Gê Tenuta,0.015611831,1.4685684,-2.1863086
1047,Carlos Bezerra,-0.00056649954,-1.4429187,0.35652933
1048,Carlos Wilson,-7.2870034e-06,-2.2436826,-1.2449178e-05
1049,Fábio Faria,0.065436974,-2.2173667,-2.5991094
1050,Indio da Costa,0.016525947,-0.23126492,-1.1481761
1051,João Carlos Bacelar Filho,-0.10031144,-2.752543,-2.792536
1052,Neri Geller,-0.001288199,-0.950382,-2.1665125
1053,Dr. Basegio,4.1792933e-05,-0.8789366,-2.1340725
1054,Gerônimo da Adefal,1.32528985e-05,-0.016029974,-1.8971729
1055,Mauro Mariani,-0.30979386,-2.609759,-3.8285275
1056,Marina Maggessi,0.00858816,0.3168435,-0.2755427
1057,Izalci Lucas,-0.08489266,0.1999254,-2.2530117
1058,Walter Brito Neto,-3.3145632e-05,-1.1794182,-0.79955876
1059,Geraldo Simões,-0.001855066,-3.9108474,1.014147
1060,Ronaldo Leite,-4.8212532e-05,-1.7217537,0.020025339
1061,José Maia Filho,-0.005152535,-1.1848625,-1.3159498
1062,Ricardo Quirino,0.0134736,-1.2574382,-1.5943466
1063,José Edmar,0.0017308694,-0.57789314,-2.2845798
1064,Márcio Marinho,-0.021455772,-2.0065484,-2.173673
1065,Eduardo Moura,-0.0016714042,-0.1321777,0.0011866125
1066,Laercio Oliveira,-0.019351566,0.005349921,-1.008361
1067,Major Fábio,-0.010737865,1.8482405,-1.6621197
1068,Saturnino Masson,-5.5858258e-05,-0.46227777,-3.46817
1069,Alessandro Sabino,6.075654e-05,1.0344583e-05,-0.017182253
1070,Antonio Carlos Chamariz,-0.0011538762,-1.0799315,-0.7021279
1071,Capitão Assumção,-0.013602039,-0.6235772,1.0089873
1072,Charles Lucena,-0.009007553,-1.8597941,-1.8375291
1073,Eleuses Paiva,0.12100612,0.43511108,-1.9102647
1074,Elizeu Aguiar,-0.0016854291,-2.1584857,-0.7977985
1075,Emilia Fernandes,0.0140578095,-1.1787552,-0.98695433
1076,Emiliano José,-0.0020744368,-2.5926452,1.4771507
1077,Fernando Chiarelli,0.013925518,1.1531632,-0.26341993
1078,Fernando Marroni,-0.0011817493,-4.024353,1.815366
1079,Fernando Nascimento,-0.016721284,-0.93876535,-1.2913535
1080,Glauber Braga,-0.20486632,-0.2800189,2.3080618
1081,Paes de Lira,-0.98313695,1.4268194,-1.1947304
1082,Wilson Picler,-0.0017694274,-0.84622097,-1.211512
1083,José C Stangarlini,-0.0027472991,0.57608294,-0.084480196
1084,Roberto Alves,0.00943706,-2.9343777,-2.5012584
1085,Bene Camacho,-1.9113791e-05,-3.736008,-1.1296871
1086,Geraldinho,-0.013605106,1.2617695,-1.7350607
1087,Milton Vieira,0.0042742337,-0.23820005,-1.2543753
1088,Zé Vieira,-0.045939658,2.0320003,1.0522262
1089,Cassio Taniguchi,0.003924655,0.9207645,-4.1021934
1090,Chico Daltro,0.0139977,-0.91453934,0.018187443
1091,Junior Marzola,7.9542806e-05,1.8460767,-7.330266e-06
1092,Acelino Popó,0.0076103336,0.13217533,-1.0738158
1093,Adrian,-0.012755153,-3.405763,0.66261214
1094,Aguinaldo Ribeiro,-0.09591304,-2.053121,-1.8445956
1095,Alberto Filho,0.00014778599,-3.2201564,-2.9392552
1096,Alceu Moreira,0.014761561,0.1440038,-1.1213605
1097,Alessandro Molon,-0.0036125593,-1.2881422,2.7877069
1098,Alexandre Leite,-0.06140064,-0.7510535,-1.7708871
1099,Alfredo Sirkis,-0.0116345,0.7530328,-0.22606671
1100,Almeida Lima,0.0078198025,0.305152,-1.4957142
1101,Amauri Teixeira,0.04801367,-0.5045411,0.856651
1102,André Dias,4.788417e-06,0.7127756,-0.7781495
1103,Andre Moura,0.009367931,-0.9280248,-2.7196238
1104,Ângelo Agnolin,0.0018318557,-0.7662637,0.3934957
1105,Anthony Garotinho,-0.20766,2.1374948,0.38848186
1106,Antônia Lúcia,0.004095631,-0.35498708,-2.3071268
1107,Antonio Balhmann,-0.0066455007,-1.7377099,0.38698772
1108,Antonio Brito,0.022043392,-0.76374316,-0.6929126
1109,Antonio Imbassahy,-0.05730858,1.3591795,-2.7067363
1110,Arnaldo Jordy,-0.029477293,0.62536913,1.1900257
1111,Arthur Lira,-0.0054155155,-2.5993338,-2.6016603
1112,Arthur Oliveira Maia,0.13575462,-0.11063602,-1.1084212
1113,Artur Bruno,-0.016938603,0.14236146,0.82663137
1114,Assis Melo,0.012192159,-1.7549399,0.5661526
1115,Audifax,-0.4193955,0.3889904,0.910355
1116,Augusto Coutinho,0.036210068,0.9782376,-1.8679155
1117,Aureo Ribeiro,-0.023668792,-0.4723289,-0.90342605
1118,Benedita da Silva,0.0017354304,-4.237323,2.1313841
1119,Berinho Bantim,-0.0052606384,0.41302204,-2.2225673
1120,Bernardo Santana de Vasconcellos,-0.006685973,0.40281233,-1.2920702
1121,Bohn Gass,0.0054428894,-3.9372244,2.909898
1122,Bruna Furlan,0.2415317,-1.126103,0.9145952
1123,Carlaile Pedrosa,3.9107545e-05,1.7114553,-3.692863
1124,Carlinhos Almeida,-0.013502397,0.09965804,-1.6423614
1125,Carlos Magno,0.0016478332,-1.0562571,-1.3599911
1126,Carlos Roberto,-0.00015311796,0.007423148,-3.972876
1127,Carmen Zanotto,-0.012043724,-0.025851175,-0.34505394
1128,Celia Rocha,-0.0034271525,-1.4209981,-1.7159948
1129,Cesar Colnago,-0.02440449,0.4010895,-0.7721871
1130,César Halum,-0.088864885,-1.007265,-1.6685544
1131,Cida Borghetti,0.010642641,-3.2821963,-1.515439
1132,Cláudio Puty,0.0031654353,-1.2329284,1.0589507
1133,Cristiano,6.471883e-05,-3.341889,0.08967027
1134,Danilo Forte,-0.00991158,-0.3328801,-0.59132475
1135,Danrlei de Deus Hinterholz,0.046176914,0.21140136,0.2753481
1136,Delegado Protógenes,0.006792348,-0.32796466,-2.0256379
1137,Delegado Waldir,-0.0059216027,0.618497,1.3141589
1138,Diego Andrade,0.006724301,-1.7381408,-2.975589
1139,Dimas Fabiano,-0.009811017,0.03054654,-0.45584956
1140,Domingos Neto,0.0025387285,-1.7590501,-2.2022588
1141,Domingos Sávio,0.21486898,-0.03425997,-1.1839954
1142,Dr. Aluizio,-0.20686023,0.9311443,-0.22370027
1143,Dr. Carlos Alberto,-0.01737608,-0.8409323,0.8667767
1144,Dr. Grilo,0.014355577,-2.0322511,0.7407574
1145,Dr. Jorge Silva,0.03892047,-1.5400484,0.25671735
1146,Dudimar Paxiuba,0.0010042469,0.14877789,-0.32568595
1147,Edinho Araújo,0.047686253,-2.1937077,-0.977586
1148,Edivaldo Holanda Junior,0.004317901,-1.2551572,0.8661217
1149,Edmar Arruda,-0.07115634,0.2864194,-0.65149665
1150,Edson Pimenta,-0.0011847045,-1.2697493,-2.1196556
1151,Edson Silva,-0.025379956,-1.2507309,0.30374318
1152,Eduardo Azeredo,-0.0047751735,1.2745324,-3.0102437
1153,Eli Corrêa Filho,-0.055280805,-0.92424184,-1.4553138
1154,Eliane Rolim,0.0012688987,-2.641001,-0.10726055
1155,Erika Kokay,0.0033619471,-0.6874354,1.809773
1156,Erivelton Santana,-0.015843369,0.3905999,-2.6523702
1157,Eros Biondini,-0.25020716,0.3973194,-1.7875445
1158,Esperidião Amin,-0.013148144,0.68741363,1.5613829
1159,Fábio Trad,-0.11369616,0.35786697,0.992911
1160,Félix Mendonça Júnior,0.09562588,-0.12594481,0.33654198
1161,Fernando Jordão,-0.0014419667,-2.0410883,-2.3190777
1162,Fernando Torres,0.22887538,-0.5739601,2.207179
1163,Flávia Morais,0.09972822,-1.1368331,1.160325
1164,Francisco Araújo,0.0039707343,-2.0509076,-1.2055378
1165,Francisco Floriano,0.02409801,-0.9110355,-0.627003
1166,Gabriel Chalita,0.0031605687,-2.7009215,-0.93000346
1167,Gabriel Guimarães,0.05573951,-4.5459614,1.4346323
1168,Gean Loureiro,-6.816068e-05,-1.4320266,1.0607373
1169,Genecias Noronha,-0.03063023,-0.17825666,-2.942188
1170,Giovani Cherini,0.031260036,-1.448281,-1.7398354
1171,Giroto,-0.0039309864,-1.471069,-0.38178542
1172,Guilherme Mussi,-0.0045104106,-3.2013927,-3.6641402
1173,Hélio Santos,0.020532034,0.6194301,-2.8039937
1174,Henrique Oliveira,-0.0014389752,0.41085064,0.70877427
1175,Heuler Cruvinel,0.011262272,-0.4936988,-1.3304101
1176,Hugo Motta,0.14185734,-2.7867773,-2.425729
1177,Hugo Napoleão,-0.00954047,0.57774335,-2.8293924
1178,Iracema Portella,0.019794105,-0.7425342,-1.001423
1179,Irajá Abreu,0.015024551,-0.45237568,-0.18607551
1180,Jânio Natal,-0.014234203,-1.3973927,-3.074722
1181,Jaqueline Roriz,0.0024935985,-0.21854143,-1.1008083
1182,Jerônimo Goergen,0.01109117,1.1785613,-0.6965177
1183,Jesus Rodrigues,-0.007817013,-1.2335863,0.9463528
1184,Jhonatan de Jesus,-0.0031249374,-0.85848707,-0.742475
1185,João Arruda,-0.033745818,-0.65181905,2.1484902
1186,João Paulo Lima,-0.0072095892,-0.47151867,1.0657431
1187,Jonas Donizette,0.001598419,-1.4673458,0.4346096
1188,Jorge Côrte Real,0.0860307,-2.3618948,-1.9332975
1189,Jorginho Mello,0.25683883,-1.1349427,0.13974226
1190,José Augusto Maia,0.4174654,-1.6232893,0.6597395
1191,José De Filippi,0.0053949417,-2.969081,0.3807995
1192,José Humberto,-0.031720072,-0.78307897,-2.3890512
1193,José Nunes,-0.029703218,-1.0809668,-1.9257783
1194,Jose Stédile,-0.08090562,0.009522553,-0.5653703
1195,Júlio Campos,0.023347506,0.8078373,-1.4257535
1196,Júnior Coimbra,0.0031199825,-2.8255548,-2.7688713
1197,Junji Abe,0.08089907,-1.1137286,-2.5855396
1198,Keiko Ota,0.045602288,-0.31854215,-0.3793461
1199,Lauriete,-0.08571048,-1.2582321,-2.6350973
1200,Leopoldo Meyer,0.018714722,-0.28601986,-0.30711848
1201,Liliam Sá,-0.030131806,0.49024022,0.16110362
1202,Lourival Mendes,0.041881613,0.06565247,-1.193229
1203,Luciana Santos,0.006443246,-2.1018176,1.4864763
1204,Luciano Moreira,3.5108565e-06,-0.049565937,1.1267753
1205,Lucio Vieira Lima,-0.014811594,-0.41887814,-2.940466
1206,Luis Tibé,-0.1367716,-3.3568592,-3.995332
1207,Luiz Argôlo,-0.01047461,-1.9601812,1.0826727
1208,Luiz Carlos,0.042467147,-0.09338363,-0.7514134
1209,Luiz Fernando Machado,-0.001234338,0.37284908,-1.7431774
1210,Luiz Nishimori,0.06308263,-1.003072,-2.272494
1211,Luiz Noé,0.009372062,-3.0881755,0.694933
1212,Luiz Otavio,0.0008455735,-4.3106823,-0.34535697
1213,Mandetta,-0.0017747404,1.0170153,-1.2387792
1214,Mara Gabrilli,-0.004979057,0.15317343,-1.1608568
1215,Marcelo Aguiar,0.015843373,-1.7415437,-3.2347484
1216,Marcelo Matos,-0.01001522,-0.95511115,-0.58565444
1217,Márcio Macêdo,-0.0013213422,-3.9219186,1.5302459
1218,Marcon,0.008482456,-1.1980656,0.47988576
1219,Marcus Pestana,-0.0030925423,1.1049106,-2.0902529
1220,Marina Santanna,-8.838634e-05,-0.9895764,1.6439017
1221,Marllos Sampaio,0.0041646105,-2.4646952,-1.0932626
1222,Miriquinho Batista,0.009403795,-2.1174881,0.6239068
1223,Missionário José Olimpio,0.008752226,0.110720776,-1.9333233
1224,Nelson Marchezan Junior,-0.11582158,0.59600264,-1.038254
1225,Nelson Padovani,-0.055692915,-0.25759724,-1.4790449
1226,Newton Cardoso,-0.0032585145,0.40636283,-0.49560025
1227,Newton Lima,0.0012673907,-2.2095494,1.3464669
1228,Nilda Gondim,-0.004218167,-2.7980592,-2.8324702
1229,Onofre Santo Agostini,0.013493596,0.33777887,-1.2012186
1230,Otoniel Lima,0.03019275,-1.0408113,0.29192555
1231,Oziel Oliveira,-0.009429226,0.055055786,-0.9376077
1232,Padre João,-0.0028729974,-3.6607926,3.3437955
1233,Padre Ton,0.005440705,-1.4565109,0.42081743
1234,Pastor Eurico,-0.010254579,1.122392,-1.1807573
1235,Pastor Marco Feliciano,-0.15476517,-0.13034163,-1.667751
1236,Paulo Cesar Quartiero,-0.00019477367,1.7055339,-3.577102
1237,Paulo Foletto,0.114474155,-0.13391466,-0.22720179
1238,Paulo Freire Costa,-0.36670062,-0.210798,-1.4634254
1239,Paulo Wagner,0.022419976,-0.73303974,0.4129717
1240,Pedro Uczai,0.0041922703,-1.6520972,1.8268238
1241,Policarpo,0.0041158814,-0.45371082,0.26708597
1242,Professora Dorinha Seabra Rezende,0.0635509,-0.44147176,0.8494741
1243,Professora Marcivania,0.013594392,-0.98613536,0.88159215
1244,Raimundão,1.4140041e-06,-1.189461,-2.1983533
1245,Raul Lima,0.00018976312,0.04140466,-0.950619
1246,Reguffe,-0.28364882,2.5079467,-0.8971018
1247,Reinaldo Azambuja,-0.0021610039,1.3596424,-3.4067104
1248,Renan Filho,-0.0050278115,-2.0042121,-0.30691203
1249,Ricardo Izar Junior,0.09490717,-0.11664322,0.46723062
1250,Roberto de Lucena,0.056817323,0.0013673009,-1.1097273
1251,Roberto Dorner,-0.0059569366,-0.5784124,-1.5273411
1252,Roberto Teixeira,-0.0021023634,-2.4455981,-0.99234277
1253,Rogério Carvalho,-0.0003012508,-3.003482,0.8977087
1254,Rogério Peninha Mendonça,-0.1544089,-0.5613407,-1.9710505
1255,Romário,-0.0066961707,-1.6724229,0.7351524
1256,Romero Rodrigues,0.0010907436,1.8647987,-2.0928407
1257,Ronaldo Benedet,0.007008194,-2.8953164,-1.586047
1258,Ronaldo Fonseca,-0.2102851,-0.7439409,-0.62894034
1259,Ronaldo Nogueira,-0.01193354,-0.67237395,-0.3209428
1260,Ronaldo Zulke,-0.018352214,-1.5089242,1.0345516
1261,Rosane Ferreira,0.002152092,0.05846917,0.28054762
1262,Rui Costa,0.005725722,0.07359918,0.6807124
1263,Rui Palmeira,0.0087449765,1.7120663,-1.5522501
1264,Ruy Carneiro,0.15144604,-0.4301441,0.43149793
1265,Ságuas Moraes,0.018836798,-6.3541,3.800355
1266,Sandro Alex,0.012853194,0.14388877,-0.68621445
1267,Sibá Machado,0.002509334,-3.6327393,2.6404016
1268,Stefano Aguiar,-0.10564689,0.58504736,-1.7241771
1269,Stepan Nercessian,0.013981123,0.9494558,-0.10226896
1270,Taumaturgo Lima,-0.004122523,-3.1993604,-1.5803123
1271,Tiririca,0.35391048,-2.203589,2.2621236
1272,Toninho Pinheiro,-0.013560952,-1.5577793,-1.6768374
1273,Valdivino de Oliveira,-0.043606557,0.64570117,-1.7003946
1274,Valmir Assunção,-0.00879521,-1.7474582,1.7651023
1275,Vaz de Lima,0.009496829,0.34389,-1.4114712
1276,Vicente Candido,2.1989821e-05,-4.59022,1.3182455
1277,Vilalba,0.012275284,-1.0838476,-0.3146105
1278,Vinicius Gurgel,-0.3616667,-1.4184868,-2.7190018
1279,Vitor Paulo,-0.042946454,-1.373312,-1.0142576
1280,Waldenor Pereira,-0.006681454,-0.62751174,1.8936845
1281,Walney Rocha,-0.0019173487,-0.4147569,-0.104858406
1282,Walter Tosta,0.023281075,-0.18383099,0.13006084
1283,Washington Reis,-0.009667651,-4.03906,-2.0115373
1284,Weliton Prado,0.13253954,1.8326348,0.59441304
1285,William Dib,-0.031824954,0.6082967,-1.7757484
1286,Zé Silva,0.12154554,-0.0154021345,-1.450515
1287,Zeca Dirceu,0.10993986,-2.7412207,1.6347101
1288,Zoinho,0.01605093,0.73253316,0.5082004
1289,Assis Carvalho,0.0048766136,-4.2850184,2.1483743
1290,Teresa Surita,-0.0014873615,-2.8309581,-0.73920953
1291,Anderson Ferreira,0.0061378023,-2.043629,-1.6768327
1292,Dra.Elaine Abissamra,-6.612444e-05,-4.55261,-1.5300354e-06
1293,Fernando Francischini,0.019958317,0.66626936,-0.52396744
1294,João Ananias,-0.09449704,-0.7473228,-0.08732377
1295,Luiz Pitiman,-0.0025901082,0.107450314,-0.55221593
1296,Magda Mofatto,-0.24751766,-1.7077973,-2.2303655
1297,Mendonça Filho,-0.015572973,1.8242164,-3.3534944
1298,Renzo Braz,-0.020563701,1.1813107,-0.96255535
1299,Rosinha da Adefal,0.0057296115,0.53669304,-2.0702553
1300,Weverton Rocha,-0.02856301,-0.46032196,1.0328248
1301,Alberto Mourão,0.01058761,-0.5227095,-0.092096046
1302,Alexandre Roso,0.022292705,-1.1470708,-0.9162751
1303,Jean Wyllys,0.0023347924,1.2904247,-0.26652133
1304,Marcos Rogério,-0.17079827,0.22921114,-0.57760864
1305,Nilson Leitão,-0.0070888535,1.4689395,-2.908911
1306,Romanna Remor,-2.0165235e-05,-2.9700282,-1.2725508e-05
1307,Sergio Guerra,-0.015813634,1.1280606,-1.6809435
1308,Severino Ninho,-0.0055319774,-0.008033134,-0.16623749
1309,Vanderlei Siraque,-0.0043818806,-0.37473515,0.5360349
1310,Penna,0.13012986,0.8659725,-0.50060385
1311,Armando Vergílio,-0.009860694,-0.58897865,-2.7285674
1312,Cabo Juliano Rabelo,-0.009121455,0.33978453,1.111242
1313,Chico das Verduras,-0.0022612398,-2.8333147,-0.30510756
1314,Wilson Filho,-0.01851853,-2.1990285,-1.5609537
1315,Pedro Paulo,-0.10757607,-0.956386,-0.15000428
1316,Sergio Zveiter,0.008584057,-1.8489707,-1.8565928
1317,Thiago Peixoto,-0.0022828677,0.77671945,-1.2539468
1318,Rodrigo Garcia,-0.00023671123,0.8783172,-2.7650812
1319,Marco Tebaldi,0.0054870197,-0.018128106,-1.8646497
1320,Rodrigo Bethlem,-0.005467335,-0.65127,2.843971
1321,Afonso Florence,-0.014006356,-4.097291,3.2464283
1322,Gera Arruda,0.003708028,-1.8814102,-1.8822728
1323,Leonardo Gadelha,0.0023882515,-1.2670295,-2.8278604
1324,Paulo Ferreira,0.0052240877,-2.5639865,1.5753944
1325,Simplício Araújo,2.2617976e-05,1.4595684,-1.0531372
1326,Mário Feitoza,-0.0053431583,-3.413391,-3.1514354
1327,Danilo Cabral,0.004816541,-2.1988187,1.9532573
1328,Paulo Tadeu,-0.00012389907,-1.9333606e-06,-2.2114977e-05
1329,Telma Pinheiro,-2.832334e-05,1.2837666,-0.032316644
1330,Professor Sérgio de Oliveira,0.006588305,-1.4119687,-1.5246402
1331,Paulo Marinho Junior,0.0035312634,-0.043822654,0.012081941
1332,Ricardo Archer,-0.00015452883,-2.4230902,0.008615707
1333,Valry Morais,-0.0029685383,0.22793052,0.028335074
1334,Vicente Selistre,3.1343334e-05,-0.53238654,-0.23489799
1335,Dr. Dilson Drumond,0.0039186166,1.3781295,-1.5792065
1336,Alexandre Toledo,-0.004852466,0.6177868,-0.6821186
1337,Fabio Reis,-0.026683392,-2.766299,-2.0989687
1338,Francisco Chagas,-0.00011333551,-3.5289507,0.88182104
1339,Goiaciara Cruz,-0.019945629,2.2489793,0.94703525
1340,Ilário Marques,-0.013091155,-3.6181743,1.4001087
1341,Luiz de Deus,-0.0065119206,0.78447455,-1.1427673
1342,Margarida Salomão,-0.19547766,-1.4719584,1.7195469
1343,Paulão,-0.017474206,-3.384714,2.8694968
1344,Pedro Guerra,0.006850344,-0.106280774,-0.71381515
1345,Plínio Valério,-0.38347742,0.0830004,-1.0116483
1346,Renato Andrade,-0.0029713039,-0.48976082,-1.836655
1347,Akira Otsubo,0.11486838,-2.401633,-2.0909452
1348,Amir Lando,0.003440793,1.112862,1.1040286
1349,Celso Jacob,0.1715705,-3.6199863,-2.882584
1350,Eurico Júnior,0.044307034,-0.7162708,-0.4008765
1351,Manuel Rosa Neca,0.018544845,-0.8474742,0.94457424
1352,Renato Simões,-3.8831655e-05,-1.1216419,1.315981
1353,Ricardo Arruda,0.00040329466,-1.7888745,-1.4740782
1354,Leomar Quintanilha,0.014860663,-1.2525727,-1.5720209
1355,Helcio Silva,0.00060797675,-3.269517,1.1139339
1356,Dudu Luiz Eduardo,-8.528712e-06,1.1951127,-1.1147503
1357,Gustavo Petta,0.00018000342,-1.8077046,1.7289943
1358,João Rodrigues,0.08440229,0.1635172,-0.9392905
1359,Maria Lucia Prandi,-2.2430222e-05,-2.1324687,0.37965354
1360,Subtenente Gonzaga,-0.026712693,-0.34942678,0.7762922
1361,Francisco de Assis,4.9894756e-05,-1.06687385e-05,-7.751527e-06
1362,Adail Carneiro,0.17421786,-1.1788219,-2.677812
1363,Adelmo Carneiro Leão,-0.016690094,-1.5939319,2.1177204
1364,Adelson Barreto,-0.0066401153,0.43518353,0.104662724
1365,Adilton Sachetti,-0.14400595,1.032322,-2.1700091
1366,Afonso Motta,0.14028747,-1.9776236,0.74409693
1367,Alan Rick,0.1230544,-1.0546575,-0.77491486
1368,Alexandre Serfiotis,-0.013181306,0.67472446,0.7361787
1369,Alexandre Valle,-0.32261193,-2.360149,-1.713163
1370,Alfredo Nascimento,-0.0029041187,-4.3100667,-0.38458472
1371,Altineu Côrtes,-0.0006018444,-3.6239467,-2.5099044
1372,Ana Perugini,0.06061766,-2.4254563,2.1850054
1373,André Abdon,-0.066573374,-2.9946718,-3.505451
1374,Andres Sanchez,0.004155246,-2.7052736,-0.22086854
1375,Angelim,0.02760162,-1.6319654,0.9824419
1376,Arthur Virgílio Bisneto,0.0062781693,1.0359612,-2.7000809
1377,Bacelar,0.14013608,-0.5393382,3.4772713
1378,Adalberto Bebeto,0.09581286,0.5234164,0.9574838
1379,Betinho Gomes,-0.021496143,0.46073934,-1.3744731
1380,Bruno Covas,0.011247932,0.8757943,-1.547341
1381,Cabo Daciolo,0.24595708,0.34122118,2.1383426
1382,Cabo Sabino,0.04612065,0.846223,0.08429402
1383,Cabuçu Borges,0.2798549,-2.2355897,-2.0666723
1384,Cacá Leão,0.03475117,-3.6393433,-4.1010737
1385,Caetano,0.26488364,-1.3194326,0.8334227
1386,Caio Narcio,-0.023050282,0.7640628,-1.6350548
1387,Capitão Augusto,-0.00618119,-0.036526512,-0.68724936
1388,Carlos Andrade,-0.009370396,0.20049092,-0.891846
1389,Carlos Gomes,0.0054110056,-1.9942931,-1.8469509
1390,Carlos Henrique Gaguim,0.081588075,-2.5324419,-1.9533868
1391,Célio Silveira,0.021918276,-0.68749607,-0.42923895
1392,Celso Pansera,0.17658658,-2.0545628,1.8414708
1393,César Messias,-0.2823202,0.8948298,0.6996227
1394,Cesar Souza,0.18310489,-1.7645559,-0.1417173
1395,Christiane de Souza Yared,-0.017915247,0.15655817,0.9294223
1396,Cícero Almeida,-0.081381656,-0.48385924,-0.80201536
1397,Conceição Sampaio,0.13842264,-0.58436626,0.76110464
1398,Covatti Filho,-0.030156437,1.3035315,-0.5267801
1399,Cristiane Brasil,-0.114290364,1.108323,-2.6501486
1400,Dâmina Pereira,0.014490792,-0.7344063,-0.13309553
1401,Daniel Coelho,9.424711e-05,1.0292144,-0.37611803
1402,Daniel Vilela,-0.0046395,-2.07667,0.22081324
1403,Delegado Éder Mauro,-0.074126154,0.3350039,-1.4147065
1404,Delegado Edson Moreira,-0.63285184,-1.5653691,-1.6751087
1405,Diego Garcia,-0.08398981,1.0867165,-0.6009935
1406,Dulce Miranda,0.04620028,-1.320595,-0.2331786
1407,Edmilson Rodrigues,0.00978201,0.58679605,1.3275543
1408,Eduardo Bolsonaro,-0.048860673,1.1448209,-1.2043953
1409,Eduardo Cury,-0.008690976,-0.63257456,0.11322678
1410,Eliziane Gama,-0.06131826,1.0270554,1.0347344
1411,Elmar Nascimento,-0.0013927588,-0.8308444,-2.2630723
1412,Enio Verri,0.0069636195,-4.161165,2.9581938
1413,Evair Vieira de Melo,0.021346282,0.33064967,-2.5843213
1414,Evandro Gussi,0.014408864,0.4995001,-2.6145084
1415,Evandro Roman,0.0066705868,-1.0928481,-1.2390667
1416,Expedito Netto,-0.13555938,0.84719825,1.2909107
1417,Ezequiel Fonseca,0.059710126,-0.9050274,-0.69946796
1418,Ezequiel Teixeira,0.017847639,0.4675779,-1.7280794
1419,Fabiano Horta,-2.154342e-05,-4.3145967,2.1654894
1420,Fabio Garcia,0.021661922,0.6531681,-2.4354713
1421,Fábio Mitidieri,0.0069576814,-0.65644085,0.23034291
1422,Fábio Sousa,0.06986627,1.048267,-0.47575244
1423,Fernando Monteiro,0.015503243,-3.3552296,-3.237536
1424,Flavinho,0.038253278,1.2313812,0.8386952
1425,Geovania de Sá,-0.08614167,-1.3259482,-0.8274409
1426,Giuseppe Vecci,-0.00045233467,0.95345795,-1.9746526
1427,Givaldo Vieira,0.012848827,-3.2981734,1.5617201
1428,Goulart,0.1306556,-1.479017,-1.4264532
1429,Hélio Leite,-0.0345342,-0.7118319,-1.0041262
1430,Herculano Passos,0.012462122,-2.333092,-1.0003183
1431,Hildo Rocha,0.002085461,0.9556784,0.39753965
1432,Hiran Gonçalves,-0.0073161833,-2.3747923,-1.6756177
1433,Hissa Abrahão,-0.0048869876,0.06390298,0.75976574
1434,Irmão Lazaro,0.25961092,1.059303,1.697438
1435,JHC,-0.22260872,0.8263357,-0.06716873
1436,João Daniel,0.005379329,-2.4297693,1.3642668
1437,João Derly,-0.06687691,-0.20246385,0.2961785
1438,João Fernando Coutinho,0.05336781,0.8453578,-1.4826641
1439,João Gualberto,0.0027293698,1.1826667,-1.375706
1440,João Marcelo Souza,-0.1952109,-3.0148807,-1.3101548
1441,Joaquim Passarinho,-0.16092825,0.4916146,-1.3746842
1442,Jony Marcos,0.018280497,-2.0162826,1.0745227
1443,Jorge Solla,-0.08160965,-1.3861845,1.8262947
1444,José Fogaça,-0.079426736,0.4077659,1.391308
1445,José Reinaldo,-0.024702406,-0.08969989,-4.1060133
1446,Josi Nunes,0.0070022717,-2.452079,-0.51202685
1447,Jozi  Araújo,0.02227008,-2.055873,-2.8275406
1448,Júlia Marinho,-0.011717482,0.6347738,-1.3330712
1449,Junior Marreca,-0.011684633,-2.243963,-2.653658
1450,Kaio Maniçoba,0.0015325177,-0.050650544,-1.4694113
1451,Laudivio Carvalho,-0.3427991,-1.0343685,0.27952018
1452,Leandre,0.12792432,0.43156576,-0.5042438
1453,Leo de Brito,0.11085289,-4.7246647,3.2350018
1454,Lucas Vergilio,-0.0035073708,1.0025334,-1.4076972
1455,Luciano Ducci,0.06873811,-0.5165764,0.2564573
1456,Luiz Carlos Ramos,-0.010314216,0.0016095648,1.3776056
1457,Luiz Cláudio,-0.010019235,-3.893974,-1.3816438
1458,Luiz Lauro Filho,0.14236149,-0.23436072,-1.4827585
1459,Luizianne Lins,0.2314426,-1.2431571,1.2410169
1460,Macedo,-0.20372629,-5.44635,-0.978466
1461,Major Olimpio,-0.004178552,0.4160478,1.2757306
1462,Marcelo Aro,0.0110448245,-0.050899208,-2.634015
1463,Marcelo Squassoni,0.01940934,-2.9942625,-2.2301748
1464,Marcio Alvino,-0.037162513,-3.1172822,-3.1671948
1465,Marcos Abrão,0.05699048,0.9719362,-0.555035
1466,Marcos Rotta,-0.04193985,-2.2844572,-2.1740716
1467,Mário Negromonte Jr,-0.0010754234,-0.880625,-0.5616918
1468,Marquinho Mendes,-0.0028593775,-3.613171,-2.790038
1469,Mauro Pereira,-0.008611219,-1.4564568,-2.0679297
1470,Max Filho,-0.06226255,0.33762187,0.09825459
1471,Miguel Haddad,-0.0040531303,-0.1637876,-0.6636123
1472,Miguel Lombardi,0.10527975,-3.0068479,-2.0252519
1473,Misael Varella,-0.28697413,-1.1169583,-2.541681
1474,Moema Gramacho,-0.0035863684,-1.2397299,1.2990447
1475,Newton Cardoso Jr,-0.07788676,-1.0335805,-0.39161995
1476,Nilto Tatto,0.017509641,-4.074693,2.6574228
1477,Osmar Bertoldi,-0.005236259,0.28549576,-2.0414193
1478,Pedro Cunha Lima,0.14405806,0.029996343,0.14756066
1479,Pedro Vilela,0.0789393,-0.30467454,-0.4821837
1480,Rafael Motta,0.03941051,-1.8689018,1.0662588
1481,Renata Abreu,0.21005912,-1.0446355,-0.44023526
1482,Roberto Sales,-0.008196392,-2.9845092,-2.3202276
1483,Rocha,-0.11462492,0.5865942,-0.1927514
1484,Rodrigo Martins,0.018355569,1.8793689,-1.0094995
1485,Rogério Rosso,0.01503466,-3.5587373,-1.5410364
1486,Ronaldo Carletto,0.0075834845,-1.457803,-3.0920668
1487,Ronaldo Lessa,-0.022324005,-0.19967811,1.1442815
1488,Ronaldo Martins,-0.018918734,0.13197732,-0.21335368
1489,Rôney Nemer,0.024609582,-1.7669609,1.072897
1490,Rosangela Gomes,-0.061188556,-2.113948,-1.4991764
1491,Rubens Pereira Júnior,0.08195952,-0.70499045,1.3181782
1492,Samuel Moreira,4.2042957e-05,-0.80795,0.5868549
1493,Sérgio Reis Bavini,0.0115767885,-3.1977303,-1.5600032
1494,Sergio Souza,0.057997726,-3.3614707,-2.6069896
1495,Sergio Vidigal,0.07907335,-0.9652961,1.113437
1496,Simone Morgado,-0.028299004,-2.8276744,0.70757467
1497,Soraya Santos,0.009366895,-1.877274,-2.1728334
1498,Sóstenes Cavalcante,0.062067073,0.06743536,-0.63108844
1499,Tenente Lúcio,-0.028621137,0.37571853,-2.0233133
1500,Tereza Cristina,-0.019676017,-0.14102443,-3.9169471
1501,Uldurico Junior,-0.13945282,-0.18520866,-1.7246149
1502,Valmir Prascidelli,0.015991908,-4.8994865,2.066347
1503,Veneziano Vital do Rêgo,-0.0105008865,-0.18316612,0.7649615
1504,Vicentinho Júnior,-0.03129113,-2.524982,-1.9731137
1505,Victor Mendes,0.04624927,-0.39523533,0.47543478
1506,Vitor Lippi,0.14184308,-1.2327672,0.3255987
1507,Vitor Valim,-0.002299975,2.6216443,0.34890077
1508,Wadson Ribeiro,-0.053556643,-1.1902187,2.8390954
1509,Walter Alves,0.28884614,-2.4824257,-1.6293427
1510,Zé Carlos,0.0061163516,0.55664504,0.32113206
1511,Zeca Cavalcanti,-0.0038399156,-3.6572878,-1.4034436
1512,Zeca do Pt,0.00081768166,-5.2285957,1.8660262
1513,Zenaide Maia,0.19957557,-0.50803006,4.5499964
1514,Abel Mesquita Jr.,0.0042661005,0.24666849,-0.014581317
1515,Adalberto Cavalcanti,0.008780685,-4.034545,-4.1587806
1516,Alex Manente,0.024037054,0.59204006,-0.47090364
1517,Aliel Machado,0.09105307,-1.2122086,2.2153888
1518,André Fufuca,-0.046157632,-2.6012416,-3.728227
1519,Antônio Jácome,0.025076974,-0.17385997,-0.6041935
1520,Baleia Rossi,0.0355234,-1.8904285,-1.2700506
1521,Beto Rosado,-0.00013008984,-1.515759,-2.1948886
1522,Beto Salame,0.22187419,-3.064055,0.87140805
1523,Carlos Marun,-0.18892646,-1.9977487,-3.099362
1524,Clarissa Garotinho,0.05228265,0.48618025,0.4905427
1525,Dr. João Neto,0.010247343,-1.5656611,-1.8033966
1526,Dr. Sinval Malheiros,0.07695626,-0.3965984,-1.0103003
1527,Fabricio Oliveira,0.0012936925,0.6404762,-2.1474795
1528,Francisco Chapadinha,0.014139956,-1.4519541,-1.8642608
1529,Heitor Schuch,-0.068001844,-0.9190363,0.955475
1530,Helder Salomão,-0.00022944892,-1.8256317,1.1269232
1531,Jarbas Vasconcelos,-0.07650285,3.216581,-0.5970342
1532,Jéssica Sales,0.0052075423,-1.0495036,-0.70094687
1533,João Paulo Papa,-0.010235411,-0.12309124,-0.62759537
1534,Lucio Mosquini,-0.009542658,-0.98884946,-1.4075084
1535,Marcelo Belinati,0.4805176,2.6080756,2.7175221
1536,Marcos Reategui,-0.13144498,0.4841163,0.13254316
1537,Marcos Soares,-0.30646664,-0.7830981,-0.008141543
1538,Mariana Fonseca Carvalho,0.24720399,-0.7861825,-0.71946716
1539,Marx Beltrão,-0.053543262,-0.32598597,-1.1528654
1540,Orlando Silva,0.09901284,-1.6702601,0.4165186
1541,Paulo Azi,0.010201544,-0.6560957,-1.8476471
1542,Remídio Monai,-0.004209091,-1.4344715,-1.0135187
1543,Roberto Góes,0.028012168,-0.030612016,0.113823146
1544,Rossoni,0.02445633,-1.2063355,-0.69872534
1545,Shéridan,0.17062704,-0.7649313,0.6790693
1546,Silas Freire,0.06206306,0.26228297,2.2477605
1547,Tia Eron,0.011739761,-1.7234254,-2.068812
1548,Toninho Wandscheer,-0.0018037483,-1.0746512,-3.4125872
1549,Wadih Damous,0.013661657,-0.24996153,1.1723988
1550,Aluisio Mendes,-0.38797376,-0.44439924,-1.4649459
1551,Brunny,-0.07320901,-2.7404213,-0.26702437
1552,Elizeu Dionizio,-0.19001189,-1.4576991,-0.7879022
1553,Floriano Pesaro,-0.00014931819,1.1807201,-2.4279673
1554,Franklin,0.002797421,-2.866606,-1.9433241
1555,Marcelo Álvaro Antônio,-0.23926997,0.020265143,-0.6800249
1556,Marinaldo Rosendo,0.11375451,0.6556395,-3.0303452
1557,Moses Rodrigues,0.0026194265,0.56972104,-0.6077719
1558,Odorico Monteiro,0.47648782,-3.4127636,1.5210861
1559,Raquel Muniz,0.0036695427,0.4983749,-2.8177834
1560,Ricardo Teobaldo,0.16342771,-1.2365086,-1.5086312
1561,Rodrigo Pacheco,-0.039937053,-2.060476,-0.8106714
1562,Tadeu Alencar,-0.0576021,-0.6507542,1.172319
1563,Alexandre Baldy,0.0081527,0.96056193,-2.611562
1564,Davidson Magalhães,0.00039900123,-1.2926812,2.1013005
1565,Fausto Pinato,0.019044928,-1.3154216,-1.0850528
1566,Juscelino Filho,0.028064039,-1.4750106,-1.3476579
1567,Deoclides Macedo,0.006560676,-0.5390723,0.84475815
1568,Merlong Solano,-0.0008092489,0.23536961,0.07918389
1569,Flávio Nogueira,0.048788078,-0.42685258,-1.7945831
1570,Rosângela Curado,-0.028962392,-2.3527153,0.29222938
1571,Angela Albino,-0.0010478036,-2.6480453,1.6846762
1572,Zé Augusto Nalin,-0.17602219,-5.397551,-1.0345056
1573,Marco Antônio Cabral,-0.008724026,-2.0796573,-2.6688156
1574,Nelson Nahim,0.00016067128,2.1376887e-05,-4.3062075e-05
1575,Wilson Beserra,-0.000963382,-2.426101,-1.8030698
1576,Capitão Fábio Abreu,-0.01766168,-0.5602672,0.74711347
1577,Rejane Dias,-0.091556884,-1.5951129,1.2727752
1578,Felipe Carreras,0.008399521,-0.11860641,-0.4324745
1579,Giovani Feltes,-0.041392427,-0.26005894,-0.63237745
1580,João Paulo Kleinübing,-0.0027206284,0.73560125,-0.61057556
1581,Márcio Biolchi,-0.003946157,0.28444442,-0.8328654
1582,Sebastião Oliveira,-0.009586605,-3.9603636,-5.184767
1583,Paulo Eduardo Martins,-0.021141123,3.2483394,-1.6005003
1584,Tampinha,-0.0031087296,-1.9708366,-0.40144888
1585,Cajar Nardes,0.098371565,0.8483244,-1.1282086
1586,Moisés Diniz,0.0008158109,-1.5151083,1.5442663
1587,Nivaldo Albuquerque,-0.028140834,0.47009906,-2.4146698
1588,Pollyana Gama,-0.0019210675,0.46693656,0.020706052
1589,Átila  A. Nunes,0.00040196668,-0.492514,1.6685725
1590,Pastor Luciano Braga,0.099246874,-2.3343444,-2.2372155
1591,André Amaral,-0.19169736,0.8012126,-2.4175894
1592,Creuza Pereira,-0.15971391,-2.291734,-0.2160635
1593,Ildon Marques,-0.0010101538,0.10999522,-1.3521599
1594,Jones Martins,-0.17480591,-1.3838167,-2.1189477
1595,Val Amélio,-0.00020932681,-0.002847097,-4.705196
1596,Guilherme Coelho,-0.003451699,-0.3488927,-2.5416174
1597,Ricardo Bentinho,0.0012048674,-0.005679969,-2.6911278
1598,Luana Costa,-0.018556407,-2.6591127,-0.23857273
1599,Dejorge Patrício,0.0017306337,-0.014660533,-0.35193866
1600,Izaque Silva,-0.012088113,-1.1518596,-0.07037438
1601,Luzia Ferreira,-0.006222068,0.002093553,0.391775
1602,Norma Ayub,-0.0047277394,-3.452884,-0.19948988
1603,Rogério Silva Santos,-0.47664732,0.9394546,0.49350163
1604,Vaidon Oliveira,-0.39712912,-0.46449655,-3.3422146
1605,Marcelo Delaroli,1.7746677e-05,-1.5424689,-1.3401579
1606,Robinson Almeida,-2.4404284e-05,-1.6935493,0.32518405
1607,Xuxu Dal Molin,-0.014427566,0.020736588,-3.5094953
1608,Adérmis Marini,0.0118774455,0.05289975,-0.123794734
1609,Lourival Gomes,0.07686256,-0.48203743,-1.2090247
1610,Prof. Gedeão Amorim,0.057482194,-1.0918128,1.6420904
1611,Osvaldo Mafra,0.13792071,-1.2235649,2.2402084
1612,Euricelia Cardoso,0.0040159165,-0.0018048254,0.025669936
1613,Eron Bezerra,-7.387442e-05,-2.4535303,-1.1441479
1614,Professor Pacco,0.0014813978,-3.0373764,-0.106344596
1615,Washington Coração Valente,6.375374e-05,-0.8890267,-1.015114
1616,Freitas do PT,-3.153879e-05,0.006088896,0.023709344
1617,Abílio Santana,-0.011059465,-0.54355544,-2.149889
1618,Abou Anni,0.08807036,-0.25512218,-0.95833
1619,Adolfo Viana,0.019340172,-1.9817448,-1.7690835
1620,Adriana Ventura,0.0054473565,0.5742753,-0.48573613
1621,Adriano do Baldy,0.022366576,-4.3942394,-5.2383456
1622,Alcides Rodrigues,-0.20523424,-0.9316433,-1.1392325
1623,Alê Silva,-0.010664374,1.5263183,-2.885732
1624,Alexandre Frota,0.081402555,-2.432894,2.9430363
1625,Aline Sleutjes,-0.101933,0.5559521,-2.750818
1626,Amaro Neto,-0.011413755,-1.9696673,-2.2717297
1627,André Janones,0.027071947,0.011313211,1.039826
1628,Aroldo Martins,-0.0010478122,-2.2340221,-1.7243774
1629,Benes Leocádio,-0.29458332,-1.9783393,-1.4124012
1630,Beto Pereira,0.23260896,-1.5143088,-0.10533015
1631,Bia Cavassa,0.3621485,-2.259662,0.005418068
1632,Bia Kicis,-0.06446778,1.2122461,-2.9552574
1633,Boca Aberta,-0.01099076,0.9296966,0.10539681
1634,Capitão Alberto Neto,-0.078917526,1.6595987,-2.1555138
1635,Guilherme Derrite,-0.013456384,3.5407805,-2.232784
1636,Capitão Wagner,-0.0016783698,1.4302616,-1.4527695
1637,Carlos Chiodini,0.036470875,0.31000674,-0.5890212
1638,Carlos Jordy,-0.29900727,1.2604734,-3.075596
1639,Caroline de Toni,-0.12806457,0.9971738,-1.5740188
1640,Cássio Andrade,0.24737073,-1.5177649,0.5839945
1641,Célio Studart,0.19246227,0.19532248,0.8271568
1642,Celso Sabino,-0.043105915,-1.8955238,-1.251842
1643,Charles Fernandes,-0.29702893,-1.03525,-0.23727804
1644,Charlles Evangelista,-0.019228388,0.3996298,-2.0923908
1645,Chiquinho Brazão,0.011043536,-2.1944947,-3.1579378
1646,Chris Tonietto,-0.007851353,1.861851,-1.776717
1647,Christino Aureo,0.00011518886,-2.5673432,-2.4190662
1648,Coronel Armando,-0.012974767,0.0011686005,-4.5906277
1649,Coronel Chrisóstomo,-0.014877271,0.5353786,-4.5620017
1650,Coronel Tadeu,-0.009557509,0.52471364,-2.330411
1651,Cristiano Vale,-0.031889375,-3.9929607,-2.5710726
1652,Daniel Freitas,-0.01636912,1.0815426,-3.6402197
1653,Daniel Silveira,-0.30062166,1.1090077,-4.4068274
1654,Daniel Trzeciak,0.048617586,-0.88973886,0.11700832
1655,Darci de Matos,0.009632637,-1.4906095,-2.2958798
1656,David Soares,0.00066537363,-1.290121,-0.16553393
1657,Delegado Antônio Furtado,0.019296352,-0.41453835,0.39993098
1658,Delegado Marcelo Freitas,0.031123651,0.33537942,-1.4465418
1659,Delegado Pablo,0.08656218,0.04989612,-2.233203
1660,Denis Bezerra,0.01146492,-1.4499161,2.368777
1661,Doutor Luizinho,0.03602276,-0.6549025,-1.3831846
1662,Dr. Leonardo,0.19294456,-0.81158805,-1.0202949
1663,Dr. Luiz Ovando,-0.24513295,0.36598012,-2.6115584
1664,Dr. Zacharias Calil,-0.103183255,-1.7080325,-0.4927323
1665,Dra. Soraya Manato,0.013533834,0.5124511,-2.9532175
1666,Dra. Vanda Milani,-0.05427764,-0.71736324,-3.1517372
1667,Edna Henrique,0.32122293,-1.3903697,0.023134159
1668,Eduardo Braide,0.08541991,-1.0139859,1.3644195
1669,Eduardo Costa,0.0010483887,-0.52756894,-1.3788795
1670,Eli Borges,0.04708765,1.2288959,-0.45255554
1671,Emanuel Pinheiro Neto,-0.118356146,-0.4902707,0.32607976
1672,Emidinho Madeira,0.017193822,-0.710977,-1.8730925
1673,Enrico Misasi,-0.09620884,0.6278096,-0.7177868
1674,Euclydes Pettersen,0.003196901,-1.00555,-1.9622642
1675,Fábio Henrique,-0.0046327254,-1.6202102,-0.123962
1676,Felício Laterça,0.07051431,-0.054592095,-1.937219
1677,Felipe Francischini,0.0032650228,-0.18673986,-2.8470433
1678,Felipe Rigoni,-0.08900346,1.3067238,-0.0036302174
1679,Filipe Barros,-0.122373745,0.6547745,-2.4601448
1680,Flávia Arruda,0.0028724747,-1.7651798,-1.0509641
1681,Francisco Jr.,-0.006484678,-0.20734882,-1.4913907
1682,Franco Cartafina,0.023967715,0.326545,-0.7475001
1683,Fred Costa,-0.00032875678,-0.078962654,-0.10306715
1684,Gelson Azevedo,0.00022298901,-3.258427,-4.964386
1685,Glaustin da Fokus,0.05935651,-0.29895398,-1.8985999
1686,Greyce Elias,0.009130063,-0.5732858,-3.7146635
1687,Guiga Peixoto,0.0072574546,1.6209065,-1.6457655
1688,Gurgel,0.0108849695,-0.13799286,-3.0405989
1689,Gutemberg Reis,0.31356642,-2.346899,-1.6339961
1690,Helio Lopes,0.006440173,0.7141602,-4.751487
1691,Hercílio Coelho Diniz,0.030553611,0.19000132,-0.5974336
1692,Idilvan Alencar,-0.044396095,-0.5845546,1.7721454
1693,Igor Kannário,-0.022136878,-1.7772332,-0.56747293
1694,Igor Timo,-0.013814461,-0.0062297224,-0.819589
1695,Isnaldo Bulhões Jr.,-0.009437688,-1.7361974,-1.6035494
1696,João Roma,0.009712354,0.26594007,-2.4544208
1697,Jorge Braz,-0.0076578893,-2.923467,-2.6544077
1698,Jose Mario Schreiner,0.010941366,-1.1720592,-1.2530279
1699,José Medeiros,-0.3153609,1.2090715,-2.4777014
1700,José Nelto,-0.006619464,-0.0026353102,0.085617885
1701,Juarez Costa,-0.0006297249,-1.2416786,-0.13777442
1702,Julian Lemos,0.1230053,0.29458183,-0.9593212
1703,Julio Cesar Ribeiro,0.017364254,-2.5219855,-1.6033329
1704,Juninho do Pneu,-0.0052695065,-3.256441,-1.7534533
1705,Junio Amaral,-0.23039,2.2866151,-1.3240023
1706,Júnior Mano,-0.0022483214,-1.6420138,-1.5430306
1707,Kim Kataguiri,-0.023128545,1.3679818,1.0503355
1708,Léo Motta,0.0027723045,0.7736008,-1.9788955
1709,Leur Lomanto Júnior,-0.02495728,-1.5277058,-1.7503494
1710,Luis Miranda,-0.021764217,-2.2666407,-0.31653506
1711,Luiz Carlos Motta,-0.095900975,-2.25064,-0.44766554
1712,Luiz Lima,-0.103469126,0.7944182,-3.7713227
1713,Luiz Philippe de Orleans e Bragança,-0.0023750986,2.107627,-0.8491319
1714,Luizão Goulart,-0.009549009,-1.8197367,-0.9991545
1715,Manuel Marcos,-0.043262243,-0.63200366,-2.5846455
1716,Mara Rocha,0.1575912,-1.0330368,0.08389598
1717,Marcel van Hattem,0.007110635,0.4611486,-0.6295357
1718,Marcelo Brum,0.003017778,-0.25666025,-3.302543
1719,Marcelo Calero,0.26344028,0.2273436,0.5845274
1720,Marcelo Moraes,0.14352001,0.3963584,-2.0021727
1721,Marcelo Ramos,-0.010749248,-1.1012641,0.13376659
1722,Márcio Labre,-0.20178798,0.58065873,-3.1697679
1723,Marco Bertaiolli,-0.03145181,-0.18237606,-1.4282237
1724,Marcos Aurélio Sampaio,0.095504686,-2.5954754,-1.6977808
1725,Maria Rosas,-0.0049327235,-2.4378748,-2.0729659
1726,Marina Santos,0.37686557,-1.3019291,-2.3783772
1727,Nelson Barbudo,0.011547241,1.1924584,-3.940221
1728,Nereu Crispim,-0.061510086,-1.5554031,-0.4051902
1729,Nicoletti,0.3243983,0.62664944,-1.9074948
1730,Olival Marques,-0.06733984,-2.1367464,-1.5823973
1731,Osires Damaso,-0.009403476,0.86203015,-1.2664773
1732,Ossesio Silva,0.0015671959,-2.3904064,-2.5812352
1733,Otoni de Paula,0.12604235,1.1186537,-2.2602522
1734,Ottaci Nascimento,0.01948451,-1.781183,-2.2694938
1735,Otto Alencar Filho,0.00022146342,-1.4631071,0.38976684
1736,Pastor Sargento Isidório,-0.042212185,-1.80616,1.568794
1737,Paula Belmonte,-0.010817673,1.5468339,-0.7808373
1738,Paulo Bengtson,0.10399686,0.168755,-3.3056426
1739,Paulo Ganime,-0.027222026,0.71817464,-0.54113984
1740,Pedro Augusto Bezerra,-0.012785864,-0.65485907,-0.47185662
1741,Pedro Lucas Fernandes,-0.015062678,-1.8271663,-1.6940757
1742,Pedro Westphalen,0.0074353786,-1.5158658,-4.319546
1743,Pinheirinho,0.008986718,-2.7978396,-3.934772
1744,Policial Katia Sastre,0.0015942712,0.7450482,-1.1000404
1745,Professor Alcides,0.09166899,-1.7778698,-2.5860186
1746,Professor Israel Batista,0.08690272,-1.7309983,2.4133115
1747,Professor Joziel,0.049475346,-0.1863437,-1.0334556
1748,Professora Dayane Pimentel,0.1242456,1.1585875,0.7271412
1749,Raimundo Costa,0.3528753,-0.21584536,-0.5431259
1750,Reinhold Stephanes Junior,-0.6240027,1.3734301,-2.4719698
1751,Ricardo Guidi,-0.11624762,0.03801153,-2.2527375
1752,Robério Monteiro,0.26582184,-1.9023409,0.5401232
1753,Rodrigo Agostinho,0.08228388,-0.30752796,1.0565375
1754,Rodrigo Coelho,-0.0041312254,1.3766487,-2.5521517
1755,Rosana Valle,0.17714469,-0.41026473,-0.039150283
1756,Rose Modesto,0.31629118,-1.99575,0.90903383
1757,Sanderson,-0.09701875,0.6340025,-3.5148892
1758,Santini,0.3359414,-0.75807625,-2.4677176
1759,Sargento Fahur,-0.08606251,2.742039,-1.5287763
1760,Schiavinato,0.0006159049,-1.8754863,-2.808385
1761,Sergio Toledo,0.0095264325,-0.7562394,-0.77866703
1762,Severino Pessoa,-0.50884604,-0.5874009,-0.8936543
1763,Sidney Leite,-0.23878539,-0.027596034,0.0053060553
1764,Tabata Amaral,-0.01732333,1.0875393,0.45393366
1765,Tereza Nelma,-0.0008675549,-1.3594409,1.209402
1766,Tiago Mitraud,-0.0063952724,1.2438809,-0.445153
1767,Tito,0.006890281,0.54483867,-2.6282206
1768,Vavá Martins,-0.021690954,-0.4890096,-0.99867094
1769,Vermelho,0.0063295388,-1.0008885,-1.7103015
1770,Vinicius Poit,0.027916493,0.57208383,-0.49204308
1771,Wladimir Garotinho,-0.18415058,-1.1820226,-0.28915662
1772,Zé Vitor,0.1529249,0.28690937,0.08018036
1773,Airton Faleiro,-0.006233982,-2.608557,1.7146865
1774,AJ Albuquerque,0.015509101,-2.6714785,-4.1169004
1775,Alexandre Padilha,0.008216992,-3.3302023,2.4463024
1776,Alexis Fonteyne,0.017773887,0.555155,-0.4208627
1777,André Ferreira,0.0038998413,-0.649733,-5.085495
1778,Bibo Nunes,-0.019451622,0.15945888,-2.3979316
1779,Bira do Pindaré,-0.0010880171,-1.8354918,3.8091955
1780,Bosco Saraiva,-0.22967218,-0.45799577,-2.1924572
1781,Celina Leão,0.4364023,-2.1293187,-1.6507055
1782,Célio Moura,-0.002456183,-3.1748796,2.6503165
1783,Da Vitória,0.08640546,0.24454062,-1.6528486
1784,Daniela do Waguinho,0.02631868,-3.204625,-1.6173453
1785,David Miranda,0.0049693016,-0.73417395,2.3142786
1786,Dr. Frederico,0.12899162,0.5257249,-1.4680912
1787,Dr. Jaziel,-0.13830128,3.0841267,-0.89414287
1788,Eduardo Bismarck,0.18216155,-0.885355,0.17173347
1789,Elias Vaz,0.124690205,-1.151373,3.1021776
1790,Enéias Reis,-0.006262072,0.44324666,-1.905906
1791,Fabiano Tolentino,6.3561376e-05,1.2662361,-1.4823868
1792,Fernanda Melchionna,-0.005970804,-1.1026106,2.7300391
1793,Fernando Rodolfo,-0.050643783,-0.6787896,1.5000868
1794,Frei Anastacio Ribeiro,-0.11764164,-0.69098425,0.9943435
1795,Gervásio Maia,0.01981962,-2.2325203,2.929953
1796,Gil Cutrim,0.111127436,-1.9781834,-2.7471578
1797,Gilberto Abramo,-0.122916356,-1.945619,-2.2207296
1798,Gilson Marques,-0.0023728663,0.25529718,-0.40582144
1799,Haroldo Cathedral,-0.005394982,0.012735359,-1.1045263
1800,Heitor Freire,0.0029431507,1.3016264,-1.4998201
1801,Hélio Francisco Costa,-0.29314002,0.5257445,0.43648246
1802,Jesus Sérgio,0.11152935,-1.1010343,0.5845491
1803,Júnior Ferrari,-0.0754966,2.1023223,-1.3495203
1804,Lafayette de Andrada,-0.33369964,-1.0337284,-1.298663
1805,Léo Moraes,-0.03320739,0.47863096,-0.13877223
1806,Liziane Bayer,0.35711262,-0.73955315,-1.3700031
1807,Lucas Gonzalez,-0.010015056,1.1652964,-0.47847667
1808,Lucas Redecker,0.0045035747,-0.6172544,-0.22064252
1809,Luiz Antônio Corrêa,-0.22587723,-1.2190796,-1.1622108
1810,Marcelo Freixo,0.21698616,-1.9917606,3.0742316
1811,Marcelo Nilo,-0.021948248,-0.72737426,1.5274467
1812,Márcio Jerry,0.022297155,-1.0554,0.8504882
1813,Marcos Pereira,0.029593136,-1.2434497,-2.289494
1814,Margarete Coelho,0.058697827,-0.4936077,-0.8558831
1815,Marília Arraes,0.016838916,-3.924459,2.9697835
1816,Marlon Santos,0.010997593,-1.3595146,-3.1656706
1817,Marreca Filho,-0.028933877,-1.5283097,-0.32657865
1818,Maurício Dziedricki,0.011497025,-0.32866228,-2.3846035
1819,Natália Bonavides,-0.006469975,-1.2302822,1.6023339
1820,Pastor Gil,0.0309566,0.020236544,-1.7359235
1821,Pedro Lupion,-0.045114547,-1.1399144,-3.027856
1822,Professora Rosa Neide,0.017291095,-2.8781557,2.768113
1823,Ricardo Pericar,-4.9918504e-05,0.42103076,-1.2265118
1824,Rogério Correia,0.000677329,-2.6271408,2.9306502
1825,Sâmia Bomfim,-0.004343227,-1.4833349,3.5028796
1826,Silvia Cristina,0.3375168,-1.435104,-0.17125694
1827,Talíria Petrone,-0.001432601,-0.68638027,2.4067562
1828,Tiago Dimas,0.2853796,-0.08889361,-1.6131061
1829,Túlio Gadêlha,-0.07576063,-0.8867019,2.4555855
1830,Vilson da Fetaemg,0.10312953,-2.810111,3.0810833
1831,Acácio Favacho,-0.0020116551,-0.03769681,-3.0828528
1832,Aécio Neves,0.08267902,-2.2048116,-0.50666887
1833,Alex Santana,0.056549378,0.20117937,-1.9844489
1834,Carlos Veras,-0.00038219296,-4.0572867,2.7613614
1835,Cezinha de Madureira,-0.023242872,-1.1747686,-3.0237489
1836,Edilázio Júnior,-0.064275324,-0.9144845,-3.1492453
1837,Flordelis,-0.004950586,-1.3654153,-1.7552724
1838,General Girão,-0.00789646,1.4556552,-3.8660915
1839,Geninho Zuliani,0.019062147,-1.4334503,-0.23110332
1840,Gleisi Hoffmann,-0.0071876496,-1.9912121,1.4367777
1841,Joenia Wapichana,0.24851844,-0.9328869,2.1790886
1842,José Ricardo,-0.005075945,-2.2869031,1.6449689
1843,Joseildo Ramos,-0.0021157581,-1.3490138,1.2539365
1844,Josimar Maranhãozinho,0.0357107,-0.36726427,-0.91629714
1845,Junior Lourenço,0.003477678,-2.7480328,-3.4210248
1846,Luisa Canziani,0.20214793,-0.47872043,-1.6890894
1847,Paulo Guedes,-0.00010214728,-3.4490902,2.2224867
1848,Rui Falcão,-0.04839991,-2.7128632,1.8469177
1849,Silvio Costa Filho,0.00020705846,0.4651154,0.01694423
1850,Ted Conti,0.16111858,-1.0533301,1.1115018
1851,Vinicius Farah,0.26862994,-2.439831,-0.9230457
1852,General Peternelli,0.014784781,-0.022429818,-2.9709973
1853,Aline Gurgel,0.0063466434,-0.06784992,0.1857628
1854,Bozzella,0.24846421,-0.28777027,1.8572047
1855,Camilo Capiberibe,-0.011734092,-1.9855485,3.462397
1856,Carla Zambelli,-0.21012591,1.3650777,-2.4248126
1857,Fabio Schiochet,-0.02614945,-0.67979515,-1.9900466
1858,Gustinho Ribeiro,0.093138635,-1.0103657,-3.4416242
1859,Jaqueline Cassol,0.2310794,-0.8823944,-1.3421136
1860,João H. Campos,0.006220037,-3.6786084,2.7287283
1861,Leda Sadala,-0.14286119,-2.030582,-2.2846887
1862,Loester Trutis,0.007854583,0.42073736,-0.6337805
1863,Luiz Flávio Gomes,0.15874384,0.15670975,0.2829111
1864,Major Fabiana,-0.38975152,1.1037385,-4.4373713
1865,Mauro Benevides Filho,0.0027992562,-1.762083,0.880564
1866,Paulo Ramos,0.08095078,-2.5118344,1.6554983
1867,Valdevan Noventa,0.18128692,-1.2219625,1.0799178
1868,Major Vitor Hugo,-0.060474236,1.375355,-3.2909987
1869,Joice Hasselmann,0.05817655,0.07968461,1.3254609
1870,Alencar Santana,0.025174519,-2.6016617,1.8016347
1871,Áurea Carolina,-0.011508776,-0.33944005,3.1011844
1872,Zé Neto,-0.012083986,-0.52889496,0.19840191
1873,Fernando Borja,-5.6250334e-05,-0.4841948,-1.0398312
1874,Dr. Gonçalo,-0.0050958386,-0.034319058,-0.3920353
1875,Patricia Ferraz,-0.0011096196,-2.5732641,-1.3433629
1876,Carla Dickson,0.021163253,-0.5963614,-3.0967386
1877,Deuzinho Filho,-0.013871153,-1.3561935,-0.48670432
1878,Dr. João Caldas,0.00011929925,0.03787732,-3.2966073
1879,Marcão Gomes,1.8534365e-05,-0.9297662,-3.5448506
1880,Ney Leprevost,0.07275092,-1.3870751,0.07702328
1881,Ricardo Silva,-0.09730502,-0.90921515,-0.5927878
1882,Jorge Goetten,0.002449148,0.23079823,-0.7996808
1883,Nilson F. Stainsack,0.0012038241,-0.17930041,-3.5765252
1884,RRenato Queiroz,-0.0018420375,0.99084777,0.037564248
1885,Dr. Agripino Magalhães,0.0071740923,0.104927324,-1.4410334
1886,Ely Santos,-0.009118121,-2.0404704,-1.3723855
1887,Jones Moura,0.010563697,-1.4997861,-2.0215373
1888,Milton Coelho,-0.0005648942,-3.968543,3.709576
1889,Paulo Vicente Caleffi,-0.31734946,-1.0450975,-2.4002717
1890,Ricardo da Karol,0.11092439,-1.6600574,-1.0501766
1891,Vivi Reis,0.003303896,-0.436659,2.966553
1892,Jorielson,-6.6019624e-05,0.27509215,-1.447623
1893,Josivaldo JP,0.04919975,-0.16272853,-0.74720544
1894,Pedro Augusto Palareti,0.014042086,-1.8504211,-1.6301494
1895,Pedro Dalua,0.011238437,0.34634945,-3.5855281
1896,Henrique do Paraíso,-4.9072696e-08,-2.7688675,-3.1838088
1897,Norma Pereira,-0.0075587486,-4.123141,-1.5492533
1898,Rafafá,0.054199837,-1.4409246,-0.18834661
1899,Totonho Lopes,-0.0011166905,-2.7977412,1.0750872
1900,Rachel Marques,-0.00029252798,-0.013335298,-0.012996115
1901,Alexandre Figueiredo,-0.0033903655,1.1239421,-0.19816098
1902,Eliza Virgínia,5.78416e-05,0.0002375671,-4.8467455
1903,Lucas Follador,0.017867545,-0.684818,-2.401798
1904,Marco Brasil,2.1332098e-06,2.8308827e-06,-3.852784
1905,Sargento Alexandre,0.0030836456,-1.8570776,-1.5110127
1906,Nelho Bezerra,-0.014296651,-1.9598954,0.38299033
1907,Tiago Andrino,0.009602848,1.2621613,1.4414443
1908,Joceval Rodrigues,0.0046490477,0.00016309801,0.51636314
1909,Patrick Dorneles,0.00023748813,1.0745702,-0.0029805908
1910,Adail Filho,9.2035436e-05,-1.0128173e-05,9.12104e-05
1911,Adilson Barroso,0.0001456964,-8.951651e-06,-4.64131e-05
1912,Alexandre Lindenmeyer,-0.00015177205,-8.327903e-05,-5.372541e-05
1913,Alfredinho,0.00011460636,5.6736288e-05,-0.00016539457
1914,Alfredo Gaspar,0.00021302489,-0.00010128149,1.2719222e-05
1915,Amália Barros,-0.00021648806,4.10967e-05,-6.169932e-05
1916,Amanda Gentil,4.6672038e-05,-1.7124562e-06,-3.0706367e-05
1917,Ana Paula Leão,0.0001231328,-1.047377e-05,6.209733e-05
1918,Ana Pimentel,3.7844584e-05,-6.976513e-05,1.0153461e-05
1919,André Fernandes,-5.8055484e-05,-6.344725e-05,-7.6188735e-06
1920,Antonio Andrade,1.1932963e-05,-4.3914515e-05,-9.861469e-07
1921,Antonio Carlos Rodrigues,-4.5876994e-05,-0.00011119859,-0.00022937568
1922,Átila de Melo Lira,0.00021302247,0.00012623197,4.3749096e-06
1923,Augusto Puppio,7.731967e-05,5.7488924e-05,-5.996978e-05
1924,Bandeira de Mello,6.117938e-06,-0.00014862765,-6.772224e-05
1925,Carlos Bebeto,-0.000101210375,5.498435e-05,0.00021705042
1926,Beto Richa,0.0001985139,-1.5196093e-05,4.2196392e-05
1927,Bruno Ganem,-0.00012866521,0.00012449769,8.7202876e-05
1928,Cabo Gilberto Silva,-0.00015968826,1.2932611e-05,6.398048e-05
1929,Caio Vianna,-8.734787e-09,-6.6534485e-06,-2.1092257e-05
1930,Camila Jara,4.4197106e-05,-1.5743179e-05,-9.7029115e-06
1931,Capitão Alden,-0.00020897562,1.9553241e-05,8.6518805e-05
1932,Carol Dartora,-0.000464492,4.8743976e-05,0.00016442881
1933,Castro Neto,0.00014152074,8.474235e-07,2.366864e-05
1934,Célia Xakriabá,0.00014005181,-9.1989e-05,6.1406245e-06
1935,Clodoaldo Magalhães,5.5742494e-05,-7.051279e-05,9.277426e-05
1936,Cobalchini,0.00029033102,-8.359651e-05,-1.1894652e-05
1937,Coronel Assis,6.48939e-05,-4.849732e-05,7.633625e-05
1938,Coronel Fernanda,7.827235e-06,1.8279721e-05,-5.413658e-05
1939,Coronel Meira,8.85994e-05,-4.7323178e-05,6.384174e-05
1940,Coronel Telhada,-0.00017864477,-0.00012027089,9.661021e-05
1941,Coronel Ulysses,0.00028457592,9.758679e-05,3.5463032e-05
1942,Cristiane Lopes,-2.1985921e-05,3.324073e-05,4.816529e-05
1943,Daiana Santos,1.611268e-05,-3.2523763e-05,-1.1268696e-05
1944,Dal Barreto,-0.00023370418,-0.0002190732,-2.5288937e-05
1945,Dandara,5.1793315e-05,-7.941137e-05,-2.0124276e-05
1946,Daniel Agrobom,0.00012510119,1.3392342e-05,9.5158495e-05
1947,Daniela Reinehr,9.5998985e-06,-0.000116373616,-1.8938194e-05
1948,Dayany Bittencourt,2.357665e-06,3.4911773e-05,-2.1751079e-05
1949,Defensor Stélio Dener,-0.00014209593,1.8341063e-05,-3.9915354e-05
1950,Delegada Ione,5.411457e-07,0.00016284111,3.906971e-06
1951,Delegado Caveira,-4.5808294e-05,-0.00012028011,0.0001764365
1952,Delegado da Cunha,-5.0886476e-05,3.890458e-06,7.202712e-05
1953,Delegado Fabio Costa,9.0330956e-05,1.19547e-05,6.6613466e-05
1954,Delegado Palumbo,-6.934302e-05,1.9300982e-05,-5.1934872e-05
1955,Delegado Paulo Bilynskyj,-0.00011033194,4.3930395e-06,6.652517e-05
1956,Delegado Ramagem,5.819738e-05,-6.50126e-05,-8.052606e-05
1957,Denise Pessôa,-0.00022216311,4.5208908e-05,-3.1691503e-05
1958,Detinha,-8.770653e-05,-8.4478044e-05,-0.000118464195
1959,Diego Coronel,-0.00061510695,-5.0000534e-05,-0.00011273156
1960,Dilvanda Faro,-2.4109613e-07,-4.037112e-05,-6.412465e-06
1961,Dimas Gadelha,0.00015849536,-2.4976878e-05,0.00015852865
1962,Dorinaldo Malafaia,7.237657e-06,-5.5073022e-05,3.51584e-05
1963,Dr. Benjamim,-7.7175246e-05,0.00011215067,6.8138033e-06
1964,Dr. Fernando Máximo,-0.00019031753,-3.4509107e-05,2.4306311e-05
1965,Dr. Francisco,-0.00014428385,2.8764021e-05,6.9466e-05
1966,Dr. Victor Linhalis,-4.842611e-05,-2.1510488e-05,4.917689e-06
1967,Dra. Alessandra Haber,-7.100181e-05,-2.1130516e-05,3.2661206e-05
1968,Duarte Jr.,-4.4209577e-05,3.2276448e-06,6.206717e-05
1969,Duda Ramos,1.819423e-05,-1.7848575e-05,5.3798725e-05
1970,Eduardo Velloso,-1.3116274e-05,-3.9945066e-05,-0.00011846925
1971,Enfermeira Ana Paula,-7.412469e-05,-1.6816557e-09,-5.3606902e-05
1972,Eriberto Medeiros,0.000113765156,-0.000185481,-7.708418e-05
1973,Erika Hilton,-0.00016979361,-1.2119306e-05,-1.46945895e-05
1974,Fábio Teruel,-6.2499894e-06,3.9855542e-05,3.291836e-06
1975,Fausto Santos Jr.,5.7879442e-06,8.338792e-05,-0.00015874213
1976,Felipe Becari,-0.0002312327,0.00015816328,1.6813829e-05
1977,Fernanda Pessoa,-0.0002540503,2.9304112e-05,9.365371e-05
1978,Fernando Mineiro,-0.00020186651,-0.00013477972,4.3883218e-05
1979,Filipe Martins,0.00019111716,1.3991357e-06,-1.6432408e-05
1980,Flavinha,8.8837376e-05,-8.7799825e-05,-5.7047364e-06
1981,Florentino Neto,-0.00021391071,9.730029e-05,-7.6882e-05
1982,Franciane Bayer,-0.000101443264,-7.064182e-05,4.9602717e-05
1983,Fred Linhares,-2.1613974e-05,-6.858354e-05,9.401234e-06
1984,Gabriel Mota,-5.0198818e-05,1.986829e-05,0.00010143454
1985,Gabriel Nunes,3.3846885e-05,-6.823326e-05,-0.00012887301
1986,General Pazuello,-0.000100824065,2.4115358e-05,-3.0633386e-05
1987,Geraldo Mendes,5.775584e-05,6.3987805e-05,2.5750294e-05
1988,Gerlen Diniz,-0.00014286817,-2.54376e-05,-6.497625e-05
1989,Gilson Daniel,0.00014045116,9.562318e-06,5.9699094e-05
1990,Gilvan da Federal,-0.00015752239,-4.3611704e-05,6.478958e-05
1991,Gilvan Maximo,0.00014317322,9.503732e-05,3.6586353e-05
1992,Gisela Simona,-1.8003586e-05,-4.6315847e-05,3.873674e-05
1993,Guilherme Boulos,5.786904e-06,3.3726057e-05,7.48443e-05
1994,Guilherme Uchoa,-0.00010299591,-0.00010337682,4.7261732e-05
1995,Gustavo Gayer,0.00010781623,-8.147005e-05,-7.682163e-06
1996,Henderson Pinto,-0.00012502843,-0.00016203977,-3.8535443e-05
1997,Icaro de Valmir,0.00011167074,0.00013199006,-3.9155628e-05
1998,Ismael,-0.00014291429,6.393471e-05,-8.610354e-06
1999,Ismael Alexandrino,0.00015621542,2.3639855e-05,6.8882495e-05
2000,Ivoneide Caetano,5.345279e-05,4.056974e-05,7.363282e-06
2001,Iza Arruda,-4.5460665e-06,5.8464222e-05,-3.692517e-05
2002,Jack Rocha,8.090556e-06,1.4637328e-05,7.160888e-05
2003,Jeferson Rodrigues,9.818809e-05,0.00014065017,-5.862351e-06
2004,Josenildo,-2.7903297e-09,-7.95752e-05,8.9111665e-05
2005,Julia Zanatta,7.215574e-05,-7.8694364e-05,1.424372e-05
2006,Julio Arcoverde,-6.33532e-05,0.00012148591,9.1206006e-05
2007,Keniston Braga,-0.00024925207,0.00013753034,-6.440967e-05
2008,Kiko Celeguim,-0.00012113743,3.4795434e-05,7.9601516e-05
2009,Lêda Borges,5.567981e-06,-1.9768631e-05,6.7184737e-06
2010,Leo Prates,-0.00014532862,-4.7840073e-05,3.054957e-05
2011,Lucas Ramos,-9.053366e-05,-6.423505e-05,3.917825e-06
2012,Luciano Alves,-0.00013250513,-3.4950426e-06,-6.553912e-05
2013,Luciano Amaral,2.437226e-05,-9.275893e-05,-6.060418e-07
2014,Luciano Azevedo,0.00021133045,-7.2213355e-05,0.00016106514
2015,Luciano Vieira,0.00014164766,6.874211e-05,-8.322306e-05
2016,Luis Carlos Gomes,0.00018524818,-4.7562193e-05,-3.8322425e-05
2017,Luiz Gastão,0.0003060447,-9.048839e-06,7.487369e-05
2018,Marcelo Crivella,-6.839637e-05,1.2815941e-05,-0.00013900257
2019,Marcelo Lima,0.0002367567,-2.6588736e-05,0.00022113958
2020,Marcelo Queiroz,-6.980691e-05,-6.5989705e-05,5.529244e-05
2021,Márcio Correa,-2.2061116e-05,-2.447643e-06,5.0278817e-05
2022,Marcos Pollon,-0.00016864281,3.6624082e-05,4.9371505e-05
2023,Maria Arraes,6.557445e-05,2.0120591e-05,1.3294784e-05
2024,Matheus Noronha,6.36665e-05,-2.0298787e-05,0.00012681841
2025,Maurício Carvalho,-5.275155e-05,3.507975e-05,-5.315918e-05
2026,Mauricio do Vôlei,7.153149e-05,5.8640384e-05,-3.2534273e-05
2027,Mauricio Neves,-3.6260208e-06,5.9446596e-05,-0.00017016151
2028,Max Lemos,0.00012518723,-1.44179285e-05,-5.0540486e-05
2029,Meire Serafim,8.5751264e-05,1.692358e-05,-0.00010906635
2030,Mersinho Lucena,-0.0001296262,3.151241e-05,0.000114251365
2031,Messias Donato,-0.0002656416,0.00013006838,5.625737e-05
2032,Miguel Ângelo,1.0814416e-05,0.000164934,-0.00012685325
2033,Murillo Gouvea,-6.698975e-05,-3.0070121e-05,-6.271317e-05
2034,Murilo Galdino,-6.632865e-05,8.246262e-05,4.2975422e-05
2035,Nely Aquino,-3.1000673e-05,4.3750228e-05,-6.507071e-05
2036,Nikolas Ferreira,-2.9271774e-05,4.317366e-05,3.569387e-05
2037,Pastor Diniz,0.00019190993,-7.290937e-05,4.2919262e-05
2038,Pastor Henrique Vieira,4.467708e-05,1.7435566e-05,0.00015030499
2039,Paulinho Freire,-0.00011339011,-0.0001353022,-6.0131544e-05
2040,Paulo Alexandre Barbosa,0.00018388126,-1.5368973e-05,1.318178e-06
2041,Paulo Litro,-6.74669e-05,7.0043854e-05,0.00016595134
2042,Pedro Aihara,-0.00018055955,-0.00014490896,-8.6765096e-05
2043,Pedro Campos,9.106753e-05,4.382358e-05,2.2787412e-05
2044,Pezenti,-3.7708785e-05,-3.3416905e-05,0.00011125212
2045,Priscila Costa,0.00031842265,7.346054e-06,6.665106e-05
2046,Prof. Paulo Fernando,4.3637807e-05,-2.6081925e-05,4.020663e-05
2047,Prof. Reginaldo Veras,-0.0003063872,-5.1262614e-05,-4.6212124e-05
2048,Rafael Brito,-0.00015610678,-4.2523294e-05,-3.2748118e-05
2049,Rafael Simoes,0.0001466599,8.9205976e-05,-1.8358172e-05
2050,Reginete Bispo,-0.00014546649,-3.4088596e-05,-7.9709585e-05
2051,Reimont,0.0001215653,-2.0892912e-08,-0.00012488745
2052,Ricardo Ayres,-0.00012875313,-1.9032967e-05,0.0001286082
2053,Ricardo Maia,0.00017298425,-7.590551e-05,5.5986857e-05
2054,Ricardo Salles,-0.00017219796,3.284852e-05,-1.0137373e-06
2055,Roberta Roma,3.2116688e-05,6.226088e-05,-7.5251344e-05
2056,Roberto Monteiro Pai,-0.0001015466,-2.9826468e-05,-9.14172e-05
2057,Robinson Faria,0.000174043,-8.813718e-05,2.4455925e-05
2058,Rodolfo Nogueira,-0.00027413655,-6.4896594e-05,-8.072737e-06
2059,Rodrigo Estacho,-0.00031952633,1.6547085e-05,6.865246e-05
2060,Rodrigo Gambale,3.469809e-05,-0.00013278323,0.00012790857
2061,Rodrigo Valadares,5.395306e-05,-2.6536309e-05,-2.0013285e-05
2062,Rogéria Santos,-8.671937e-06,5.6356082e-05,-5.6101126e-05
2063,Rosângela Moro,-4.4617656e-05,-3.6213158e-05,6.0935632e-05
2064,Samuel Viana,-0.00010977349,9.42808e-05,4.702151e-05
2065,Sargento Gonçalves,-0.00042828824,-7.3240495e-05,1.2795375e-05
2066,Sargento Portugal,0.0002754143,-9.693504e-06,6.391192e-05
2067,Saullo Vianna,-9.27755e-05,-0.00010589909,4.7794958e-05
2068,Silvia Waiãpi,9.2597766e-05,-7.070803e-05,9.34953e-05
2069,Silvye Alves,-8.560621e-05,5.191001e-05,6.004884e-05
2070,Sonize Barbosa,0.00010999654,2.95392e-05,-2.7772105e-05
2071,Tadeu Veneri,-0.00014449834,0.000119400516,-4.5612403e-05
2072,Tarcísio Motta,-2.2383472e-05,6.868319e-05,-3.9179897e-05
2073,Thiago de Joaldo,-1.545249e-05,-3.4793615e-05,-3.2030715e-05
2074,Thiago Flores,0.00010850636,4.4761568e-05,-5.883526e-05
2075,Tião Medeiros,6.7817164e-06,-0.00017645775,-9.2688155e-05
2076,Waldemar Oliveira,-2.8760158e-05,2.3021697e-05,7.946275e-06
2077,Welter,0.0001784058,3.7801616e-05,7.370492e-05
2078,Yandra Moura,0.00030819429,1.8025581e-05,-6.934404e-05
2079,Zé Haroldo Cathedral,2.9940533e-05,-4.4441782e-05,-0.00013864692
2080,Zé Trovão,0.00013322785,6.0690214e-05,0.000108746375
2081,Zezinho Barbary,-6.491145e-05,-3.9083534e-06,0.00012004797
2082,Zucco,-3.2030075e-05,-4.4377546e-05,4.7407415e-05
2083,Abilio Brunini,2.741623e-05,8.193307e-05,-1.0210999e-05
2084,Any Ortiz,1.6395526e-05,4.074794e-05,-2.0649377e-05
2085,Delegada Adriana Accorsi,-8.053053e-05,-3.7606042e-06,-5.039008e-06
2086,Delegada Katarina,4.2899064e-06,3.588348e-05,-4.9492206e-05
2087,Delegado Matheus Laiola,-0.00028367198,-2.2884255e-05,-3.012034e-05
2088,Jadyel Alencar,0.00016267416,8.281747e-05,-0.00010743099
2089,Lula da Fonte,-0.00012028059,3.7072066e-05,-0.00014006611
2090,Marangoni,0.0001506016,-2.942379e-06,6.369858e-05
2091,Marussa Boldrin,0.00026516244,-8.4271276e-05,-7.898001e-05
2092,Mauricio Marcon,9.339499e-06,6.2842344e-05,-5.758796e-05
2093,Neto Carletto,7.069001e-05,2.1549004e-05,5.8957085e-07
2094,Professora Goreth,0.00014947537,-4.2182215e-05,-4.8562346e-05
2095,Professora Luciene Cavalcante,5.5973112e-05,-2.2794426e-05,-2.8163977e-06
2096,Rosângela Reis,8.8931585e-05,-2.949131e-06,3.107189e-05
2097,Simone Marquetto,-0.00043599156,4.8708942e-05,1.7436989e-05
2098,Albuquerque,-1.2521986e-05,-0.00014690263,3.7132886e-05
2099,Alexandre Guimarães,6.914557e-05,3.4106415e-05,8.356018e-05
2100,Amom Mandel,9.093179e-05,0.00014346442,6.395428e-05
2101,Ana Paula Lima,9.407923e-05,3.269522e-05,-4.4560104e-05
2102,Andreia Siqueira,-9.8668825e-05,-4.1581192e-05,-0.00010016546
2103,Antônio Doido,-0.00018698409,6.740801e-05,-3.497237e-05
2104,Bruno Farias,-8.9988316e-05,-4.5546694e-05,5.1165116e-06
2105,Clarissa Tércio,7.571127e-05,-2.4153327e-05,3.462085e-05
2106,Dani Cunha,-7.271055e-05,-7.141195e-05,-5.371532e-05
2107,Daniel Barbosa,-4.2486034e-05,1.0576462e-05,6.6522785e-05
2108,Douglas Viegas,-1.2939432e-05,-4.3431923e-05,-7.020103e-05
2109,Dr. Allan Garcês,-7.54052e-05,1.6442358e-05,0.00012795212
2110,Duda Salabert,-0.00018905266,-8.031296e-05,-9.639734e-09
2111,Fábio Macedo,6.7219444e-05,-0.00020542915,-3.6792415e-05
2112,Felipe Saliba,-1.6367987e-05,-3.1622214e-05,-0.00013390128
2113,Helena Lima,0.00012140365,3.2511067e-05,2.491923e-05
2114,Henrique Júnior,-0.00010918373,-0.00014394968,-3.2923494e-05
2115,Hildo do Candango,-1.699965e-05,8.182369e-05,1.754854e-05
2116,Lebrão,0.00016027596,5.8593934e-05,3.115012e-05
2117,Marcos Tavares,0.000173136,7.3372634e-05,7.585214e-05
2118,Tacilla Mariana Carvalho,1.0263666e-06,1.6050479e-05,-0.00012264198
2119,Renilce Nicodemos,8.450703e-05,6.788402e-05,2.2481163e-07
2120,Roberto Duarte,-5.5281707e-05,5.887245e-05,1.14592185e-05
2121,Saulo Pedroso,-2.3171233e-05,-8.61015e-06,1.2806973e-05
2122,Socorro Neri,-6.9392525e-05,8.556035e-05,-1.6795853e-05
2123,Washington Quaquá,-3.3283213e-05,7.488647e-05,2.0197898e-05
2124,Wolmer Araújo,-3.3104297e-06,-3.6696245e-05,-0.00010163411
2125,Yury do Paredão,3.0383671e-06,4.072439e-05,2.6743872e-05
2126,Dr Fabio Rueda,0.00012808951,-8.948909e-05,7.51904e-06
2127,Juliana Cardoso,0.00018769036,-0.00013122149,7.311268e-06
2128,Rafael Prudente,0.0003473242,-5.304083e-05,-5.1519957e-05
2129,Padovani,-0.00019404734,8.9432215e-05,5.599898e-05
2130,Ricardo Abrão,-8.7046945e-05,-8.772814e-05,7.769059e-05
2131,Luciano Galego,-6.775447e-05,4.4830616e-05,3.5985344e-05
2132,Mario Frias,0.00011768295,8.412852e-05,-4.7498972e-05
2133,Silvio Antonio,1.4103949e-05,3.837551e-06,-4.4768385e-06
2134,Márcio Honaiser,6.50784e-05,9.4107556e-05,-5.9475893e-05
2135,Renan Ferreirinha,0.00029714085,-5.4403594e-05,-7.0643495e-05
2136,Roseana Sarney,-0.00025026864,8.854346e-05,-3.3515164e-05
2137,Deltan Dallagnol,9.039158e-05,6.501175e-05,4.302553e-05
2138,Dr. Daniel Soranz,3.5194564e-05,8.990454e-05,2.5108815e-05
2139,Eliane Braz,-1.9737447e-05,2.7918479e-05,-1.0720854e-05
2140,Beto Preto,7.900907e-05,0.000115340605,4.160644e-05
