id,votacao,alpha,dim_lat1,dim_lat2
0,14541-69,-0.0035841505,-0.860429,-0.7535424
1,21306-49,-0.0011092242,-1.515552,-1.0694249
2,32428-111,-0.12660405,-0.42045918,-0.4747918
3,32428-59,1.0964279,-0.08606196,1.0074865
4,98814-18,2.8854256e-06,-1.6277508,-0.9486111
5,113716-111,-0.915592,-0.5679911,-0.08290327
6,113716-267,-1.067954,-0.57206905,-0.1525263
7,113717-114,-0.008843545,1.0868472,0.63091254
8,113717-142,-0.0020514142,1.3820801,0.8330432
9,113717-152,-0.001905559,-1.3634456,-0.39387193
10,113717-171,-0.00036669156,1.4513791,1.044861
11,113717-181,-0.484306,-1.0947479,0.17265683
12,113717-184,-0.02096657,-1.3634349,0.30957288
13,113717-189,0.001151217,-2.001776,0.36825654
14,113717-194,0.012776128,1.6675376,-0.39802524
15,113717-197,0.003212806,0.93222535,-0.14365932
16,113717-200,-0.008713055,0.96032244,-0.20851892
17,113717-202,-0.0011337532,1.2363933,-0.16190495
18,113717-204,0.009433286,1.1970074,-0.16579363
19,113717-230,0.004058474,-0.9515792,0.15544909
20,113717-250,-0.0051269988,1.4406316,-0.016247023
21,113717-295,-0.0037658487,0.98685724,0.3904527
22,113717-59,-0.0099845985,-0.7610411,-0.1519398
23,113717-95,0.0090294685,1.6346954,0.69849515
24,115155-58,0.09042109,-1.4865392,-1.1153493
25,125572-116,-0.00387351,-1.4449658,-1.3631577
26,140406-31,0.015397161,1.6740006,0.39245087
27,14312-64,-1.0427717,1.305245,1.126824
28,14312-65,0.0014610274,-1.2927301,-0.8105567
29,14312-81,-0.0028401094,-1.5238179,-0.8259287
30,143282-5,-0.002846025,-1.1701669,0.27966616
31,145211-10,-7.023869e-05,-1.1697706,0.11416919
32,32147-56,0.0003814897,-1.8139615,-1.373993
33,43733-12,0.012226176,-1.4684238,-1.0938895
34,109175-70,-0.005523443,-0.77591157,-0.49680203
35,120186-63,1.6061535,-0.13340105,-0.027598223
36,120186-68,-0.14105958,-0.21439967,-0.005448105
37,125572-186,-0.016982011,-1.2004008,-1.2900007
38,125572-187,0.39695466,-0.30552688,0.07810437
39,126541-68,-0.0046832124,-0.7904405,-0.18586762
40,126541-98,-0.007244469,-1.5726184,-0.7346675
41,140174-133,0.03390883,0.94574034,-0.2806827
42,140174-83,0.0038534363,1.1251347,0.51077056
43,14614-90,-1.2562432e-05,-2.296166,-1.539624
44,149095-73,-0.0041539175,1.3542582,-0.052352708
45,150357-107,-0.00049478834,1.3986372,0.2844306
46,150357-52,0.0060183047,2.035682,0.057898406
47,150357-60,-3.920863e-05,-4.204412,-0.36318624
48,150357-80,-0.0004495121,1.2959108,0.25701195
49,150358-37,-0.008515838,-1.0753741,0.27357745
50,150359-100,-0.0040907343,1.1580805,0.4849119
51,150373-73,0.008883369,-1.5042675,-0.15305716
52,150373-84,0.0045780316,1.0609382,0.5213221
53,150399-106,-1.5912176e-05,-1.6803181,-1.0302348
54,150399-149,-0.53079337,0.17728668,-0.121987335
55,150410-48,4.94744e-05,-2.6362178,-2.1507862
56,150410-67,-9.4441784e-05,-2.6924229,-2.173284
57,150930-5,-0.014374468,-1.2670603,0.05549927
58,151030-5,-0.5161719,-0.6584045,-0.5952301
59,153730-20,0.0040788013,0.98293626,0.22231832
60,153730-36,-0.00021110199,-2.044615,0.1509052
61,153730-70,-0.016564477,1.0738091,0.27086976
62,154096-7,-0.0005657488,-2.0022783,-1.2915561
63,154465-44,-2.0182688e-07,2.7833593,1.2417117
64,154528-107,0.00060727296,1.1237482,0.33988914
65,154528-119,-0.7040224,-0.46716145,-0.007921078
66,154528-49,-3.883417e-05,2.7651713,0.7576814
67,154528-68,-0.0026780323,-0.81838244,-0.011826555
68,154538-23,2.709903e-05,0.71418077,0.10819813
69,154538-56,0.0035320586,-0.50481075,0.111682095
70,154539-48,0.009965577,1.6114608,0.7688097
71,158197-54,-9.498684e-05,1.6552371,0.37178504
72,158197-71,-0.0023898794,1.2916173,-0.34421334
73,159554-31,-0.0084457975,1.2031912,-0.30346736
74,251072-105,2.0389345,0.7874448,0.15193692
75,251072-21,0.014094605,2.4916563,1.0092775
76,251072-39,1.8483516,0.7911791,0.037076447
77,251072-48,2.0318875,0.75727093,0.050439354
78,251120-102,0.024735492,0.4747317,-0.6569735
79,251120-49,0.010823073,1.2891605,0.27180442
80,251120-67,-0.0011525457,1.1790528,0.43287775
81,251120-72,-0.0009075248,-0.8651516,-0.3946716
82,251120-82,3.807483e-05,1.3450974,0.4217758
83,252929-5,-0.0043201735,-1.3012701,-0.9952985
84,253166-4,-0.29322767,-0.77221125,0.34850326
85,257781-20,-6.0616818e-05,1.3172421,0.3026554
86,257781-83,0.0039519933,1.4748307,0.56763655
87,258267-45,-0.0028157295,-0.9203967,-0.52325016
88,258595-57,0.012631688,1.0993162,0.11342813
89,259400-34,-0.0042208144,1.9356695,0.44109666
90,259613-39,-0.004694996,1.6010295,0.61256284
91,260897-117,0.019724071,1.3428165,-0.3372088
92,260897-85,1.0633116e-05,2.5185263,0.922604
93,260950-69,-5.3955046e-06,2.5236666,0.8610269
94,261022-75,-0.004117933,-0.9271147,0.5258344
95,261463-71,0.0063493224,1.5911086,0.6665026
96,262198-121,-8.5492204e-05,2.5309803,1.0295386
97,262198-72,0.006637909,0.9440062,0.10565456
98,262198-78,-0.0037235718,1.230344,0.128507
99,262198-98,-2.9093788,-0.78610647,-0.3567528
100,262712-78,-0.00063943164,1.2182151,0.4470864
101,36162-83,0.6916038,-0.6079151,-0.21909209
102,97884-50,0.00307842,-0.9518266,-0.65819263
103,97884-59,-0.01614851,-0.78211814,-0.72246826
104,97884-75,-0.0041210297,-0.7397503,-0.7114835
105,140375-132,-0.0057140957,-0.3691446,-0.36814955
106,140375-143,0.0045966236,-0.2787275,-0.34360996
107,150399-186,1.6243585,0.24225533,-0.24077448
108,252972-101,0.59586716,-0.21102281,0.06637433
109,253982-5,1.1070678,-0.04066479,0.20345144
110,270567-33,-0.0035824915,-1.4207312,0.48869807
111,272146-35,-0.066775076,0.7518944,-0.62049264
112,272914-37,0.008854785,1.3357048,-0.43794465
113,277133-117,0.006166743,1.1012279,-0.23525622
114,277133-62,-0.018888809,-1.5178033,0.7061316
115,277133-92,0.0073304055,1.2660344,-0.16835998
116,279507-70,-3.1716714,-0.78429216,-0.056105815
117,279543-44,-0.02208662,0.6735222,0.043263584
118,282740-145,-2.8735301,-0.03609703,-0.03129831
119,282740-42,-0.0041063,1.0245281,0.19280867
120,282740-60,1.5123816,0.72012424,-0.22188619
121,282740-61,-0.42007768,0.7241601,0.5046864
122,282740-90,0.0058044908,0.8567892,-0.115581796
123,282740-97,0.0027390672,1.8176825,-0.5117492
124,284567-45,-0.0005818751,0.7532242,0.0735854
125,284567-58,0.012780484,1.0775449,-0.04839025
126,286611-39,0.0057157543,1.1097175,-0.35320163
127,289038-29,0.4944249,0.7609658,-0.24312063
128,289038-37,-0.64314973,-0.8774988,0.1347936
129,289945-69,-1.3026476,0.15854843,-0.18267873
130,290460-54,-0.001293706,-0.6084143,-0.22643581
131,290460-77,1.0225061,-0.2984361,-0.41492048
132,292328-188,0.010674845,-0.44309527,-0.2245431
133,292328-204,0.031050147,-0.29409704,-0.36471754
134,292729-64,0.00055448816,-0.6789324,0.71059173
135,294427-54,-0.0025033024,-1.184981,0.45302692
136,294428-42,-0.0024345082,0.7557717,-0.038803317
137,294429-110,-7.731316e-05,1.3535885,-0.42898947
138,294429-133,-0.020098975,-0.54445446,-0.0065728817
139,294429-160,-0.00082929124,1.2072994,0.03172874
140,294429-179,1.5074826,0.6723876,0.15598568
141,294429-56,0.87259614,0.60691625,-0.37347457
142,294429-70,0.016369369,0.8814773,-0.008057695
143,294429-95,0.010735069,1.0797664,-0.20883186
144,294430-56,-0.71097887,0.78217226,0.16986674
145,294430-81,0.91018045,0.99772453,-0.428615
146,298221-71,0.010687471,-2.014624,1.0277694
147,301190-6,1.0874181,-0.75273246,-0.5256444
148,304792-37,0.03748804,0.9364436,-0.3746841
149,126541-150,-0.0039990107,2.6260192,1.7734343
150,142458-51,-1.4208979e-05,-1.4082832,-1.3724161
151,142458-64,-0.0038765476,-1.4128443,-1.3842053
152,14720-100,1.0364509,-0.61940694,-0.39527693
153,14720-74,0.25404054,-1.6162356,-1.1141906
154,14809-111,0.0842471,-1.2328682,-0.8879954
155,14809-120,0.0036226278,-2.5137482,-1.6513593
156,14809-130,-0.51495683,0.54748636,0.15626216
157,14809-139,0.0025434862,-2.5150137,-1.7766805
158,273823-7,0.019519845,-1.3460367,-0.9507938
159,275322-252,0.335241,0.22181009,-0.11095086
160,285867-88,-0.28875923,-0.23214367,-0.38322327
161,298990-146,-0.02337684,-0.09419589,-0.79776454
162,298990-78,-0.017526073,-0.14501327,0.119390935
163,303307-48,-0.02055773,1.3944205,-0.4249046
164,307822-63,0.009559485,-0.77584785,0.018788977
165,307925-109,1.5899681,1.0391155,-0.073646285
166,307925-77,-1.69686,-0.7815221,-0.2591766
167,307925-88,1.4866824,0.64868736,-0.13235416
168,308633-29,0.009277139,-1.2896235,0.5849234
169,310833-66,-0.0019863548,1.6218603,0.36489996
170,310833-87,0.4787083,0.37317735,-0.12993461
171,311012-25,-0.0076908856,1.6824533,-0.2802654
172,311025-33,-0.0044302912,1.7643675,0.6671087
173,311031-112,-0.0014042433,1.0801798,-0.19587289
174,311031-134,1.7702137,0.9587186,-0.120928556
175,311031-48,-1.09056,-0.5530429,0.102489896
176,311031-76,1.630468,1.1045015,-0.16538137
177,311039-54,-0.005048233,1.0655148,0.16715662
178,311039-65,-8.233359e-05,-1.0601356,-0.8095302
179,313522-23,-0.13569643,1.5296341,1.2160647
180,313522-41,-0.008492098,1.8838847,1.2320553
181,313707-67,-0.0026124562,1.1623838,0.30375403
182,314558-32,0.0111523345,1.6908307,-0.45137098
183,314558-57,1.6871992,0.93641496,-0.26285267
184,314558-67,0.0094162235,0.1571883,-0.5801312
185,314558-94,-0.54315656,0.69119847,0.29271156
186,314559-59,-3.966023,-1.0294871,-0.31639752
187,316491-51,0.008543259,0.62877536,0.027236985
188,316491-75,2.2587976,1.0394529,-0.025406968
189,316493-55,-0.19310741,0.8819161,0.26521662
190,316493-77,0.9202292,0.537979,-0.49251032
191,318828-40,-0.004801251,1.5133445,-0.29636517
192,319342-53,2.3993025,0.895383,-0.10158854
193,319342-77,-2.5342424,-0.18561271,0.09577754
194,319342-92,0.839535,-0.4250056,-0.8162737
195,320786-45,-2.4073937,-0.5930169,0.2100381
196,328072-6,1.497894,1.0350271,-0.055511743
197,332482-60,2.2433622,0.7467381,0.081563525
198,334677-30,0.00805079,-2.0699325,-1.4515624
199,335039-55,-0.0013656094,-0.095721036,-0.6763801
200,56373-83,-0.9425053,1.41352,1.0573236
201,56373-84,-0.14564267,-0.11582477,-0.2752831
202,56373-95,-0.3776934,-0.14199474,-0.32609004
203,104342-141,-0.8434492,-1.5175767,0.7372719
204,104342-99,0.6290253,1.3816391,-0.49138612
205,14641-68,0.0055456418,-1.4844618,-1.0727495
206,256022-206,-0.0036622798,-1.4905474,0.79714763
207,264293-105,-0.010981949,1.048369,0.62987834
208,264293-117,0.011401562,-1.5638435,-0.90616614
209,264293-69,-0.0057058125,1.1058581,0.25413835
210,264293-78,0.0009276612,2.6178231,0.22231787
211,264293-88,0.00010173345,-0.8843161,-0.30024114
212,307925-175,0.0028325145,0.08133818,-0.5772288
213,327896-22,0.00018539724,-1.9687433,-1.3254988
214,330427-122,0.0006219138,1.4869616,0.3205128
215,330427-143,-7.4022173e-06,1.3521229,-0.07959129
216,330427-242,-0.65443295,-1.6931822,0.6027302
217,330427-309,-0.0036903678,-1.2320013,0.42854026
218,330427-311,-0.013907559,-1.1481051,0.40104768
219,330427-313,-0.0036846749,-1.2660418,0.347625
220,330427-318,-0.0108058425,-1.1602497,0.28893405
221,335178-67,0.016408669,0.75727934,0.1490804
222,335937-47,-0.006642592,1.3547661,-0.3908758
223,335937-79,0.0011505826,0.9948305,0.14800693
224,338066-34,0.001106852,-1.2356322,0.5682826
225,339302-57,2.1432548,0.092439,0.14895463
226,339551-46,-0.004509654,-3.2210197,-0.5337139
227,339551-65,0.0077590086,1.9195977,-0.41448152
228,339551-83,-0.029634157,-2.6592367,0.8649136
229,339552-29,-0.004772745,-1.2147702,0.45367104
230,339630-35,0.0023405764,-1.821218,0.59030515
231,339689-104,0.0027757164,2.0394363,-0.3294215
232,339689-114,0.010928493,1.7385428,-0.2925294
233,339689-186,-0.020142086,-2.1537426,0.9287013
234,339689-196,1.2554451,0.34912467,-0.2583681
235,339689-67,-4.7361806e-05,-2.1130083,0.6823543
236,339689-82,-0.0022165373,2.8149223,2.003908
237,339689-88,-0.0050095646,1.8002285,-0.030742703
238,339696-112,1.0265139e-05,2.8302288,-0.49891317
239,339696-121,-0.01310178,1.7182795,0.69163716
240,339696-91,-0.015501214,-1.2247686,0.48164153
241,339705-102,0.013518206,1.6993328,-0.6367886
242,339705-120,-0.013352943,1.7331356,-0.33461586
243,339705-147,1.6828966,0.9879064,0.07515015
244,339705-95,0.00013862248,1.9904629,1.4085333
245,339823-36,-0.11387508,0.93970543,0.21003729
246,339823-56,-1.0459548,0.7251278,0.47481078
247,339823-84,-0.0003285735,1.5510962,1.0236938
248,339846-80,-0.00030182782,2.8409534,1.7770126
249,339847-110,-0.0005136186,2.4581373,1.0365341
250,339847-121,0.008063113,1.3239387,-0.3178666
251,339847-86,0.0016521064,2.6323166,1.1461111
252,339848-105,-0.00033590314,1.5956832,0.78048456
253,339850-113,-0.0014178815,1.5039103,1.2178019
254,339850-186,-0.00988154,0.3506472,-0.96376264
255,339851-114,0.008075618,2.0695853,0.73014313
256,339853-79,-0.017155753,-1.4758375,0.49534288
257,339854-37,-0.011061268,-0.81075895,0.58793193
258,340369-4,-0.007294987,-0.44682804,-0.37203377
259,344056-55,0.03247245,1.5216292,-0.47720328
260,344468-77,-3.942148e-05,-3.1183321,1.4955378
261,345069-114,-0.0007849006,0.68416256,0.56755894
262,345069-119,-0.7768407,0.009311078,-0.024720347
263,345069-121,1.034618,0.28814545,-0.15625784
264,345070-79,0.2840475,1.5270063,-0.6546743
265,346697-65,-0.00524042,-2.3910182,1.110376
266,346782-62,-0.98383605,-1.5657918,0.44072375
267,346913-109,0.00021902859,1.3868378,0.38919058
268,347030-10,0.00081605685,-0.6097097,-0.3015336
269,347832-48,-0.60435903,0.08390898,-0.19641039
270,348693-57,-0.0045744055,-2.4582007,0.7149208
271,348711-50,-0.04632873,-1.823152,0.6827214
272,349771-61,-1.4759666,-0.8190856,0.2372248
273,350464-54,-0.61931986,0.3427131,-0.18004395
274,350464-60,2.2380526,-0.0027441203,0.05444175
275,350464-72,-2.5976892,0.016949032,-0.104788065
276,350489-4,-0.7544632,-0.5945136,-0.2531942
277,350507-7,-0.008526986,-0.70253307,-0.15804213
278,350571-30,0.7078007,1.462296,-0.6067877
279,352580-39,-0.008530959,2.4207852,0.6597044
280,353093-92,0.007328063,2.349124,0.078480355
281,353741-128,-0.07647627,-0.038350802,0.20972475
282,353741-160,-0.2874829,0.12292951,-0.1639816
283,353741-192,-0.003927963,-0.8681014,-0.20032868
284,353741-54,-1.1348783,0.002442693,-0.030745171
285,353741-67,-0.38883007,-0.015373897,0.003725065
286,353776-4,0.020303665,-0.4206825,-0.30541554
287,354034-47,-0.004771706,1.484775,0.09463236
288,355920-104,-0.009321622,-0.9245538,-0.15182395
289,355920-40,-0.00048943795,2.3687313,-0.054480873
290,356032-50,0.006512024,2.6953552,0.030797724
291,356695-67,0.0047063376,1.9135779,0.27577177
292,356805-49,-0.52507454,0.03779325,-0.04690451
293,358878-110,2.6454072e-05,-2.910416,0.67681587
294,363391-101,-0.0032658346,-1.4129024,-0.26065448
295,363391-44,0.0024380272,2.8128114,-0.107025534
296,363391-64,0.00020495174,1.564729,0.70219386
297,363391-81,0.0160632,3.2795153,0.6611827
298,363568-127,0.0120517295,3.1263263,0.44524932
299,365555-120,-0.0088065285,2.262679,-0.9805126
300,368083-56,-0.0054215332,1.2453878,0.27651268
301,368083-72,-0.03278552,-1.9338877,1.1916276
302,368084-49,-0.008473264,-1.9304702,0.91191036
303,368170-49,-0.007119434,-2.0309384,1.0475478
304,368679-64,0.017990548,1.7557265,0.010209447
305,368679-81,0.0012334011,-0.77481794,0.66702765
306,371091-7,-0.014239666,-1.4459764,0.584574
307,313951-141,-0.00026471174,1.4619626,0.16253838
308,313951-152,0.008448091,-1.7661035,0.33532086
309,313951-187,0.009805214,1.8015696,0.17209737
310,313951-205,-0.016890598,0.9133889,-0.5063351
311,313951-237,-0.0154899135,-1.9669347,1.1278292
312,313951-248,0.00391716,1.246116,-0.56058645
313,313951-268,-0.043022238,-1.2758853,0.2955531
314,350108-117,0.0034822607,-0.7969547,0.06998045
315,352776-50,0.005880119,-2.5293305,-1.427447
316,364186-139,-0.013309905,1.2601027,-0.43109527
317,364186-74,0.0092948675,2.667052,-0.70858586
318,364186-86,0.000382173,-1.0302114,-0.30254343
319,364579-61,0.22715689,-0.12787372,-0.053533744
320,366816-167,0.020072939,-0.3713065,0.4592039
321,371547-84,0.0005673846,-2.2995207,1.1349931
322,371789-105,-0.0041539087,-1.4086237,0.44409904
323,371789-147,0.9806018,1.3557199,-0.38128835
324,371789-93,-0.00022641124,2.3290422,0.2075072
325,372150-100,-0.00507089,-1.6841788,0.7630882
326,373907-63,-0.00077852566,-1.2991863,0.45976683
327,374302-82,-0.007916752,-2.5446413,1.0984896
328,377706-66,0.038895268,-0.9508552,-0.3298497
329,377965-69,0.021627802,1.7436302,0.410549
330,377965-86,0.004260267,-1.2102271,-0.06749161
331,380508-55,-0.00070893404,1.2679042,-0.09521832
332,382081-100,4.9261726e-06,-4.965359,-0.25149882
333,382081-106,-0.00015630908,2.7112405,-0.348084
334,382081-60,-3.0156427e-05,1.40927,-0.003240201
335,382081-77,7.808827e-05,4.876712,0.2806985
336,382665-65,-0.01256315,-2.3975306,0.99941725
337,382667-61,0.00013599472,-3.1501815,1.1947473
338,382680-56,-0.0040389085,1.309954,0.646601
339,382680-63,0.012729093,-2.3037858,0.82158035
340,382681-107,0.008984537,0.9033264,0.34879267
341,382688-119,-0.008211035,-1.820547,0.91199136
342,382688-99,-0.7536543,0.5732156,0.22434434
343,382708-110,-0.5320819,-0.10937789,0.18681204
344,382708-93,-0.12346486,-0.28075415,0.41071016
345,382725-97,0.008461463,0.30862638,-0.2837081
346,383657-93,0.029636977,0.9103735,0.10948769
347,384554-74,-0.018432695,-1.5246432,0.63923687
348,388308-65,-0.6507145,-0.9778737,0.22475903
349,391163-36,0.0050732377,1.3949168,-0.46661356
350,391163-52,-0.008981898,-1.1638635,-0.07519884
351,391163-64,-0.008981462,1.2790099,0.44291595
352,391163-75,-0.00021185611,2.1125774,0.30161
353,391163-86,-0.0060260165,-1.8308123,0.5802609
354,392908-35,-0.0015408297,-1.3471826,-0.030521892
355,392908-60,1.0981521e-05,1.8308632,-0.18043415
356,392908-82,0.036354706,1.6391195,-0.12905021
357,394079-102,0.0011499354,1.1000317,0.43972212
358,394079-127,0.06815737,1.2050623,-0.49930552
359,394079-140,1.6928428,1.2192187,-0.42504892
360,394079-150,-1.2978243,-1.1613479,0.49524128
361,394079-156,-0.006168635,-0.6997861,0.11659602
362,394079-192,0.0049673347,2.1990612,-0.38257807
363,394079-195,-1.0091983,-1.2085453,0.46975568
364,394079-55,0.0010681449,1.0822111,0.3150189
365,394079-73,-0.018015206,-1.1676598,0.29251513
366,394079-80,0.026064,1.2213477,-0.009820201
367,394100-47,0.0033675279,2.4197173,-0.7702762
368,394104-98,-0.0076895757,1.7219273,-0.23150225
369,394947-104,-0.0014049575,1.6926842,-0.06654671
370,394947-54,-0.0044506416,-1.0310607,-0.38907143
371,394947-81,-0.0011378961,1.6345156,0.38229647
372,396987-124,0.44328392,0.26103538,-0.7770316
373,396987-131,0.38496637,-1.036553,-0.6987773
374,396987-95,0.0012624463,1.4080906,-0.3181122
375,398628-60,0.007093506,1.7199122,-0.3132869
376,402373-55,-0.017370796,1.1966403,-0.038332436
377,402378-65,1.6771366e-05,1.2920376,0.23914774
378,402378-77,0.0023011756,2.7117417,-0.5671475
379,402378-97,-3.7927748e-06,4.8202558,0.19761898
380,403395-126,0.0068028267,4.306122,-0.046791684
381,403395-164,-0.010047943,-1.2840464,0.6030389
382,403395-85,0.002083945,2.0005145,0.42685694
383,403395-93,-0.0003368813,1.7734257,-0.13163985
384,408452-117,-9.966532e-06,1.8089023,0.2194357
385,413095-63,0.002289515,-2.5477195,0.918909
386,413095-70,3.2431097e-05,-2.518122,1.027352
387,415049-31,-0.84360665,0.5287351,-0.41705385
388,415049-45,0.002440236,-1.1738973,-0.26985708
389,415049-51,-0.0046322965,0.90691936,0.17743865
390,415049-66,7.80546e-06,2.4385521,0.013955453
391,421658-5,0.0026535133,-3.1495364,-0.9251271
392,421658-7,0.00980815,-2.9223175,-0.3070438
393,112893-218,-0.032478336,-0.27562872,-0.16948077
394,112893-225,0.47790307,-0.3597623,-0.34040508
395,114145-58,0.024604885,-1.2984288,-0.8177768
396,14271-84,1.0087805,-0.40796557,-0.2749183
397,15471-155,0.32130823,0.50645965,0.22263768
398,18454-92,-0.0042801662,0.5546584,0.33391398
399,290450-52,1.7011634,0.06748319,0.20509636
400,290450-54,-1.7645733,0.013417615,-0.09871891
401,307814-70,-0.00018330007,-3.1966684,-1.3091469
402,307814-85,0.00084434595,-1.2683475,-0.7144192
403,339409-144,-0.023546811,-0.1496059,-0.32425603
404,339977-66,-0.007526769,-1.2631959,-0.8346741
405,345552-78,-0.02323028,0.92197204,0.47240546
406,345552-88,-0.0077336878,-2.9159224,-0.8671233
407,345552-93,-0.26928613,0.630669,-0.29718772
408,361442-144,-0.10089751,-0.31321257,0.060560934
409,370193-6,0.021556154,-1.0665387,-0.29943594
410,378478-161,0.008934604,1.4359826,0.38627
411,378478-172,0.00023880097,-0.9773975,-0.012161628
412,378478-213,0.016143218,3.1702218,-0.29598507
413,378478-223,-0.00012601813,-0.8649847,0.4257799
414,378478-232,0.002763826,1.13619,-0.31233642
415,378478-242,-0.006602304,1.3018576,-0.44295973
416,384772-5,0.013087942,-1.7351942,-0.5086165
417,403508-95,-0.015386148,-1.1587275,0.310607
418,403997-6,-0.009702447,-1.7578943,-1.2519596
419,406183-14,0.012851033,-2.5782516,-0.6271681
420,412236-104,0.54167277,0.17463158,-0.376422
421,416057-86,0.00016490924,2.209354,-0.16721462
422,416057-90,-0.009045853,0.4162792,-1.2108188
423,416057-93,-0.3442197,0.0024483365,-0.4110702
424,416531-9,0.46480605,-0.35587013,-0.07418569
425,419290-65,0.011836829,1.1103657,-0.2956413
426,419290-71,-1.8520805e-05,1.4494879,-0.35387108
427,419290-80,0.0027788342,0.82960564,0.09362364
428,420066-66,0.0009274987,1.4571103,-0.5052109
429,420746-108,-2.873904e-05,1.6735066,-0.24014242
430,420746-123,2.328203,0.8172307,0.16763991
431,420746-129,-0.022521308,-1.043902,0.28610674
432,420746-62,-0.0074500022,1.0942898,0.07111428
433,420746-81,-0.030597344,-1.3574026,0.670049
434,422455-79,-0.112649,-1.3638362,0.7156717
435,422455-92,-0.24887644,-1.231035,0.6683156
436,422643-94,-0.0070634456,1.0013882,0.071151786
437,422683-100,0.0012398174,1.4210296,0.8318494
438,422683-129,-0.00012371705,2.1260254,1.1238298
439,422684-88,0.9296204,0.9628409,-0.40371054
440,423427-100,-0.011115723,-1.8534691,-0.6703761
441,423427-110,0.010459609,1.2941705,-0.8799143
442,423427-147,-0.024414692,-1.3165252,1.0700905
443,423427-82,-0.00957419,2.243545,-0.34341958
444,423428-126,0.014046042,-1.1521975,0.70908034
445,423428-129,0.12876643,-1.021194,0.45923898
446,423428-137,-0.36140513,0.68858117,-0.34136632
447,423428-142,0.018847855,-1.332536,0.9651775
448,423428-91,0.0036050826,1.3029383,-0.3391838
449,423580-6,-0.0061427043,-1.921716,-0.6036468
450,423585-62,0.0071320594,-1.575998,-1.1764767
451,428043-85,-1.1764416,-0.092048675,-0.62650913
452,428250-112,0.00023194856,0.8231332,-0.77276593
453,428250-125,-0.022171559,-1.1707153,0.6201266
454,428250-162,-0.00034367805,0.54786414,0.50166017
455,428250-189,0.01371704,0.8959222,0.86614895
456,428250-200,-1.0327348,-0.0831154,-0.5522616
457,428250-71,-0.0005550028,1.9120773,0.34190136
458,428250-93,-1.2605213,-0.9703573,0.18308645
459,430472-108,-0.0013614185,-0.2798141,-0.22945209
460,430472-85,-0.008630158,-0.3039917,-0.22062406
461,431536-5,0.0036103732,-3.5418823,-1.037079
462,434563-110,1.8097037,0.10094766,-0.6426641
463,434563-185,-0.103107125,-0.5174171,-0.009242397
464,434563-74,-3.363607,-0.3841771,-0.39574575
465,434563-87,-2.662956,-0.4375019,-0.44981372
466,434938-122,0.011656404,-1.2399027,0.17940587
467,434938-133,-0.009131681,-1.7047892,0.69283676
468,436198-9,0.46560225,-0.24981633,-0.119078234
469,437378-16,0.0005052284,-1.705999,0.58702886
470,438197-76,1.9048427,0.8325493,0.08531315
471,438942-12,0.009449252,-0.99746984,-0.6021984
472,439736-22,0.16723378,-0.94315225,0.0003989437
473,440177-118,0.008141563,0.3107196,-0.61256856
474,440177-163,-2.1079748,-0.80416304,-0.07254776
475,440177-43,-0.0013192086,1.418897,-0.3448671
476,440177-53,0.017416613,1.4346336,-0.17961618
477,440177-65,3.2385105e-05,-2.3510818,-0.078721695
478,440269-157,0.010651532,0.93192196,0.068650156
479,440269-72,1.6886199,0.3609747,0.33546898
480,440269-73,0.30948475,0.40729073,0.3435614
481,440269-76,-2.1292107,-0.11077134,-0.1014363
482,440269-79,-0.3677065,-0.01904144,0.1702458
483,440269-88,-0.009940377,0.14870855,-0.028144838
484,440269-92,-2.5168343,-0.2076499,-0.30922273
485,440269-94,-0.7769066,0.11525568,0.031281866
486,440274-5,-8.165228e-05,-2.6880562,-1.5697694
487,440517-13,0.018713998,-0.61477304,-1.1262822
488,441341-10,-0.0076336893,-1.1008744,-0.5160019
489,443158-105,0.7831535,1.0780226,-0.35854575
490,443158-140,-0.0007079466,1.1606932,0.28943875
491,443158-147,0.008618004,2.268351,-0.10880853
492,443158-158,0.011462764,-1.2999957,0.31759694
493,443158-205,-0.97364473,-1.6371409,0.57640207
494,443158-92,0.64542705,1.2817656,-0.71456116
495,443247-5,0.014761907,-3.0627742,-1.0367283
496,445427-89,1.468683,0.50406516,-0.31555057
497,446738-5,-0.018609753,-0.9178201,-0.9273808
498,447734-66,-0.004081185,-2.1551359,1.0814899
499,447935-106,-0.029826852,1.1933155,0.012722575
500,447935-121,-0.0052688206,-1.9300151,0.46632728
501,447935-142,-0.6965185,-1.7752479,0.56986487
502,447935-79,4.3650223e-05,1.9486781,1.4643369
503,447935-83,-0.009224143,0.90352684,0.38450855
504,453801-40,-0.00058854464,1.9150226,1.4479363
505,453801-55,0.004895484,0.8735491,0.40683568
506,453801-69,-0.0007337829,1.0802602,0.18355852
507,453801-81,-0.0023445997,1.2154056,0.5338523
508,453801-89,-0.001998785,1.1130722,-0.22416814
509,454911-100,-0.000109864246,1.5901763,0.38062233
510,454911-118,8.89166e-05,-1.564844,0.059446853
511,454911-132,-1.3755955e-05,2.4270957,1.2549465
512,454911-145,0.006245884,1.4823549,-0.03188914
513,454911-32,0.00029313186,1.9307805,1.4430052
514,454911-55,0.0051569073,-0.7637188,0.51504713
515,454911-70,-0.0005349262,1.5792174,-0.023914915
516,454911-86,-0.0021514958,1.8393174,0.7390691
517,458747-7,0.0023978557,-1.7546759,0.59888244
518,458748-9,-0.0023785944,-1.8783737,0.59441584
519,458749-9,0.010792989,-1.926904,0.6088347
520,101666-71,0.0017003148,-1.2093004,-0.78470224
521,153275-100,-1.4175726,-0.15849274,-0.1865246
522,21571-106,-2.5322835,0.08188851,-0.04125269
523,21571-116,0.23910102,-1.4584621,-0.99093145
524,21571-127,-0.6617832,-0.09983177,0.016511712
525,21571-130,3.2587051,0.2427531,0.26620382
526,21571-133,0.8491225,-0.9535356,-0.61735463
527,21571-139,0.452695,-1.1449138,-0.76975864
528,21571-154,-0.0006254143,-0.5239062,-0.36933252
529,284827-198,0.21922803,1.2400657,-0.6533754
530,378478-308,-0.006484784,0.5467961,0.36210713
531,378478-317,-0.012269653,-0.32356486,-0.3399566
532,397936-51,-5.6945526e-05,-2.8531897,-2.0028446
533,438409-126,-0.01666932,3.309476,-1.0960368
534,438409-137,-0.015484615,-1.8043594,0.24212305
535,438409-157,1.4932862e-05,-3.0271668,-1.7614039
536,438409-164,-0.0037528772,2.5167027,-0.85354024
537,438409-203,-1.0300132,0.31741157,0.7343202
538,447936-162,0.0009308262,-0.9655862,0.5422039
539,447937-133,0.001740793,1.3117343,-0.60668826
540,447937-136,-0.002708481,1.8551986,-0.95561236
541,454360-6,-0.49829572,-0.014273817,-0.22826204
542,463287-47,0.009363517,-1.4126672,-0.9456723
543,464520-129,0.011920768,1.7565926,0.18689005
544,464520-147,-0.00011314038,2.2171605,0.2690901
545,464520-164,-0.01332961,-1.0148118,0.42862165
546,465329-108,1.3914082,0.106855966,-0.1896884
547,465329-74,-2.7699037,-0.563281,0.05390762
548,465329-98,0.818466,0.4637931,-0.1323781
549,465331-92,-1.180213,-0.5559811,-0.033810157
550,465333-71,0.0020528976,-1.3942025,-0.97192645
551,465356-63,0.0012969996,-1.3401743,-0.6442846
552,465356-77,0.0053597824,-1.4662472,0.07866508
553,466304-84,-0.012375354,-2.149596,0.66513413
554,466305-106,-0.0010659816,3.156305,1.4549423
555,466305-84,-0.004855451,-1.8907223,0.61166906
556,467514-6,0.012417013,-1.13429,-0.7440085
557,469773-6,-0.112307034,-0.42844674,-0.34509838
558,469774-6,-0.04297039,-0.3517602,-0.32049987
559,469956-4,-2.4175544e-05,-2.6434221,-1.3349544
560,471208-8,1.0313006e-05,-1.9890038,0.080414206
561,471270-100,-0.003585402,1.6378876,-0.10971362
562,471270-135,-0.011036247,-1.0024875,0.3696048
563,471270-95,-0.0025565955,1.4365414,-0.272269
564,474361-64,-1.5589958e-05,2.9117553,0.24831165
565,474361-85,1.0652529e-05,4.8594155,-0.059246495
566,475370-16,-0.0007522629,1.774528,-0.51671404
567,482426-31,0.004252487,1.3443933,-0.25692642
568,482426-43,-0.0039473083,-1.6937954,0.60908824
569,483907-53,0.00014419436,-2.3850415,-1.4756284
570,483907-59,0.0048334943,-2.3447104,-1.4541719
571,483948-50,0.0033857706,-1.7043111,0.4159604
572,485201-93,-1.9515686,-0.6057265,-0.37608492
573,485262-48,0.2590795,0.6119931,0.13264367
574,486701-6,9.245134e-05,-3.4891698,-2.5705845
575,488165-8,0.0027318306,-0.8794427,-0.6409003
576,488578-7,-0.46563154,-0.25550961,-0.07441768
577,489010-5,-0.015976986,-0.14182548,-0.17743038
578,489682-5,-0.11118592,-0.5306564,-0.5341429
579,17338-302,-0.0023339465,-0.50491077,-0.6628012
580,17338-321,-0.025776193,0.13470396,-0.47774333
581,260404-97,0.93072385,0.5427381,-0.059789427
582,357094-119,-1.8423201,0.16801828,0.0043208813
583,357094-124,1.1530871,-0.3243316,-0.14476264
584,357094-132,1.0283273,-0.12913398,-0.012016519
585,357094-141,0.8451546,-0.7027099,-0.46116593
586,394079-276,-2.121597,0.032380354,0.6919539
587,476031-112,0.009460434,-1.2086349,0.47601846
588,476031-81,-0.0072742295,1.0488768,0.077592805
589,476031-93,0.0033361719,1.773537,-0.31598276
590,485274-102,0.005616544,1.7239119,0.33785787
591,485274-115,4.366606e-06,1.2346643,0.1287744
592,485274-124,-0.008904371,1.5068737,-0.1144282
593,485758-129,-0.22273469,-1.3221529,0.5367303
594,485758-146,-0.58373994,-1.4957389,0.63515776
595,485758-63,0.008950957,1.1539795,0.08555187
596,485758-72,0.013578383,1.3406852,-0.20462364
597,485758-83,-0.00016661557,1.6527423,-0.14648756
598,487868-77,2.0041347,0.10093042,-0.05591133
599,487868-96,-0.62205905,0.35745686,-0.6049922
600,487966-81,-0.29014587,-1.889461,0.6435077
601,488582-8,-0.005634221,-1.0678684,-0.7555504
602,488607-71,0.01171816,1.7556075,-0.2860521
603,490375-123,-1.0983425,-1.14125,0.3047303
604,490375-130,0.36158738,1.1803347,-0.4882214
605,490375-134,-1.0577825,-0.8484214,0.29494065
606,490375-87,-0.019389942,1.1859319,-0.15727024
607,490387-69,-0.0047773463,1.2050622,-0.23234715
608,491872-58,0.22629257,1.1763843,-0.3462019
609,491872-61,1.1821176,1.2319963,-0.1535325
610,491872-68,-1.5424052,-1.3731917,0.33734205
611,491963-8,0.007559623,-1.2299777,0.30919772
612,491974-6,0.0025111279,-0.9126128,-0.4618526
613,495378-103,-0.021969344,-1.1408167,0.60613805
614,495378-111,-0.15863357,-1.3214952,0.59365284
615,495378-116,-0.25446746,-1.2517833,0.6156628
616,495378-119,-0.4112856,-1.5230106,0.5852111
617,495378-122,0.00056668045,-1.5547252,-0.7994121
618,495378-50,2.6286445e-05,3.2126753,-0.53187424
619,495378-59,0.018149178,2.1117468,0.16891597
620,495378-76,-0.77921563,-1.3158913,0.2627517
621,496290-59,0.8546023,1.4637897,-0.40864697
622,496290-68,0.940897,1.5492344,-0.46495736
623,499323-47,-0.00010836513,2.5100124,1.261304
624,499323-56,-3.55801e-05,1.7101687,0.90496093
625,499323-62,-0.24224885,1.5196898,0.82812965
626,500056-109,-0.90577203,-0.43831897,0.20797873
627,500056-133,-0.18252438,-0.6155958,0.33933848
628,500056-70,0.005815766,1.4028426,-0.017324938
629,500056-82,2.9110943e-05,1.7314636,0.05994348
630,500056-94,0.00019957352,-1.1091515,-0.03436555
631,500079-157,0.013975532,0.055765294,-0.1503062
632,500380-7,1.5987042,-0.12882145,0.124439985
633,501560-55,-2.6634836e-05,3.6557803,2.6603808
634,501560-65,0.005683486,1.472631,0.5586204
635,507762-6,0.014124445,2.2072227,-0.54741955
636,511029-60,-1.8157082,-0.7335463,-0.13350974
637,513172-64,-0.0024547225,1.1420414,-0.62083954
638,513496-108,-4.1245352e-05,1.9461131,-0.00044834116
639,513496-115,0.011190358,2.1942472,0.265117
640,513496-139,0.0119448695,2.1462915,0.0069269105
641,513496-146,-0.0033814188,-1.3332582,0.039924808
642,513496-149,0.0060559963,1.3812336,0.08234529
643,513496-153,-0.16483018,-1.5363339,0.36149305
644,513496-157,-0.019934472,-1.4461253,0.3417337
645,513496-160,0.34585258,1.3209869,-0.16289209
646,513496-171,-0.00033527426,1.6505637,-0.046851207
647,513496-175,0.012403404,1.5743973,-0.4219016
648,513496-178,-0.12016799,-1.3381084,0.35099807
649,513496-182,-0.015180336,-1.631353,0.5416253
650,513496-193,0.025199056,1.8770944,-0.55926085
651,513496-227,0.013795646,1.8926715,-0.08904933
652,513496-249,0.0028311522,1.6708329,0.15538299
653,513496-251,-0.14509171,-2.0045207,0.513896
654,513496-259,-0.0029527915,-1.9205917,0.5002587
655,513496-260,-0.015589119,-1.6687222,0.46423095
656,513496-261,0.0018309619,-2.2227738,0.50414616
657,513496-262,-0.0015086271,-2.1729376,0.4717862
658,513496-263,-0.006775534,-2.163179,0.46517223
659,513496-95,1.10883975e-05,1.6021323,-0.06957804
660,513512-66,-0.36078706,-0.2979296,-0.013725971
661,513514-58,-0.5179777,-1.0397457,0.32469785
662,514832-10,0.8719042,1.1841483,-0.374234
663,531883-4,-0.0009799247,-0.49715576,-0.28750727
664,131591-278,-0.012197985,-1.8826994,-1.0957723
665,131591-284,0.009460244,-2.729624,-1.4251622
666,17338-382,0.71695954,0.1793614,0.5133332
667,17338-414,1.2444551,0.23444544,0.6403121
668,274311-65,0.00068166514,-1.6613141,-1.0898184
669,290677-69,6.594463e-05,-2.9447918,-1.320211
670,290677-77,6.429029e-05,-2.715681,-1.3242606
671,36162-204,2.3121028,-0.0691946,0.23974867
672,366851-147,-1.4928765,-0.5575862,-0.2495657
673,366851-186,-0.0737059,1.3052739,-0.3001858
674,366851-189,2.122927,1.0141028,0.1670245
675,366851-196,-0.005709924,1.0623087,0.023392992
676,401376-383,-0.0001426948,-1.4809706,-0.96371555
677,435878-82,-0.029741004,1.0859327,0.5258996
678,473496-72,0.0034597095,-1.5179524,-0.88622886
679,473496-83,0.010239626,-1.4826806,-1.0974276
680,479328-65,-0.011337394,-1.0383124,-0.61073506
681,494004-52,-0.009685402,-1.6288955,-0.03568107
682,496725-130,-0.0041592433,-1.810289,0.5192997
683,497188-8,-0.0009255251,-1.05716,0.36863312
684,508967-7,-0.0029034677,-1.1380208,-0.61317813
685,520245-145,0.6208604,0.4796721,-0.28306845
686,520245-150,0.7730526,0.546127,-0.24622405
687,524645-65,-0.06268005,0.15165909,-0.28861424
688,524645-71,0.018119313,-0.06811523,-0.42121986
689,524645-81,0.009167705,-0.3352971,-0.30611467
690,527723-74,-2.4359126,-0.21594995,-0.17093691
691,527728-70,0.81789476,0.3883532,-0.15088083
692,528165-59,-2.2555683,-0.19560847,-0.47899467
693,528165-65,0.006753734,1.9838008,-0.55285966
694,529011-53,-0.03717954,1.2418132,0.6361998
695,533505-79,1.4046222,0.5069488,-0.1006226
696,533535-56,-0.8783753,-0.9501221,-0.22046778
697,535959-48,0.0077771912,2.2578511,0.02403921
698,535959-57,0.0001795108,1.176611,0.19689888
699,535959-74,0.013467429,1.3385407,0.5296569
700,535959-83,-0.7561536,-0.5500404,0.30278203
701,537339-16,-0.008782279,-0.4033363,-0.16576238
702,537997-4,0.017966576,-1.4303173,0.2744767
703,540142-74,1.5943158e-05,1.4321194,0.4605104
704,542431-47,-0.007564188,3.3832164,0.58732367
705,542431-56,-0.007300575,2.455562,0.6012456
706,542431-70,-0.009141577,2.2015672,0.1691831
707,543448-57,-2.5377227e-05,3.6524644,0.397882
708,543448-90,0.28588393,0.55488455,-0.1988576
709,544176-6,-0.012770821,-0.88045615,-0.5397211
710,544463-71,-1.2094886,-0.7840712,0.123692565
711,544573-6,-1.1818644,-0.3978489,-0.64130986
712,545925-30,-0.00066786126,1.032843,0.40252593
713,545925-61,-0.92126745,0.26799363,-0.17456937
714,549909-28,0.9143834,-0.07414206,0.7850914
715,552689-39,0.00064485706,-0.9429866,0.7438739
716,554412-9,-1.1107162,-0.12598571,0.04418554
717,555727-52,1.5512259,0.1224486,-0.021848764
718,555727-77,0.004790989,0.98854643,-0.65457314
719,555727-80,0.059625268,0.7359858,-0.4988458
720,555993-7,0.003725387,-2.6455595,-0.93125296
721,561593-4,-3.5122648e-06,-3.1846209,-1.3548484
722,561594-3,0.0068233623,-2.878266,-0.83978254
723,271219-134,0.4245223,-0.3297782,0.10007688
724,302638-257,-0.018912734,1.5319918,0.99367934
725,332451-149,0.41183457,-0.4667247,-0.7897699
726,332451-164,0.34712186,-0.5400788,-0.94402236
727,343930-201,-2.7207792,-0.5526632,0.04480989
728,377011-249,0.011262505,-0.86559546,-0.032534536
729,377011-285,0.0016555256,-2.9294562,-1.0541723
730,412854-79,-0.006076996,-0.6387332,-0.3873804
731,412854-83,-0.55377144,0.14011428,-0.17838962
732,412854-86,-1.9262329,-0.046643194,-0.1840088
733,412854-89,-2.2288234,-0.06750112,-0.15644076
734,412854-92,-0.35891658,0.1924036,-0.10851197
735,412854-95,-0.023230571,-0.009791279,0.6190933
736,483808-155,0.02251284,0.02409398,0.28789806
737,483808-165,-0.016406383,-0.1244695,-0.64509636
738,507965-120,-0.85482025,0.8751757,0.42614886
739,522343-74,0.01143867,0.8995148,0.034624975
740,522343-79,-0.009066375,-2.708988,-1.296883
741,527704-62,0.0039967275,-1.711178,-0.89126515
742,527704-65,0.45631197,0.27682617,-0.1611467
743,538366-67,0.0009330472,0.9127269,-0.4539714
744,54307-116,-1.2472857,0.048382346,0.094284296
745,54307-120,0.19216023,-0.27623412,-0.32608947
746,54307-159,0.71299165,-0.20388329,-0.22378387
747,553112-63,-0.005470747,-0.37854823,-1.0996647
748,553168-105,0.0011912056,-1.7568707,-0.8181634
749,553474-9,0.015198934,-0.7199565,-0.48598087
750,556261-124,1.453236,0.838274,0.17943132
751,556261-26,0.010286806,0.66308594,0.24524961
752,556261-43,-0.0024193444,0.80144036,0.31097975
753,556261-57,0.002649791,-0.6639045,-0.37478495
754,556332-28,0.0017879535,0.9795299,-0.27830234
755,556590-9,-0.0053448565,-0.5444708,-0.1578763
756,559275-42,0.01802409,0.75925666,-0.5933134
757,559275-63,2.0194783,0.6471872,-0.1665294
758,559465-38,0.9070082,0.3984071,-0.18753627
759,559706-41,0.012233294,0.29442054,0.006635474
760,562466-47,-1.3981616,0.28230083,-0.6897264
761,562615-106,-0.6644772,0.19060388,-0.48202342
762,562615-129,-0.11816816,0.32585153,-0.32618332
763,562615-141,-0.0180924,0.3983438,-0.7420858
764,562615-154,-0.47064602,0.11977525,-0.13537975
765,562615-184,-0.0028866727,1.7125845,0.1095735
766,562615-213,-1.5200987,-0.6197013,-0.10228838
767,562615-220,0.0011696119,2.6771681,0.059260976
768,562615-233,0.0011637205,-0.45288613,-0.120749764
769,562615-244,0.0035277612,-1.275913,-0.45001066
770,562615-256,0.0057870573,1.3112545,0.37515384
771,562615-268,0.009258206,-0.06324836,0.22957292
772,562615-281,0.00018444128,-1.7718284,0.5108362
773,562615-291,0.007078878,-0.74576855,0.04819954
774,562615-327,0.0013958173,1.5004306,0.009722516
775,562615-39,0.015412085,0.41969362,-0.06528121
776,562615-64,-0.0018972685,0.9674161,0.48348486
777,562615-78,-0.0010267427,1.2184751,0.15427737
778,562615-93,-0.70011795,0.10894274,-0.5015323
779,564113-45,1.5749454,0.51333725,-0.09768187
780,564453-52,-1.7889266,-1.0215862,-0.08044879
781,564520-44,-1.2589059,-0.78852016,0.2738672
782,564521-63,0.0028125567,2.046296,-0.9161264
783,564522-34,0.03948155,-1.0278785,-0.27371407
784,564525-125,0.48704106,-1.0041994,-0.32675558
785,564525-133,-0.008246244,1.4696023,-0.5952789
786,564525-136,1.4278761,0.31367463,-0.369844
787,564525-142,0.014732053,0.34993184,-0.14374073
788,564525-145,0.38199025,0.44906566,0.16001996
789,564525-92,-0.0049495436,2.2149346,0.9534217
790,566047-41,-1.5483687,0.005631067,-0.15650314
791,566744-6,0.00019143571,-1.402523,-1.4848245
792,566891-38,-0.0071199685,0.90531355,-0.74926645
793,566891-57,0.012016611,-0.6642064,1.2184255
794,566891-66,0.016320003,0.8571566,-0.5781261
795,568421-21,-0.02076288,0.91622823,0.43608192
796,568421-27,0.005699111,1.0262747,0.5076742
797,568421-44,-0.0018596478,1.1762977,0.41527623
798,568515-5,-0.023067713,-0.9660473,-0.7408903
799,569181-5,0.003692919,-2.146831,-1.5035064
800,569182-6,0.00014870022,-2.9605465,-2.367014
801,571564-6,-1.0161731,-0.5930126,-0.23317847
802,573508-47,0.2649049,0.03274395,-0.056330033
803,573508-49,0.94954634,0.09313619,-0.035546985
804,573508-51,-0.0038776745,-0.13760929,0.034632657
805,576895-6,0.00014542205,-1.4446816,-1.2744777
806,577881-6,-0.0054581934,-1.5040716,-1.0666076
807,580163-34,-0.0077503356,1.3318137,0.76341796
808,580163-51,0.0011378637,-0.88645315,0.5999278
809,580163-59,0.37744325,0.21351342,-0.35002127
810,580951-61,2.5113883,0.09528137,0.18041529
811,581700-32,-2.935296e-06,-1.8952516,-1.0633959
812,581700-34,0.39946494,0.04130982,-0.0148447445
813,581700-35,0.26837772,-0.7588737,-0.42855605
814,58213-100,0.0029365232,-1.2916354,-0.8402829
815,58213-106,0.00798254,-1.2846111,-0.85526437
816,582605-6,-2.0109055,-0.4790479,0.33288655
817,583408-9,-0.0055068,-1.1420661,-0.8506746
818,584020-124,1.6781241,0.7517447,-0.10174256
819,584020-132,-2.4424317,-0.064371414,-0.18406685
820,584020-34,-0.0030588408,1.2883894,-0.14926092
821,584020-44,-0.009873508,1.2261755,0.6277779
822,584020-50,-0.006734603,1.2827407,0.56916916
823,584020-60,-0.007139251,-1.0289913,-0.43803748
824,584020-79,-0.05864032,0.898042,0.3551456
825,584020-99,0.009387864,-1.0374799,0.65312654
826,584279-5,1.0007457,-0.21693805,0.3430698
827,586411-57,0.003275934,1.2115618,1.1671046
828,590058-41,0.009969526,1.2346236,0.08075335
829,592935-115,1.056639,0.30561754,0.5753958
830,592935-148,-0.54538333,0.323113,-0.74380636
831,592935-162,-1.3825991,-0.41291213,0.060584337
832,592935-52,-0.0019016278,-0.32899147,1.0417218
833,592935-88,-1.1276865,0.20945933,-1.0721204
834,593650-5,-0.060480382,0.20608656,-0.9897031
835,599142-30,-0.34800544,0.19561838,0.07751604
836,599142-54,-0.1509902,0.24159533,0.042903766
837,599142-64,0.20031272,-0.20190723,-0.09076959
838,599380-7,0.30033478,-0.1368707,-0.004898324
839,604604-4,-0.006705675,-0.69273275,-0.51958895
840,302638-290,1.127457,0.2692453,-0.0033819037
841,302638-314,-0.00089959125,-0.19190164,-0.8425246
842,304008-173,1.3276616,0.30229178,-0.47706056
843,43617-209,0.2643998,-0.6844248,-0.55823976
844,44196-72,0.015034888,-2.5504897,-1.2910143
845,483906-115,0.0039474578,-1.6158553,-0.8313709
846,490116-261,-0.7704383,-0.37652513,-0.18185347
847,525239-39,0.049356736,-1.3496025,-1.1753811
848,527704-79,-4.4258453e-05,-3.4345098,-1.3338306
849,551712-117,0.01531793,-1.3007687,-0.78206044
850,551712-119,0.0043083765,-2.7623854,-1.4031825
851,552295-75,-0.07029594,-0.31678987,-0.6006774
852,559036-102,1.2771996,0.3090087,-0.08545553
853,559036-105,1.262644,0.31444606,-0.06917122
854,559036-112,-0.015141977,-2.6692588,-1.7050289
855,559036-115,1.6619508,0.7709003,-0.06336148
856,559036-118,0.7450454,-0.70142895,-0.7495645
857,559036-128,0.021961996,-3.3138354,-1.6335196
858,559036-131,0.014788968,-1.4128432,-0.6482915
859,559036-134,-1.605367,-0.21413328,-0.39737532
860,564547-55,0.62874275,-0.8330954,-1.133793
861,567197-98,0.00011309288,-3.3953986,-1.3906516
862,586251-72,0.0011176241,-2.00392,-1.1524582
863,586949-8,-0.002673107,-0.8143141,-0.79609513
864,597748-5,-0.008032338,-2.1564665,-1.3394924
865,600255-111,0.7462534,-0.3530399,-0.0020378032
866,600363-100,0.005274727,-0.25396717,-0.7435003
867,600363-125,-1.9377191,-0.34594887,-0.47076058
868,600363-37,0.0042115673,1.1247742,0.07326766
869,600363-56,-0.013329458,-0.8387437,-0.15369542
870,600363-66,0.0204863,-0.22117756,-0.76565707
871,602633-63,0.18649295,-1.2197163,-1.1785948
872,602633-84,-0.011811962,-0.34515372,-0.25380805
873,602633-89,0.020230694,-0.57178664,-0.37216452
874,602714-46,0.0030765252,0.7066427,0.06646159
875,602714-56,-0.0011484537,1.754362,-0.2754869
876,605324-57,2.3179033,0.9127883,-0.25081512
877,605324-63,-2.165321,-0.77624846,0.09123008
878,605327-66,-0.015928054,-0.975281,0.7443417
879,605330-62,-0.0038486402,1.1135354,-0.49987116
880,605330-66,0.004076852,-0.18392074,0.04167295
881,605332-34,-1.6985751,0.21740843,0.052898303
882,605333-45,1.0884051,0.22502372,-0.43576506
883,605986-4,0.32948714,-0.95897937,-0.6981391
884,606381-11,-1.5788614,-0.17972104,0.61834395
885,606381-24,-1.3883222,-0.10398895,0.27659342
886,606381-31,1.0120512,0.07283508,-0.56208545
887,609196-42,0.0074860873,1.4074115,0.78232014
888,609198-45,-1.3286583,-0.991664,0.34251675
889,611593-55,0.007672138,-1.5525551,-1.1941196
890,615815-56,0.0007553758,-0.62794685,-0.38457072
891,615815-58,0.029776279,-0.03319898,-0.29734424
892,617737-73,-0.012869608,0.6108956,1.4864726
893,617737-91,-0.0037807976,0.79838085,1.1319817
894,617857-8,0.006653725,-0.35855356,-1.0987319
895,619236-45,-0.042585045,0.17030926,-0.27036092
896,620901-33,-0.1012083,0.95962197,0.013958788
897,621806-52,0.2252715,-1.2552927,-0.7635791
898,623330-47,-0.017369637,0.04954771,0.67093605
899,1049075-6,-1.3531389,-0.5621001,-0.08891679
900,1049167-8,0.15334836,-1.1835798,-0.6868793
901,1050558-63,0.8550207,-0.5991367,0.034613796
902,1050643-102,-2.1846163,-1.1425712,0.18268156
903,1050643-110,1.5236176,0.9744037,-0.27017325
904,1050643-113,1.6935811,0.44296524,0.006348934
905,1050643-117,1.1111277,1.08112,-0.5801846
906,1050643-121,-1.1260592,-0.42609534,0.33336198
907,1050643-125,1.1935897,-0.21778283,-0.013343548
908,1050643-91,-2.0905423,-1.1274979,0.23491439
909,1050643-96,1.1743296,1.036743,-0.37886357
910,1050643-99,1.3029002,1.1266148,-0.41909066
911,1050795-6,-0.90466934,0.11959181,-0.3965257
912,1050835-5,0.0106579065,-0.9694292,0.09218795
913,1050836-6,-0.30970156,-0.09044216,-0.6207019
914,1050840-6,0.0006367933,-1.0046755,-1.0455564
915,1050845-6,1.4869807,-0.14309977,-0.5243326
916,1050847-25,-0.6182321,0.56790316,0.30401057
917,1050852-8,-0.019696893,0.2830961,-0.5486497
918,1150196-33,0.0006564405,-1.0310061,-0.63065
919,1150196-36,2.9431548,0.8253744,0.00803104
920,1150196-42,0.5516202,1.3002845,-0.593115
921,1150196-47,2.2748926,1.062912,-0.103183396
922,1150196-50,2.5242195,1.1980807,-0.2212067
923,1150196-53,1.4960651,1.1861924,-0.32444817
924,1150196-59,1.0538554,0.86958605,0.20287386
925,1194736-11,0.009429613,1.5944039,-0.8899133
926,1228455-65,0.012918391,-2.0927994,-1.2198596
927,1228940-8,1.3050827,0.44501284,-0.60574675
928,1280621-30,0.010434991,-1.0560461,0.45610744
929,1301437-10,-0.09198653,0.30394912,-0.44075343
930,1306690-9,-0.205217,0.29634172,-0.45815432
931,14493-442,-0.57660675,0.09487125,-0.7224166
932,14493-473,0.035597406,-0.09314602,0.78278375
933,14493-492,-0.45584342,0.013300355,-0.7985439
934,14493-500,0.13008519,-0.07130326,0.78112525
935,14493-503,-0.04106562,0.15118958,-0.7048863
936,14493-535,-0.16135627,0.6171991,0.5140511
937,14493-536,-0.3441655,0.04184133,-0.7248214
938,148200-119,4.98535e-05,-4.0461965,-1.7837249
939,1504953-45,2.2359571,0.7654112,-0.16582774
940,1504953-55,2.0437531,0.69853896,-0.14478251
941,1514014-82,0.010174494,-0.35093716,-0.08488955
942,1514136-40,-0.001405515,-0.483102,0.29228336
943,1515648-51,1.9859916,-0.20463713,-0.07052978
944,1515648-58,0.035174396,0.71861434,-0.25743657
945,1515648-62,2.536252,0.812868,0.04021727
946,1515648-69,-2.6070843,-0.6455935,-0.22043198
947,1515648-96,-2.119254,-0.6227237,-0.17704126
948,1515649-40,-2.6968107,-0.04038258,-0.17568333
949,1526944-106,-6.918759e-05,-3.6980624,-1.6438332
950,1526944-127,0.0055351597,-1.2248453,-0.8581215
951,1526944-129,-1.0622119,0.65855396,0.47131366
952,1554118-8,0.045721076,-0.54978776,-0.53918296
953,1555340-63,0.38942495,-1.2616822,-1.0767673
954,1555340-67,0.061215803,-0.70911384,-0.9368036
955,1570705-17,0.004383031,-0.023926452,-0.56503654
956,1570898-35,-1.9116815,-0.49521056,-0.10465304
957,1570899-40,-2.6531541,-0.86265296,-0.050569132
958,1579302-7,0.074823365,-0.57072145,-0.6860346
959,1594437-112,-0.0012610081,-1.6447845,-1.2765164
960,1594437-36,-0.7905923,-0.75944996,-0.05153227
961,1594437-46,-1.8613516,-0.5583953,0.29197374
962,1594437-53,2.3923202,0.76517665,-0.07039188
963,1594437-66,0.61426324,0.61718553,-0.4601006
964,1671673-41,-0.23106107,-1.0534422,0.7238936
965,1671673-50,-2.1647577,-0.05435355,-0.09124383
966,1671859-8,-0.65620965,-0.7966561,-0.6350784
967,1672013-8,0.0020139716,-2.0205002,-1.096242
968,1672065-33,0.27882057,0.879776,0.043081187
969,1672065-44,-2.2756958,-0.85449564,0.009359998
970,1672065-49,-2.2510746,-0.822982,0.057935655
971,1672065-56,-2.2332838,-0.9133357,0.14326188
972,1672065-70,-2.8239272,-0.8247469,0.05760431
973,1672065-73,2.2831357,0.77312654,0.04409038
974,1673126-82,-3.100031,-1.088343,-0.12719081
975,1700884-110,0.019443534,-1.2538904,0.020587664
976,1700884-45,0.005698573,1.3154027,0.016956568
977,1700884-49,-0.009282044,1.1123149,-0.11042328
978,1700884-63,-0.001217206,1.4715221,-0.095474504
979,1700884-69,0.029603245,1.2440631,-0.3116873
980,1715687-106,-2.9226146,-0.805706,-0.03409812
981,1715687-142,-1.9182183,-0.6722522,0.016613701
982,1715687-149,3.1676543,0.29072675,0.12980862
983,1715687-69,2.0917578,0.52913606,0.19023354
984,1715687-78,2.4641278,0.9791864,-0.026520962
985,1715687-84,-2.7196288,-0.9734884,-0.031860422
986,1715687-98,1.099159,0.76292855,0.0103839105
987,1734344-6,-0.57659817,-0.30979726,0.116437554
988,1744988-6,-0.0020589337,-1.1850941,-1.0744741
989,1786206-8,0.7414773,-0.9315245,-0.6897957
990,18180-101,-0.02084624,0.5544466,-0.6865054
991,18216-226,0.17193638,0.14256102,-0.36199582
992,19319-71,0.0042734053,-1.380374,0.40605617
993,19319-83,0.016830025,0.36707234,-0.43105486
994,19319-87,-0.09660116,-0.5427568,0.3484307
995,2017337-38,-2.167377,-0.5323166,0.1095152
996,267841-168,-0.34345752,-0.3062232,0.8820919
997,267841-185,-0.01654163,0.046636913,-0.64952564
998,267841-205,-2.2812715,0.066502444,-0.17253599
999,267841-230,-1.3197494,0.063750036,-0.7163895
1000,267841-238,0.0071909763,0.02517781,-0.660449
1001,298878-273,0.017082116,0.046038684,-0.7921894
1002,298878-276,-0.7114373,0.16654979,0.6864378
1003,298878-277,0.050147858,0.09764226,-0.6330597
1004,298878-324,-0.0090188,-0.2269497,-0.74065375
1005,298878-340,0.17040637,0.10086706,-0.5323964
1006,298878-343,0.23368926,0.0564934,-0.62316406
1007,304008-194,-1.4757688,-0.50246185,-0.49166015
1008,339287-77,0.12480193,-2.0410123,-1.1015759
1009,339287-98,0.7687437,-0.92365754,-0.48170215
1010,339407-302,0.41845933,0.03255341,0.24236389
1011,344866-173,0.09112241,-1.5154526,-0.9167766
1012,344866-190,-0.61468095,-0.35412422,0.2122733
1013,344866-192,2.2519066,0.24343622,-0.15828906
1014,344866-198,0.080224216,-1.1395293,-0.17744105
1015,348730-77,0.0016447734,-1.8274361,-1.4787861
1016,351362-117,0.2463824,-0.15590544,-0.7641649
1017,372066-92,-1.8841237,0.09011004,0.052436188
1018,373327-129,-0.41104066,0.71557707,0.7321391
1019,373327-136,0.019008223,0.841582,-0.14882438
1020,373327-143,-1.0872531,0.001331693,-0.3022301
1021,373327-157,-0.78387505,0.12796603,-0.6603514
1022,373327-170,1.1231431,0.19040819,0.8181672
1023,373327-174,-0.013885352,0.24014877,0.9215138
1024,373327-179,-0.8527312,-0.11650979,-0.90971035
1025,373327-190,1.0108337,-0.40694323,-0.27514586
1026,373327-203,-0.9439458,0.33398333,0.82586163
1027,373327-211,0.4714213,0.23606822,-0.010199128
1028,373327-219,0.59919125,-0.35386476,-0.074839294
1029,373327-233,-2.1262324,-0.11079622,-0.3519194
1030,373327-237,-0.6261823,0.23952031,-0.20414217
1031,373327-245,-0.05285089,-0.25213414,-0.08426912
1032,373327-253,-1.27642,-0.16612133,-0.31368566
1033,373327-262,1.2982453,-0.5822513,-0.3994211
1034,373327-276,0.9238649,-0.17181708,0.09140192
1035,373327-278,1.0836272,-0.18532988,-0.055509955
1036,373327-281,0.56626207,-0.8262653,-0.47427797
1037,373327-299,1.1161923,-0.055018708,0.19879608
1038,373327-312,1.2667167,-0.5736505,-0.40437475
1039,373327-325,-0.20189314,0.027192838,0.25065958
1040,373327-331,0.0018430976,0.49159288,0.29405597
1041,373327-347,1.0679746,-0.1479295,-0.27787277
1042,373327-357,-0.40328228,-0.20516205,-0.29120785
1043,373327-364,0.30597103,0.40131962,-0.021677509
1044,373327-368,-0.8648586,1.1369553,0.6845339
1045,373327-387,-0.001924082,-0.7303705,-0.8312908
1046,373327-396,0.015624094,0.1421474,0.40981972
1047,373327-398,-0.004412421,-1.5156482,-0.97885644
1048,373327-401,0.4038658,-0.085454404,0.09171023
1049,373327-403,-1.6570457,0.00018575996,0.24218555
1050,373327-414,1.5447301,-0.275088,-0.14493378
1051,373327-425,-0.6883535,-0.055849724,-0.696936
1052,388449-106,-8.5086285e-06,-2.3523982,-1.5457152
1053,388449-116,0.12303575,0.045360338,-0.38736433
1054,412728-125,-0.72041595,-0.19716826,-0.8063492
1055,412728-75,0.3610496,-0.049025122,0.28498378
1056,463155-291,-2.8012547,-0.62246263,0.092657626
1057,463155-332,1.7986679,0.42723337,-0.044603534
1058,463155-334,1.8303198,0.45537117,0.0335676
1059,463155-339,1.830886,-0.20423785,-0.17588252
1060,463155-361,1.5325371,0.44892251,-0.15706682
1061,537900-80,-1.2342778,-0.12456843,0.627079
1062,537900-91,0.42405075,-0.12840824,0.3266415
1063,542838-61,-1.0039558,-0.5004748,0.5674453
1064,544681-102,0.24975772,0.66355413,0.55607706
1065,544681-126,-0.029969685,-0.62536645,-0.71121246
1066,544681-132,-0.7313339,-0.49025807,-0.6023762
1067,544681-92,-0.07708316,-0.48246425,-0.42204493
1068,544681-95,-0.7544204,-0.57531726,-0.5718285
1069,544724-78,0.19461332,-1.1585217,-0.304607
1070,551712-136,0.7559621,-0.19962093,-0.07198969
1071,553947-121,-0.5173742,0.2896331,-0.23866008
1072,571550-7,-0.47080535,-1.2673322,0.4134858
1073,580148-122,-0.15384015,-0.061007205,0.024749303
1074,580148-127,-1.521497,-0.05462752,-0.5736869
1075,580148-137,0.69432485,0.0063448665,0.5679244
1076,580148-154,0.012069781,0.25123215,-0.26224095
1077,580148-161,-0.58476657,0.10796799,-0.5381242
1078,580148-196,0.015774675,0.0044755144,0.57023776
1079,580148-271,-0.012128895,0.10766339,0.23700072
1080,580148-280,0.99595976,0.10647121,0.7260757
1081,580148-288,1.2447686,-0.036377817,0.14006789
1082,580148-296,0.02507762,-0.103408836,-0.53818727
1083,585608-77,0.013932997,-0.47889885,0.6573278
1084,585608-78,1.0604857,-0.8020158,-0.47232202
1085,585608-83,-0.32066604,-0.77422893,0.26466012
1086,585608-84,0.28944993,-1.5063663,-0.8204219
1087,585608-87,-2.3975952,-0.7775753,-0.12415425
1088,585608-88,2.347612,0.7107468,0.03963032
1089,585608-93,1.7923532,0.55595046,-0.08745974
1090,590796-11,0.001937923,0.27038634,-0.76738465
1091,591830-63,-0.47045785,-0.24738243,0.376406
1092,600023-80,-0.92778206,0.07245557,0.5652874
1093,602633-96,1.2332004,-0.43066743,-0.58585525
1094,602633-99,-4.146526e-05,-0.5389429,-0.6602824
1095,603566-123,0.024961317,-0.27165517,-0.20061743
1096,603566-135,1.6804576,0.03577543,0.08408925
1097,603566-143,-0.1902267,-0.1808558,-0.4712646
1098,603566-146,-0.5931207,1.1151257,0.69265693
1099,603566-149,0.05419343,-1.0501134,-0.7924065
1100,611193-15,0.0071265986,-0.5485394,-0.59923726
1101,611966-90,-0.16017792,-0.12334003,-0.45938522
1102,613662-53,-1.0044255,-0.8262354,0.31758437
1103,613662-62,1.6829568,-0.23747554,-0.78392327
1104,613662-65,-2.7101135,-0.9031151,0.201235
1105,619150-144,0.07131052,0.09888876,0.7400629
1106,619150-157,0.6391567,0.11818466,0.51464677
1107,619150-93,-0.37030715,-0.38980877,0.64955753
1108,622072-47,-2.590835,-0.98039657,0.02211111
1109,796341-61,0.35728255,0.28443247,-0.16831894
1110,796341-95,1.0843391,0.056315124,-0.40314364
1111,808898-33,-2.023124,-0.69086343,-0.26793045
1112,808898-52,2.6174998,0.50272757,-0.35406244
1113,808898-59,1.8505236,0.63200545,-0.28866756
1114,818166-6,0.80909705,-0.77972096,0.058546744
1115,860923-38,-1.4872162,-1.4380289,0.55554575
1116,860923-54,2.7301998,1.3704197,-0.1432515
1117,860923-62,1.3281373,0.34674528,-0.028814077
1118,865929-105,-3.1318612,-0.9648461,0.0039034085
1119,865929-45,-3.3196805,-1.0439533,-0.23349464
1120,865929-52,-3.2259653,-0.9885872,-0.19206542
1121,865929-59,2.6552386,0.90148526,0.061991353
1122,865929-62,3.1961837,0.7422952,0.28059208
1123,865929-69,-2.8636625,-1.1580751,0.026988477
1124,865929-73,-2.6366878,-0.66846937,0.054688796
1125,865929-80,1.8145106,1.1322023,-0.09234707
1126,865929-88,-2.53284,-0.87157625,-0.1287036
1127,865929-92,-2.6260538,-0.94209665,-0.16046996
1128,865929-98,-2.9771664,-1.0639082,-0.06334292
1129,865930-103,2.6089857,0.8459604,0.11014126
1130,865930-106,2.5086548,0.98035604,0.035725947
1131,865930-109,2.6469083,0.8848048,0.109243825
1132,865930-111,-2.870845,-0.760091,-0.10506214
1133,865930-117,2.7961779,0.8924522,0.1346569
1134,865930-120,-2.8949366,-0.79890084,-0.13421056
1135,865930-42,1.4839069,0.75992644,-0.20752968
1136,865930-56,1.003773,0.8676379,-0.005958685
1137,865930-67,1.7760445,0.9955482,-0.029790225
1138,865930-80,-3.1489751,-0.79711866,-0.15277468
1139,865930-84,-3.2455413,-0.8323063,-0.14591746
1140,865930-86,-3.3724632,-0.8484938,-0.11713709
1141,865930-92,-3.122869,-0.8796269,-0.17610233
1142,865930-95,2.680864,0.873125,0.13998352
1143,865930-98,-3.159139,-0.89173466,-0.17102736
1144,944251-83,-0.4343652,-0.24208736,0.41029155
1145,944494-100,0.014339585,1.829612,-0.948535
1146,944494-110,-2.744586,-0.6445028,-0.57242477
1147,944494-33,0.42293847,0.7749355,-0.44826266
1148,944494-54,-2.2776134,-1.5658859,0.3343877
1149,944494-58,-1.5491194,-1.5273021,0.5966182
1150,944494-60,-1.8696111,-1.4367684,0.47865787
1151,944494-63,-2.9936397,-0.7895787,0.038621914
1152,944494-66,-1.7028505,-1.6046988,0.6448364
1153,944494-81,-0.0014233359,2.4958746,1.4100264
1154,944494-87,0.47404307,1.7748811,-1.0125793
1155,944494-91,-0.92027205,-0.7854658,0.35687637
1156,944494-92,0.00040986016,1.5182078,-0.31641898
1157,944494-98,0.14370334,1.6626911,-1.0137715
1158,946620-50,0.96062857,-0.6026318,-0.41447592
1159,949149-47,-0.01753166,-0.04025267,-0.5952571
1160,961716-6,0.5656406,0.12522157,-0.6578802
1161,962435-6,7.5279604e-05,-1.9638913,-1.0224832
1162,996537-6,-2.9134655,-0.7854521,-0.22784954
1163,996553-34,2.0551472,0.9306959,-0.061869174
1164,996553-39,1.8664781,0.60171205,-0.089503795
1165,996553-43,1.3163184,0.5482863,-0.5009858
1166,1063052-105,1.6751637,-0.28349707,0.09513711
1167,1063052-76,0.04384532,-1.6609106,-0.8650595
1168,1594910-125,1.4841827,0.0053612017,0.31236655
1169,1712771-52,-2.7742343,-0.7308099,-0.17330259
1170,1712931-27,0.77733153,-0.8458035,-0.58899206
1171,1738686-32,1.2020217,0.7382323,-0.026526062
1172,1738686-57,-2.463313,-0.83522403,0.1993323
1173,1738686-63,-1.8894049,-0.5428884,0.42079714
1174,1806248-46,-1.3855951,-0.051184718,-0.36372274
1175,1806249-55,1.1152387,0.7874781,-0.41814813
1176,1806249-68,-1.739665,-0.947499,0.3817254
1177,1806553-38,0.029618148,1.1111904,-0.43916923
1178,1806553-52,0.29586607,1.1811495,-0.58483964
1179,1806553-70,-1.8210398,-1.3886961,0.6695755
1180,1806553-78,-1.8411777,-1.273454,0.5365137
1181,1806553-81,-1.9853165,-1.1224325,0.37019673
1182,1806554-39,0.0018775695,1.26168,-0.48038903
1183,1806554-87,-0.0119926175,-0.09573947,0.38788554
1184,2018368-36,-1.0313296,-0.17148462,-0.33107916
1185,2024766-31,0.0076117823,0.92130387,-0.40966263
1186,2024766-53,0.011605678,1.2734572,-0.53450596
1187,2024766-72,1.3639199,0.71050906,-0.31864455
1188,2025146-115,2.1000237,-0.28752106,-0.10524221
1189,2058404-34,0.0015550937,-0.6360293,-0.24791776
1190,2058404-42,0.00019532027,1.3391626,2.439849
1191,2075925-53,0.47168785,-0.6973215,-0.1216912
1192,2076237-48,-0.02183626,-0.01797407,1.0206277
1193,2076245-42,0.00023649416,1.5665067,2.1068816
1194,2076245-54,-0.0048720683,1.3401814,1.4257138
1195,2076245-63,0.004561318,-1.3175303,-1.8850782
1196,2076245-83,-0.1561419,1.1294738,1.5075465
1197,2076264-43,-2.750631,-0.98468065,0.11086159
1198,2076811-15,-1.3767983,-0.6717155,-0.3942651
1199,2077084-30,-2.0455327,0.22695713,0.40165436
1200,2077084-47,-2.467264,-0.14221789,0.19617495
1201,2077084-59,-0.68874955,0.17836604,0.4855742
1202,2078295-167,-0.007394838,0.9579454,1.6011385
1203,2078295-173,0.01249859,0.43709424,1.1618656
1204,2078295-180,-0.0034485725,0.7819976,1.7479453
1205,2078295-211,-0.010445587,0.46907485,1.4684737
1206,2078295-221,-0.0036669334,0.17913005,1.456369
1207,2078295-224,-0.009814355,0.23620142,1.3271285
1208,2078295-253,0.18130909,0.061124194,0.99291235
1209,2078488-8,0.58923376,-0.93262804,-0.39544317
1210,2078502-37,-0.29243505,0.39335266,1.0021051
1211,2078502-43,-0.13188018,0.92651546,1.1488522
1212,2078502-56,0.003147038,-0.5858747,-0.97804743
1213,2078502-67,-0.57502896,0.79005027,0.9049302
1214,2078503-38,0.00074521767,1.0690345,1.9448975
1215,2078503-90,-0.008406302,0.11314297,-1.1775384
1216,2079730-5,0.9923733,-1.2688961,-0.9280265
1217,2079961-38,-0.026779305,1.506087,1.5013065
1218,2080237-101,0.023455521,0.065917306,0.8030853
1219,2080237-111,0.012094217,0.15056092,0.8301696
1220,2080237-117,-0.0031100186,0.256074,1.1028987
1221,2080237-124,-0.013669025,0.4265599,0.8238543
1222,2080237-129,0.0014996848,0.0854345,-0.60092366
1223,2080237-142,-0.004925681,0.31227443,0.84616923
1224,2080237-144,0.009319268,0.016551103,0.78216594
1225,2080237-177,0.002259412,0.26372942,1.0274408
1226,2080237-180,-0.013642225,-0.15534164,-0.8841257
1227,2080237-186,-0.0026956392,0.513111,1.1879553
1228,2080237-189,-0.0040059234,-0.12810917,-1.0950822
1229,2080237-192,-0.0068073054,0.09132819,0.88353294
1230,2080237-226,0.009351546,0.052949738,0.47157493
1231,2080237-233,-0.0017541153,0.7486113,0.72744644
1232,2080237-260,0.009974315,-0.9416584,-0.7654884
1233,2080237-266,-0.2561965,1.6932362,0.7780168
1234,2080604-354,0.8629399,-1.241509,-0.9136402
1235,2080604-358,-0.01247215,-0.5716713,-0.10282732
1236,2080604-364,-1.2470567,-0.53453,-0.108609036
1237,2080604-367,-1.0577779,0.5864285,0.22238252
1238,2080604-371,-0.22560143,0.7366517,0.2823339
1239,2080604-374,0.0010308727,0.4200677,-0.015613263
1240,2080604-377,0.87583524,0.47285512,-0.11155448
1241,2080604-380,-0.41247675,-0.44080538,0.03239387
1242,2080604-384,0.914808,0.51272166,-0.08143603
1243,2080604-387,0.4118232,0.48773938,-0.20924489
1244,2080604-390,0.010580992,0.41501132,0.13546938
1245,2080604-393,1.2966952,0.598652,-0.019873064
1246,2080604-396,-0.5356206,-0.68742305,-0.061348043
1247,2080604-399,-0.03310786,0.72105825,0.28034016
1248,2080604-402,-0.08086268,0.6770229,0.31019074
1249,2080919-76,2.0333512,0.28785202,0.4368749
1250,2080919-87,2.2559595,0.31444314,0.43535823
1251,2080937-6,-0.21720666,-0.38648477,-0.29229084
1252,2080942-8,0.015047922,-0.87160003,-0.659229
1253,2081484-6,0.40958625,-0.651998,-0.3570966
1254,2081629-27,0.1321786,-2.1048794,-0.9272592
1255,2081630-28,0.4009784,-1.2192285,-0.6788063
1256,2081631-28,0.5999742,-0.79611725,-0.47791213
1257,2081729-12,0.5719475,-0.6973629,-0.37606013
1258,2081730-12,0.63956106,-0.59765226,-0.37953854
1259,2081879-12,0.6944725,-0.64505446,-0.33655408
1260,2082670-7,0.7343778,-0.5603942,-0.30352286
1261,2083149-6,0.000739283,-1.2858287,-1.1765928
1262,2083179-12,0.8725292,-0.45979923,-0.25452808
1263,2083180-12,1.0083209,-0.4884187,-0.30458492
1264,2083181-12,0.7930106,-0.6830768,-0.35283437
1265,2083183-7,0.011486981,-0.21952116,-0.56413096
1266,2084297-38,-2.8412764e-05,1.6927159,2.3420854
1267,2084401-46,-0.0010231541,0.9324488,1.6753291
1268,2084401-59,0.00126256,-0.47863483,-1.0905942
1269,2084402-37,-0.002717986,0.97018576,1.5224261
1270,2084402-66,-0.007438748,0.30765167,1.1978332
1271,2086380-8,0.03247234,-0.25037673,-0.5604102
1272,2087004-6,0.014701856,-0.90983564,-1.0300394
1273,2087005-10,-0.02096848,-0.029597895,-1.1555865
1274,2088351-200,-0.00070693396,-0.6052677,-1.0923327
1275,2088351-203,-0.0077313073,0.47982895,1.333403
1276,2088351-215,0.0014236897,0.4269887,1.1743871
1277,2088351-220,2.332644e-05,0.5238203,1.6072011
1278,2088351-224,0.0017767581,-0.52440745,-1.2826945
1279,2088351-226,-0.00069928094,0.64367294,1.4249461
1280,2088351-235,-0.24012738,-0.112975664,-1.3379878
1281,2088351-253,0.0067282417,0.423616,1.1809487
1282,2088351-256,-0.0056447014,0.2404439,1.5353044
1283,2088351-260,-0.0039339336,-0.08540183,-1.6216955
1284,2088351-265,-0.0017337308,0.32624242,1.5573506
1285,2088351-268,-0.011160551,0.14138368,1.5158203
1286,2088351-271,-5.8158766e-06,0.15543745,1.1123071
1287,2088351-274,-0.00949778,-0.20324875,-1.4097939
1288,2088351-278,0.004051498,0.2147672,1.3586643
1289,2088351-298,-0.0022711148,0.59969383,1.2514817
1290,2088351-303,-0.0040009017,-0.2549663,-1.316342
1291,2088351-310,0.0025728347,0.41783008,1.5339869
1292,2088351-313,-0.00398421,0.6121124,1.3767267
1293,2088351-316,-0.0064127105,0.48123696,1.4055269
1294,2088351-320,0.007922208,-0.16985017,-1.3952589
1295,2088351-324,-0.32357344,-0.07756956,-1.410714
1296,2088351-329,0.0020112474,0.3177954,1.4688643
1297,2088351-330,0.00952178,0.66271424,1.7300522
1298,2088351-333,-0.0023491264,-0.18269533,-1.8017052
1299,2088351-336,0.016603716,-0.2709967,-1.4902682
1300,2088351-339,0.009076798,-0.20269363,-1.6339463
1301,2088351-342,-0.00018577804,-0.17259988,-1.842479
1302,2088351-345,-0.0045717913,-0.10802978,-1.7492458
1303,2088351-348,-0.18087292,-0.03436889,-1.1579003
1304,2090241-6,-0.4289299,0.003166182,-0.66042036
1305,2090722-6,-0.014249294,-1.1058216,-1.4516219
1306,2091283-8,-0.012387827,-0.07842493,-0.6547772
1307,2091284-8,-0.0086008385,0.087155566,-1.4001439
1308,2092382-35,0.000647555,0.5936081,1.0192957
1309,2092382-40,0.06329959,-0.1967001,-0.56680006
1310,2092382-69,-0.0007625567,-0.020524496,-0.52987814
1311,2092382-78,-0.085735716,0.5015806,1.187648
1312,2092382-82,0.0057114987,-0.17316885,-0.8246223
1313,2092382-87,-0.010967481,-0.26549345,-0.80325675
1314,2110829-59,0.004015607,0.2748341,1.5741886
1315,2110829-65,0.0006941111,-0.050682012,-1.4786379
1316,2110829-68,-0.005972551,0.2713988,1.6141797
1317,2112064-56,0.0002448454,0.731166,0.9993771
1318,2112064-71,0.033431917,-0.18282874,0.79573673
1319,2112490-105,-0.016674662,0.22820616,-0.8415135
1320,2112490-107,0.23441146,-0.094655834,0.66472435
1321,2112490-110,0.76368535,-0.89509505,-0.48241282
1322,2112490-118,-0.0074872333,0.18287852,-0.90178555
1323,2112490-124,0.023651406,-0.14230327,1.190693
1324,2112490-44,-0.00028435444,-0.05058075,0.97184217
1325,2112490-59,-0.00028824998,0.08638184,1.0561146
1326,2112490-66,0.0034918701,0.20589373,-1.2635921
1327,2112490-92,0.03396444,-0.22167341,0.9317755
1328,2112490-95,8.123601e-05,-0.11341053,0.62754786
1329,2113486-8,-0.014292693,-0.7187131,-1.3112779
1330,2116257-9,-0.0057245996,-0.36138403,-1.2048907
1331,340812-129,0.0051191766,-2.5802007,-1.3200668
1332,340812-150,0.39265236,0.67631817,0.5899265
1333,340812-158,0.997243,0.64832467,0.66714495
1334,340812-159,0.5279146,0.55951697,0.5937404
1335,340812-162,0.01919513,0.5377132,1.1889312
1336,340812-166,-0.0010807866,-0.26813552,-0.89635396
1337,340812-174,-0.046661723,0.40313095,0.96622515
1338,340812-177,0.019823447,0.27735892,0.81485724
1339,340812-180,0.009470212,0.5614368,1.3157967
1340,340812-183,0.015251512,0.6205635,1.4217176
1341,340812-186,0.0155789135,0.42396328,0.9826658
1342,340812-195,-1.4211224,-0.24889146,-0.44558272
1343,340812-203,-0.11815059,0.043899737,-0.65244937
1344,340812-205,0.021883484,0.03512748,-0.7539015
1345,340812-208,-0.0010184457,0.09206408,-0.5704208
1346,344866-251,-1.9025655,0.44972974,0.26076448
1347,533082-25,1.1434478,-0.70326704,-0.24044847
1348,552197-208,0.8951366,-0.474203,-1.1371951
1349,611966-124,-1.748802,0.6307756,0.22368808
1350,819408-7,0.0060407934,-3.071935,-1.1596946
1351,945979-103,0.0076470906,-3.4838037,-1.4640287
1352,946734-145,-0.00024590132,0.25735995,1.4662812
1353,946734-147,0.004249203,-0.3046042,-1.1044322
1354,946734-153,-0.0005700965,-0.21642192,-1.5820845
1355,946734-156,-0.0037914165,-0.27960402,-1.4912562
1356,946734-175,0.0029061588,-0.28411022,-1.2133378
1357,946734-182,-0.020927403,-0.24318917,-1.5226666
1358,117975-129,-0.19675535,-0.7374121,-0.48934886
1359,117975-134,-0.7529538,-0.6118841,-0.57127154
1360,117975-155,-0.40941232,0.13032189,-0.44615427
1361,117975-161,0.010294959,0.027047804,-0.60598123
1362,117975-164,-0.00015874517,2.9674957,1.1818484
1363,117975-180,-0.014335787,1.1205031,0.9223825
1364,117975-214,-1.1522704,0.06853222,-0.49410707
1365,1203158-43,-0.0011309698,0.52137476,1.6555542
1366,1203158-81,-0.0072727627,-0.9579866,-1.0099266
1367,150629-195,0.00560643,1.4848351,1.5137132
1368,150629-204,-0.024254177,1.1422397,0.8922139
1369,1805641-58,0.00089766306,-1.8397872,-1.0522041
1370,18467-129,0.024645988,-0.030444894,0.8334807
1371,2024315-53,-0.0007801304,1.316811,0.9161415
1372,2077499-15,-0.0008057167,-1.2726916,-1.372041
1373,2077691-20,0.010173637,-0.8795429,-0.52796096
1374,2077978-49,-0.00055782555,-2.8098357,-2.117231
1375,20794-110,-0.0022394045,-0.0469604,0.9219346
1376,20794-121,0.018347304,0.03209476,1.1039704
1377,20794-132,0.00517893,0.224155,0.8236221
1378,20794-133,-1.6812013,-0.03565636,-0.7919259
1379,20794-92,0.000589969,0.22393352,0.92707366
1380,2080373-109,0.58191586,-0.827108,-0.27660212
1381,2080373-138,-0.3291174,1.6190904,0.8342129
1382,2080373-140,-1.7729297,0.041709676,-0.07282857
1383,2080373-143,0.005166953,-1.4558476,-1.0249879
1384,2080373-153,0.017336521,-1.0121086,-0.4935552
1385,2080373-156,0.0367759,-0.7387753,-0.521004
1386,2082483-103,-7.282982e-05,-1.9477081,-1.230857
1387,2088280-73,0.026916405,-0.23960575,0.35595053
1388,2088280-79,0.31615847,-0.1430256,0.33743134
1389,2091000-106,0.0023371305,0.73785883,1.0794048
1390,2091285-14,-0.016924331,0.60181737,0.1447199
1391,2093451-19,0.0035403161,-0.20198098,-0.13961919
1392,2112586-40,0.6626098,-0.24298385,0.859465
1393,2112586-54,-0.003853482,-0.27508354,-1.1680033
1394,2116221-9,-0.005606289,-0.36752215,-0.3115038
1395,2116870-47,0.798122,-0.1779357,0.5318837
1396,2118401-208,-0.008505527,1.688255,1.2211009
1397,2118401-219,0.00064084615,1.3280251,0.82000047
1398,2118401-221,0.008352135,-0.81829804,-0.61321896
1399,2118401-230,-0.24945007,-0.6388457,-0.25912878
1400,2118401-246,0.005063392,-0.28866443,-0.110725
1401,2118401-251,0.02585734,-0.14489977,-0.5473644
1402,2118401-254,0.3218046,-0.9715017,-0.4398691
1403,2118401-258,0.00904793,-0.9918052,-0.9768164
1404,2118401-274,0.009323829,-0.75882465,-0.528908
1405,2118401-293,-0.020623948,-0.21617709,-0.64459026
1406,2118401-296,-0.17448455,0.99750245,0.63489014
1407,2118401-301,0.12988491,0.124812834,0.5703311
1408,2118402-63,-1.118931,-0.42407468,-0.44869965
1409,2118464-49,-0.0052087195,0.24811472,1.1459397
1410,2118464-64,-0.35561544,0.057237986,-1.185227
1411,2118464-84,0.8079359,0.22617294,0.8131739
1412,2120382-10,-0.00025328784,-1.0368158,-0.9978652
1413,2121837-38,-0.0037789892,1.6452509,1.2848551
1414,2121839-48,-0.00077142834,0.55928904,0.8457602
1415,2121839-63,-0.014385545,-0.30979103,-1.0213931
1416,2121839-78,-0.046635635,-0.35885635,-0.82409376
1417,2121839-84,-0.0028101532,0.49648228,0.8781931
1418,2121839-88,-0.018067498,-0.41600096,-0.88354015
1419,2121839-91,-0.09935878,-0.0384616,-1.1509173
1420,2121843-40,-0.010004404,-0.2794491,-1.0450358
1421,2121849-101,-0.0059468243,-0.29976195,-0.9268349
1422,2121849-41,-0.007034802,0.46330863,0.9209555
1423,2121849-56,0.0018558297,0.6182064,1.507208
1424,2121849-60,0.009593576,-0.26980984,-0.9528479
1425,2121849-63,0.38724846,-0.35989726,-0.38412315
1426,2121849-67,-0.0061529265,0.7793857,1.2462721
1427,2121849-83,-0.003708249,-0.42411277,-0.9002357
1428,2122076-298,0.43452698,0.05942794,0.85146666
1429,2122076-304,0.04389014,-0.15843712,1.0272223
1430,2122076-316,0.004926227,-0.0666526,0.83107096
1431,2122076-324,-0.5369044,0.1467528,-1.0423322
1432,2122076-348,-1.5626394,0.14294225,-1.1992633
1433,2122076-358,-1.7759657,0.07400978,-1.230916
1434,2122076-371,-1.652773,0.068961136,-1.2024406
1435,2122076-387,0.4271126,-0.15268567,1.2346841
1436,2122076-391,0.3318859,-0.08334546,0.72534406
1437,2122078-122,-0.002107319,0.68470216,1.4885014
1438,2122078-128,1.5766946e-05,0.8572394,1.655177
1439,2122078-136,-0.0076038763,-0.8561403,-1.5582298
1440,2122078-139,-0.0061101927,0.67911804,1.6916814
1441,2122078-146,0.0028090144,-0.27108902,-1.2842426
1442,2122082-40,-0.0042174803,0.7049037,2.1381116
1443,2122082-53,0.0067281816,0.75330275,1.8385441
1444,2122082-68,-0.00668954,0.06999805,1.3792883
1445,2122082-76,-0.0010956388,0.4422364,1.6206149
1446,2122129-45,-0.011310343,0.40328777,1.5225456
1447,2123066-5,0.016871883,-0.71042186,-2.1129045
1448,2123843-59,-0.00296567,0.6993952,0.5979274
1449,2123843-66,-0.031054234,-0.41058362,-0.41774458
1450,2123843-93,-0.013587456,-0.41606593,-0.4140111
1451,2124451-104,-0.006371677,-0.08414932,-0.9040682
1452,2124451-108,-0.0025634537,0.033730607,0.8758986
1453,2124451-124,-0.0065616285,0.22325774,1.2606429
1454,2124451-130,-0.7175863,0.031952437,-0.956436
1455,2124451-154,0.0019649726,0.25106004,1.1089061
1456,2124451-156,-0.40295497,0.1156697,-1.0028803
1457,2124451-160,-0.025820596,0.07429445,-0.91123945
1458,2124451-167,-0.0048011993,0.2255785,1.4201093
1459,2124451-170,-0.5491695,0.15765724,-0.91834825
1460,2124451-173,0.23711291,-0.06500716,0.6793912
1461,2124451-176,-1.2902508,0.08920275,-0.7379511
1462,2124451-191,-0.9127661,-0.14953274,-0.668819
1463,2124451-195,-0.75596994,0.12738636,-1.0958042
1464,2124451-201,0.0023471843,0.44344795,1.1773697
1465,2124451-203,-0.008975764,1.5233308,1.109934
1466,2124451-206,0.49232486,-1.0173264,-0.67819494
1467,2124451-33,0.014062207,0.098454356,0.88090146
1468,2124451-41,0.0054234946,0.015201304,0.83402044
1469,2124451-52,-0.005493082,0.05026198,0.93540144
1470,2124451-56,-0.001702137,0.019016735,-0.9054094
1471,2124451-73,-0.0026018405,0.35420856,1.13151
1472,2124451-80,0.009189651,0.35526058,1.0624835
1473,2124451-99,-0.030615723,0.053673152,-1.090605
1474,2124707-9,0.0064392514,-1.5792247,-1.4587578
1475,2124774-6,0.005768316,-0.9239595,-1.1814983
1476,2125012-7,-0.009183084,0.05507348,-0.9752587
1477,2125277-5,-0.08836964,-0.6240784,-0.66132665
1478,2127233-43,8.744912e-05,0.6040615,1.125191
1479,2127233-55,-0.0129382275,1.2034906,1.9554518
1480,2127233-62,-0.0026944005,0.98337245,1.7755684
1481,2127233-65,-0.0033697926,0.9470483,1.6098174
1482,2127235-6,-0.012158361,-0.60820395,-0.29662234
1483,2127797-55,-0.0019453596,0.87002736,2.109369
1484,2127797-64,3.111946e-05,0.72949106,1.9130313
1485,2127797-70,0.0004553324,0.76478475,1.5477949
1486,2127797-84,-0.97567886,-0.36602178,-0.42276493
1487,2127803-41,-1.543944e-05,1.2237093,2.4390943
1488,2127803-52,-0.00019962197,0.93766534,1.6431735
1489,2127803-59,0.009442054,0.9773135,2.6283252
1490,2127803-75,0.00855968,-0.48981163,-0.9872798
1491,2127803-86,0.0016609029,1.1302088,3.586379
1492,2128869-89,-0.20233501,0.11530877,-0.82010347
1493,2129185-69,-7.960818e-05,1.1173956,1.2705283
1494,2129185-75,-3.866257e-05,1.9302429,1.3035743
1495,2129185-86,-1.1476773,-0.08839749,-0.91933995
1496,2129647-5,-1.3362422,0.1321575,-1.0220282
1497,2129925-6,-1.0680374,0.024679681,-0.93242276
1498,2132523-80,-0.005930944,0.30250582,-0.7991502
1499,2132524-104,-4.849295e-05,0.2609315,1.3536296
1500,2132524-113,-0.003217061,0.10704814,-1.3462137
1501,2132524-36,-0.009638314,0.12914525,0.72077376
1502,2132524-40,-0.00041160695,-0.12761241,-0.9078149
1503,2132524-45,-0.056212064,0.28818554,0.8419335
1504,2132524-64,-0.00081680034,-0.03671892,-0.80178016
1505,2132524-69,-0.021548351,0.0060509597,-1.0580012
1506,2132524-73,-0.008037639,0.15511192,0.928319
1507,2132524-78,0.010818424,0.06470748,1.0742028
1508,2132902-18,0.38008407,-0.67599887,-0.64182323
1509,2137715-10,-0.009764552,-1.2291883,-0.737074
1510,2137734-51,1.8516543,0.023986291,0.3708675
1511,2138678-44,-0.012460003,0.0259247,-1.4696995
1512,2138679-44,0.001195577,0.30852225,1.4589981
1513,2138679-55,-0.0028517516,-0.084294856,-1.321318
1514,2138679-65,-0.9406075,-0.16206194,-1.0561314
1515,2138918-54,-0.50839716,0.2062477,-0.70522994
1516,2139214-8,0.72275543,-0.7363654,-0.22714625
1517,2139967-38,0.008436605,0.06475325,1.1397632
1518,2139967-42,-0.7323405,-0.105333574,-1.0718082
1519,2139967-68,-2.4967089,-0.27491412,-0.7921631
1520,2139981-110,-0.73062646,0.08082175,0.30459765
1521,2139981-124,-1.7712194,-0.017325597,-0.6282065
1522,2139981-128,-0.0036810162,-0.11345992,-0.15283622
1523,2139981-131,0.06639542,-0.029573435,-0.3876515
1524,2139981-44,0.024250451,0.3909979,0.8985438
1525,2139981-58,-0.004683515,0.963472,0.9972155
1526,2139981-70,0.36187726,0.015880791,-0.41467673
1527,2139981-96,1.0557837,0.10995482,0.6840104
1528,2141401-6,0.0150518175,-0.41414452,-1.0501224
1529,2143164-126,-0.015050159,-0.34286463,-0.69755065
1530,2143164-135,0.0008108783,0.33590814,1.1265187
1531,2144465-45,-0.00023561843,0.21630688,1.9421473
1532,2144465-55,-0.0054600257,0.26279822,1.0548706
1533,2144465-61,0.00581705,0.042882286,1.052206
1534,2144465-77,-0.0022682992,0.11563909,-1.0185977
1535,2145275-48,0.57792234,-0.20997307,0.8142584
1536,2145819-51,-1.915933,-0.12387125,-0.68903893
1537,2145822-60,1.6545595,0.10742908,0.6982412
1538,2148437-104,-2.30593,0.031629957,-1.1957674
1539,2148437-123,1.7880565,0.117251195,0.97285587
1540,2148437-158,0.003082077,0.007865498,1.0069007
1541,2148437-171,2.1181507,0.08010862,0.90535605
1542,2148437-44,1.8804511,0.5138672,0.54802656
1543,2148437-58,0.4377895,0.2082796,0.75215787
1544,2148437-84,-2.677081,-0.09819498,-1.1440511
1545,2151995-58,-1.0503572,-0.3026317,0.001836297
1546,2151995-82,-0.4562078,0.1163832,-0.24262334
1547,2153100-53,1.0878457,0.3685301,0.041186664
1548,2153100-59,-1.2558178,-0.3236929,0.003363846
1549,2153290-6,-1.0001944,-0.24194138,0.027350409
1550,2153714-7,-0.94976544,-0.2996847,-0.019991502
1551,2156331-35,0.8194292,0.20001657,1.0838461
1552,2156331-50,0.6848942,0.37437725,0.7613903
1553,2156497-8,-1.3512242,-0.171002,-1.0841625
1554,2162566-7,0.00057331746,-1.8605194,-1.6369019
1555,2163629-6,-0.010843716,-0.65268135,-0.79438204
1556,2164134-31,-0.013842703,-0.88464206,-0.7647891
1557,2164332-6,0.012542097,-1.2390469,-0.93033177
1558,356194-157,-0.0025718687,1.239767,0.7952772
1559,356194-158,0.6823411,-0.26060185,-0.0871642
1560,537672-97,-0.42538273,0.5531881,1.1415011
1561,583317-15,0.37574723,-0.2776805,-0.07521417
1562,611966-202,0.006240993,-0.0021869147,-0.52555966
1563,109150-238,0.002995493,0.33218655,0.5753084
1564,1214970-100,0.60850126,-0.031148318,0.6337674
1565,1214970-60,0.013359258,1.2198551,1.2632664
1566,15318-140,0.008719031,0.8620196,0.96248674
1567,1594899-75,0.0016886854,-0.43011048,-0.2669379
1568,16713-178,-0.76848465,-0.04059998,-0.9679113
1569,2082293-61,0.29396945,-0.4264298,-0.0020766514
1570,2088280-111,-1.5199686,0.23596933,0.016530352
1571,2088280-114,-0.0033277504,0.039573018,-0.18868323
1572,2142691-14,0.037217014,-0.8100283,-0.29256365
1573,2149372-22,-0.17089523,-0.2551195,-0.62042916
1574,2151922-57,-0.0038187534,0.39251408,0.9375715
1575,2151922-66,-0.0029262821,0.29038316,0.63775283
1576,2152544-73,0.6302047,-0.12258881,1.2547578
1577,2158425-105,0.24781896,0.016911937,0.8161816
1578,2158425-108,0.006491321,0.12161169,0.8761173
1579,2158425-111,0.018586453,0.1158334,1.0342383
1580,2158425-120,0.021339172,0.12900698,1.1702167
1581,2158425-147,0.01787502,0.06294331,1.1017752
1582,2158425-154,0.11554419,0.100151695,0.8903507
1583,2158425-38,0.0051229442,-0.05742331,1.1390789
1584,2158425-41,0.0056169955,-0.0062478846,1.0465592
1585,2158425-52,0.01628661,0.046617556,0.8216088
1586,2158425-62,0.00029392503,0.016471498,-0.86208355
1587,2158425-87,0.01616944,0.24649312,0.89929116
1588,2160639-11,0.0077567874,-0.84271145,-0.83299726
1589,2160860-118,-0.43570676,0.15169096,0.6687546
1590,2160860-131,-0.0051769675,0.06941363,1.1693825
1591,2160860-52,-0.0037385924,0.35513943,0.9134447
1592,2160860-55,-0.0049644876,-0.088319756,0.68465805
1593,2160860-58,-0.0018078097,0.40559503,0.7425919
1594,2160860-65,0.0062879347,-0.07236477,-0.80242956
1595,2160860-84,-0.0048644813,0.47797978,0.97629863
1596,2160860-93,-0.5726654,0.16599888,-0.6971414
1597,2164234-101,-0.0069096196,0.84582007,1.1141022
1598,2164234-103,-0.14456487,0.034536526,-1.2952137
1599,2164234-106,-0.018230747,0.10752831,-1.2092749
1600,2164234-109,-0.00019515565,0.11969797,-1.680868
1601,2164234-113,-0.0072591854,0.17195535,-1.6149704
1602,2164234-38,-0.0077660824,1.5046289,1.7548678
1603,2164234-47,-0.022361035,1.1167848,1.0207396
1604,2164234-52,0.001820871,1.6101475,1.7703575
1605,2164234-57,-7.669679e-06,2.041113,2.4705062
1606,2164234-63,-0.0027249292,0.9671606,1.3955659
1607,2164234-70,-5.1028464e-06,1.1375966,1.347679
1608,2164234-73,0.0128767,-0.91429996,-0.73053163
1609,2164234-77,0.004504606,-0.5650934,-1.1698049
1610,2164234-79,-0.0036944752,0.86742777,1.335325
1611,2164234-81,0.010425308,-0.6797752,-0.6448193
1612,2164234-87,-0.00011307479,1.0252261,1.6473
1613,2164596-9,-0.02533659,-0.048533842,-0.84255636
1614,2165578-43,0.00062564376,0.5522826,1.4374639
1615,2165578-55,0.02649229,0.63678116,1.3499036
1616,2165578-61,-0.004139325,0.31619635,1.6577822
1617,2165578-69,-0.0036558392,0.7372407,1.7581547
1618,2166092-33,-0.0022520702,1.0540149,0.90238494
1619,2166260-19,0.014295663,-0.59643936,-0.091025665
1620,2166464-52,-0.0061921454,0.16010296,0.24899161
1621,2167507-100,-0.002013693,-0.07783088,1.4887925
1622,2167507-112,-0.0030804514,-0.0449093,1.0058717
1623,2167507-125,-0.0006873668,-0.040663563,1.286737
1624,2167507-49,0.0027724805,-0.12395629,-0.92008114
1625,2167507-52,-0.002048542,0.2817586,0.8662748
1626,2167507-55,-0.008021856,0.19618295,1.0787419
1627,2167507-59,-0.0018089727,0.5961526,1.4168459
1628,2167507-65,-0.0017675638,-0.09861244,-1.3018577
1629,2167507-76,-0.005397665,0.43883651,1.1815013
1630,2167507-81,0.001982377,0.33939242,1.5843472
1631,2167507-87,-0.6481784,0.14412287,-1.3761894
1632,2167543-40,-0.008576981,1.0942293,1.5405354
1633,2167938-18,-0.13530624,0.73647755,1.1860355
1634,2167938-21,-0.001424245,0.75200623,1.4711329
1635,2168064-12,-0.018302288,0.77644783,1.0316021
1636,2168064-15,-0.009264918,1.0009989,1.8466238
1637,2168064-19,0.0004912341,-0.77890843,-1.7842641
1638,2168064-9,-0.00061526836,-0.85011095,-0.97121495
1639,2169217-6,-0.007902652,-1.2978821,-1.2629614
1640,2169397-9,-0.00068778254,-1.4404368,-1.2464288
1641,2170483-6,3.2274875e-05,-0.8613203,-1.375073
1642,2173096-10,-0.061709337,-0.16912447,-0.11830562
1643,2173291-6,0.0033802113,-0.7877311,-1.119106
1644,2173680-62,0.17114177,-1.5874915,-0.7409417
1645,2173759-7,-0.0032714724,-1.4583203,-1.2731124
1646,2175597-7,0.032370623,-0.8807698,-0.8755748
1647,2177118-7,0.96605,0.24420373,-0.2500685
1648,2177451-109,0.39833182,-0.26534978,1.0326421
1649,2177451-123,0.95199853,-0.24775605,0.93651867
1650,2177451-126,0.7403206,-0.2861658,1.0021597
1651,2177451-129,0.5565699,-0.2884569,1.0305234
1652,2177451-131,0.91698045,-0.31618136,0.99046105
1653,2177451-57,-0.11525872,0.11197432,-0.932592
1654,2177451-73,0.004405464,-0.094276324,0.98538035
1655,2177451-75,0.004451673,-0.13828716,0.90191877
1656,2177451-78,0.011782963,-0.032746937,0.9888594
1657,2177451-83,0.009261999,-0.20436871,1.1142732
1658,2177451-86,-0.0070211943,-0.0058905208,-0.7627749
1659,2177451-90,-1.23863,0.06826241,-0.91845244
1660,2180608-7,-0.116305046,-0.021615367,-0.5563767
1661,2180710-5,-0.010856705,0.015480174,-0.9387124
1662,2181260-40,0.0075111026,0.4385158,-0.05092797
1663,2181260-53,0.0054929624,-0.6349313,-0.4936409
1664,2182065-64,-1.3867446,-0.07947426,-0.30375314
1665,2182065-70,-2.356939,0.09621868,-0.10025041
1666,2182535-20,0.3130992,0.34687603,0.5680909
1667,2182535-22,0.59430104,0.19458441,0.6732658
1668,2183306-45,0.01709804,1.4840109,1.3862233
1669,2183306-48,0.0059778118,-1.1853527,-1.1417303
1670,2186530-6,0.0021591217,-0.6825441,-0.81401294
1671,2186777-31,-0.003300857,0.4997139,0.94150275
1672,2186777-35,-0.006886873,-0.59112424,-0.25777128
1673,2186805-6,0.04880741,-0.61277646,-0.9289111
1674,2187020-9,1.0895851,-0.44273096,-0.117867194
1675,2188690-32,0.0014960734,-0.3756004,-1.1746322
1676,542102-101,0.00010035568,0.96934825,1.9078557
1677,542102-108,0.023282375,-0.449519,-0.9242283
1678,542102-128,-0.00797025,1.5406944,1.8117536
1679,542102-144,-0.0021195947,1.3122591,1.4033681
1680,542102-150,-0.020376172,0.74070275,1.5001506
1681,542102-154,6.5675245e-05,2.1085055,2.0315294
1682,542102-156,0.008257013,-2.0474896,-1.8778025
1683,542102-160,0.013174338,0.62552935,1.2202499
1684,542102-163,0.0008716242,0.08520943,0.42204553
1685,542102-169,0.0005041367,-0.57726455,-0.96026593
1686,542102-184,0.0007903799,-1.6112822,-1.247953
1687,16526-506,-0.00076088135,1.6766716,1.9467478
1688,16526-572,1.3436949,0.18030363,0.8056941
1689,16526-580,-2.5220912,-0.23389977,-0.33308965
1690,16526-582,1.6932248,0.20375487,0.26015776
1691,1672576-101,-0.0017556275,0.51602197,0.6959462
1692,1672576-109,0.5172696,0.14778915,-0.6315836
1693,1672576-120,-0.01237885,0.5855952,0.8842059
1694,1672576-124,-0.009118349,0.6557197,1.5302874
1695,1672576-128,-0.0010660489,0.7817265,1.6819274
1696,1672576-133,-0.034952864,0.37524688,1.0411566
1697,1672576-136,0.0037282552,-0.06710718,-1.2917453
1698,1672576-147,-0.0070937215,0.91455185,1.5874922
1699,1672576-150,0.00228242,-0.38346857,0.8718094
1700,1672576-153,0.014153204,-0.18718529,1.0975658
1701,1672576-171,-0.4422338,-0.35058606,0.42216092
1702,1672576-97,0.012618702,0.35750014,0.5276314
1703,2075448-116,-8.8802517e-07,1.981234,1.7476611
1704,2082511-75,-0.00018096033,0.38998723,-0.76904696
1705,2083376-47,-0.5372655,0.7879814,0.7785792
1706,2083376-58,-0.69219226,0.65212035,0.5382045
1707,2147241-38,-0.012531958,0.76885337,0.7006726
1708,2147241-44,-0.0014137183,0.7108052,0.64136785
1709,2147241-47,-0.012685645,0.83967036,0.7619578
1710,2147241-51,0.06507026,-0.49321964,-0.4310452
1711,2147241-54,-0.008687864,0.72985023,0.54187214
1712,2147241-60,0.007377361,-0.5363266,-0.5109568
1713,2147241-69,0.008337469,0.34680516,0.49077976
1714,2158536-10,-0.0065153916,-0.47263026,-0.45548132
1715,2158716-112,0.002717196,-1.2468605,-0.79681045
1716,2158716-139,0.0026851152,-1.1319333,-0.6244182
1717,2160860-165,-0.018440295,-0.1811296,0.61046076
1718,2160860-173,-0.01170543,-0.021078775,0.78681606
1719,2160860-178,-1.2631489,0.69889337,0.50224674
1720,2160860-181,-0.0006164407,-0.087274015,0.70926744
1721,2160860-198,-0.011034916,0.36813983,0.99964154
1722,2160860-202,-0.02042888,-0.23023298,0.88688594
1723,2165194-100,-6.189938e-05,-2.3254356,-0.86678463
1724,2165194-102,-1.7136248,-0.08954446,0.23224509
1725,2165194-103,0.0013892524,-2.2721667,-0.8863282
1726,2165194-96,-0.0034724157,1.8548185,0.7151357
1727,2166600-80,-0.9011297,1.3021718,0.6687149
1728,2166600-81,1.0640577,-1.0913411,-0.7862248
1729,2166600-89,0.004752467,1.1640668,-0.5660448
1730,2178170-53,0.2394786,-1.4132845,-1.4191505
1731,2179189-45,-0.14478815,0.45386344,0.868047
1732,2179189-59,-0.552228,0.06390121,0.6381812
1733,2186621-64,-0.037942678,0.710795,0.6372119
1734,2187087-144,3.0010045,1.2445087,0.20758128
1735,2187087-155,1.4544629,0.85217524,0.2801064
1736,2187087-162,1.6253946,0.9547743,0.18192688
1737,2187087-169,1.7583156,0.8863433,0.26858976
1738,2187087-172,1.0078118,0.98964006,0.117609404
1739,2187087-174,2.8344152,1.1214932,0.20157762
1740,2187087-39,0.55499804,0.7840312,0.1332458
1741,2187087-53,0.4948109,0.7947427,0.21482274
1742,2187087-60,-2.080133,-0.75267,-0.21128641
1743,2187087-67,0.3163152,0.99942917,0.041810352
1744,2188301-38,-0.0019869376,0.7042577,1.2244308
1745,2188301-41,0.014850967,0.45383126,1.7574596
1746,2188301-45,-0.004583274,-0.70913446,-1.2174522
1747,2188301-48,0.007991381,-0.42719415,-1.1246339
1748,2188301-50,-0.4297523,0.36261222,0.794088
1749,2188301-57,-0.03607173,0.5276824,1.1782349
1750,2188301-59,0.06524955,-0.6903553,-0.83860415
1751,2189858-42,-0.0003052296,1.5372852,2.42608
1752,2189858-45,-0.0035905463,1.1045237,1.716081
1753,2189858-49,0.011751776,1.6852516,2.3717792
1754,2189858-53,-0.014272091,0.7441771,1.1251681
1755,2189858-73,-9.588843e-05,-0.044332836,0.97533864
1756,2190237-37,-0.018501144,0.48031077,1.0156254
1757,2190237-40,-0.00082947395,-0.4629199,1.7681671
1758,2190237-47,-0.0088813,0.15058036,1.0005823
1759,2190237-50,0.0016809443,-0.106410556,-0.72810405
1760,2190237-54,-0.0010149331,0.15777585,1.0140483
1761,2190237-57,0.0024868366,0.21312283,0.9975621
1762,2190237-60,0.00054513814,-0.09056178,-0.95161927
1763,2190237-66,-0.010045995,0.4076032,1.0351993
1764,2190237-69,-0.0074187517,-0.12038528,-0.9322897
1765,2190237-72,-4.1934545e-06,-0.16283192,0.9929559
1766,2190237-76,0.00084183074,-0.15480328,-0.94514495
1767,2190237-80,-0.0061068926,-0.008060152,-0.92982477
1768,2190237-82,-0.02272124,0.010834667,-0.85648906
1769,2190237-94,0.0031858033,0.09685077,1.0616705
1770,2190237-99,0.008399971,0.6880024,0.9880125
1771,2190288-81,1.5371497,0.6647796,-0.14133644
1772,2190355-51,-0.0037365102,0.904236,0.8847709
1773,2190355-84,0.0064408486,-0.31815445,0.5764912
1774,2190355-87,0.013182148,-0.6089849,0.9253289
1775,2190355-90,0.28065544,-0.49221623,0.47529837
1776,2190880-37,-1.7435246,0.6583172,-0.39500877
1777,2192300-10,1.6696572,-0.76776415,0.42321414
1778,2192459-588,-0.004391226,-0.08131184,1.4991392
1779,2192459-591,-0.006425233,-0.18979667,1.6366005
1780,2192459-601,1.6626441e-06,0.46575385,-2.746667
1781,2192459-609,0.00079761905,0.17935249,1.5226551
1782,2192459-612,0.0048541855,-0.049710076,1.2748061
1783,2192459-616,0.00016346903,0.17804186,-1.3750854
1784,2192459-619,-0.019129064,0.1402031,1.3742778
1785,2192459-625,-0.0051819202,0.1427978,1.4818274
1786,2192459-636,0.0002840318,0.3455866,-1.4316459
1787,2192459-640,0.0072430987,-0.54059434,0.45208985
1788,2192459-646,-0.012104551,-0.30212834,1.643773
1789,2192459-649,0.0005338561,0.23444654,-0.94920415
1790,2192459-662,-0.011007761,-0.18653756,1.3067151
1791,2192459-668,-0.0011472943,-1.152996,-0.649738
1792,2192459-690,0.00058657763,-0.05115353,2.11101
1793,2192459-692,-0.0018294572,-0.4299763,1.0575367
1794,2192459-705,8.871996e-05,0.24114579,1.9627274
1795,2192459-734,1.0318797,-1.0113789,-0.69833404
1796,2192459-757,0.008780512,0.07204541,2.6052535
1797,2192459-763,-0.016700253,-0.114252,-1.9027251
1798,2192459-772,0.0010410993,0.3501281,1.8314408
1799,2192459-775,-0.0026018864,0.724652,1.3909199
1800,2192459-779,0.006012446,-0.15460868,-1.5313613
1801,2192459-781,-0.005633532,0.65080893,1.2871048
1802,2192459-786,0.0076581878,0.4061807,-1.463492
1803,2192459-794,8.412817e-05,0.3247296,2.3980029
1804,2193540-135,0.3057479,0.5531545,0.2641517
1805,2193540-77,1.077447,0.5191124,0.22946781
1806,2193564-40,-0.019259064,0.8212062,1.0552673
1807,2193564-43,0.00557982,1.2801036,1.441691
1808,2193564-54,-2.4852565e-05,2.2404318,2.8706498
1809,2193564-57,-0.00938249,-1.8504627,-1.3824682
1810,2194357-6,-0.0034327959,-0.64171624,-0.43006095
1811,2194540-7,0.010261059,-0.45746723,-0.50445074
1812,2197160-52,0.67246693,-1.3679818,-0.86870587
1813,2197160-54,0.8258619,-1.1136771,-0.7001594
1814,2197160-67,0.64589304,-1.1002661,-0.75076383
1815,2197504-87,-0.0015527705,-1.0372127,-0.7971795
1816,2199310-35,3.1730116e-05,1.840818,2.2382467
1817,2199310-38,7.9064645e-05,2.6042387,2.7696483
1818,2199310-43,-0.0016934226,2.7470753,2.8941994
1819,2199310-46,-6.0151004e-05,2.0236294,1.9133375
1820,2199310-51,-0.011123154,2.0791929,1.8927555
1821,2199310-55,-0.5750586,1.2301424,0.97581714
1822,2199763-38,-0.008423357,0.05620605,1.7702643
1823,2199763-44,-0.026207807,0.057520747,1.4393919
1824,2199763-49,0.0074981293,0.11817783,-1.8392054
1825,2199763-53,0.0153788235,-0.07211818,-1.5927924
1826,2199763-58,0.02921065,-0.18872319,-1.3990945
1827,2199763-66,0.0008289285,0.53265834,1.2669777
1828,2199763-79,0.008485704,-0.29096782,1.0267627
1829,2199763-91,-1.9045793,0.5723933,0.30430448
1830,2200900-17,0.00042056618,0.36548904,-0.72898257
1831,2201529-33,-0.028739212,1.9904464,-0.15810691
1832,2201532-39,-0.018326042,2.6579592,0.12783875
1833,2203106-13,0.020227,-0.9923768,0.39886943
1834,2204056-138,-0.0021962628,1.0631863,0.9028621
1835,2204056-146,0.008244321,1.4385557,1.8642267
1836,2204056-153,0.00050313293,2.6446111,2.7301476
1837,2204056-190,0.00022805377,0.01446306,-1.2893789
1838,2207613-130,-0.039986633,0.19836709,0.8349523
1839,2207613-135,0.0009849184,-0.19766928,-0.9776164
1840,2207613-144,-0.0044218428,-0.0012061741,1.1151812
1841,2207613-147,-0.0014770855,0.11785742,0.99259293
1842,2207613-150,0.004180103,0.15178588,-0.96424204
1843,2207613-154,0.0011751457,-0.046953548,-0.92849696
1844,2207613-156,-0.060718004,0.16293351,0.9433965
1845,2207613-160,-0.007578259,0.20941184,0.9491685
1846,2207613-166,0.013085744,-0.09581661,-0.9047253
1847,2207613-167,0.0022117784,0.21438788,-0.73405993
1848,2207613-174,0.009506486,-0.40817097,-1.0390896
1849,2207613-192,-0.020115452,0.26006842,0.9700368
1850,2207613-203,-0.0057043256,0.23471165,1.1757181
1851,2207613-209,0.009503538,-0.4305089,1.3291475
1852,2207613-213,-2.33745,-0.02472924,-0.06459923
1853,2208720-41,-0.029908663,-0.11246113,1.6058193
1854,2208720-44,-0.0041942834,0.1376598,1.3485839
1855,2208720-50,0.0038537872,0.19416349,-1.2503195
1856,2208720-53,-0.001007901,-0.549821,-1.5767608
1857,2208720-56,0.02153638,-0.11606167,1.0460861
1858,2208720-68,0.008295888,-0.1164289,1.0968473
1859,2209381-100,-0.009273301,0.2210986,-0.7238585
1860,2209381-70,-0.0947569,-0.060719393,0.63275754
1861,2209381-77,-0.010131282,0.19637938,0.7870841
1862,2209381-85,-0.0034767108,0.05437696,0.8382979
1863,2209381-92,-0.012555081,0.24235056,0.8365035
1864,2209381-95,-0.02916986,0.27300572,0.7994583
1865,2209722-11,1.611044,-0.60848063,0.17036813
1866,2210523-26,0.0064370856,1.4460008,2.113839
1867,2210523-35,0.0040828837,1.0960271,2.2228715
1868,2210523-38,0.004329265,0.5911673,1.4019089
1869,2210523-43,0.0031131953,0.57826763,1.2854642
1870,2210523-47,0.00039664333,-0.82226557,-1.7264575
1871,2210523-59,-0.0016364668,2.0401723,2.9528296
1872,2210523-62,-0.0011453124,1.1694233,1.8322033
1873,2210523-66,-0.01619595,1.2629513,2.5408125
1874,2210523-70,0.0071418965,-0.49775732,-1.6547452
1875,2212362-47,3.156388,0.52723217,0.49479082
1876,2212949-45,1.8800119,0.26729023,0.99239635
1877,2213191-106,-0.00772933,-0.38054416,1.3026026
1878,2213191-40,0.0002251096,1.2801805,1.2396882
1879,2213191-48,-2.4055908,0.030440995,-0.0364778
1880,2213191-53,0.013919946,1.3838055,1.2426745
1881,2213191-60,1.7873317e-05,-0.05083348,1.4137608
1882,2213191-62,0.0034352648,-1.4963411,-1.3135153
1883,2213191-67,-0.002628347,-0.2820913,1.6280872
1884,2213191-68,-0.008805854,-0.48522007,1.2852652
1885,2214151-11,-0.000489698,-1.385407,-1.2794442
1886,2214811-8,-0.0022327858,-1.5750867,0.08595436
1887,2215146-4,0.0045621237,-1.094829,0.24078041
1888,2215293-9,0.015995448,-0.14261518,-1.3284227
1889,2215381-8,0.015547936,-1.7634405,-0.36189353
1890,2216799-23,-0.05263902,0.8018272,0.8450409
1891,2216799-30,-0.012237488,0.28182086,1.18491
1892,2216799-34,-2.6146674e-05,-0.55752903,-0.9918537
1893,2216799-41,0.004547476,1.8782073,2.1089504
1894,2216799-67,0.0049265474,0.1574128,1.0417498
1895,2216799-71,0.0116509395,-0.21185796,-1.1411508
1896,2218250-71,-1.598934,-0.253373,-0.239765
1897,2219406-6,0.010098771,-1.0819311,0.4196716
1898,2219905-7,-1.9315426,-0.43173146,-0.03449884
1899,2222991-6,8.2343875e-05,-1.8281051,-1.850932
1900,2222992-9,0.0043953652,0.22113062,-0.7607464
1901,2224574-5,0.30173755,-2.0653222,-1.2555734
1902,2224760-5,0.00045894642,-1.760772,-1.669488
1903,2226336-8,-0.0034950401,-1.5984101,-1.3572167
1904,2226362-7,0.0008000614,-2.3514528,-2.262185
1905,2227826-24,0.1774771,0.16460207,0.6670169
1906,2227917-37,-0.0041788477,1.9295862,-0.25603086
1907,2227917-42,0.010162269,-1.9428687,0.49972263
1908,2228665-48,0.004834022,-0.7939853,-0.027575022
1909,2229812-6,-0.010972498,-0.930342,-0.89243555
1910,2229813-5,-0.005621507,-0.18534149,-1.4576703
1911,2230573-7,-0.002716965,0.33461156,-0.8056775
1912,2232173-4,-6.0601924e-06,-2.7216055,-2.588188
1913,28692-121,0.0038536512,0.66680366,-0.20289437
1914,358126-146,0.0022999255,0.983012,1.4477282
1915,358126-152,0.012472506,2.5011272,2.388695
1916,946494-64,0.67603093,-1.4991456,-0.75699204
1917,946494-75,0.6738101,-1.9858418,-1.2386729
1918,946494-77,0.447094,-1.6046346,-0.67976314
1919,1198512-250,0.8916292,-1.5073942,-0.44187298
1920,1198512-272,1.0702711,-1.1556504,-0.39310887
1921,2164132-54,0.00063099636,-2.1988494,0.039673813
1922,2164132-60,-0.014059286,-2.8592105,0.09951007
1923,2191205-43,-0.00014011787,2.5043075,0.37577543
1924,2191205-54,0.005027996,1.858572,0.31348786
1925,2191205-76,0.010168904,-0.29986867,0.67292744
1926,2205645-113,-0.00044577653,-0.086657606,0.93681747
1927,2205645-121,-0.0226896,0.4818877,0.30127394
1928,2205645-60,-0.28187647,1.0306351,1.8858916
1929,2205645-74,-0.7126837,1.2917993,2.244953
1930,2205645-77,0.50316805,-0.5548134,-1.252063
1931,2205645-82,-0.53550047,0.15861754,0.9806329
1932,2205645-92,-0.0040600244,-0.047920886,2.3399372
1933,2205645-99,-0.012584204,0.7276411,0.3329534
1934,2206203-119,0.022834728,-0.04546878,1.1906238
1935,2206203-138,-0.0013484142,0.21785623,-1.4501368
1936,2206203-146,-1.5943044,-0.023652941,-0.27549043
1937,2206203-165,-0.86342657,-0.42965168,0.5872358
1938,2206203-171,-0.28163707,-0.020050341,0.4037038
1939,2206203-177,0.030287832,-0.5416957,1.3519956
1940,2206203-197,0.7419094,0.17035498,0.8370457
1941,2206203-220,0.032046907,-0.19145922,0.53209156
1942,2206203-223,0.19857031,0.18406674,0.752934
1943,2206395-51,0.64176595,-0.9331775,0.24495992
1944,2206395-55,-2.5419037,0.10992994,-0.019846693
1945,2206395-58,-3.0093408,-0.34823126,0.12829313
1946,2206395-99,-2.9887474,-0.14902815,-0.17845236
1947,2222884-39,-0.020572724,0.91219425,1.1584934
1948,2222884-43,0.0025118995,1.6983523,1.8629811
1949,2222884-47,-1.2080322e-05,-2.647966,-2.948487
1950,2222884-48,2.0725722e-05,-1.9236646,-2.3826447
1951,2222884-54,-0.0199554,1.2127181,1.2265958
1952,2222884-57,-0.0014460773,1.2775283,2.0324595
1953,2222884-59,-0.011068332,1.3126702,1.2166903
1954,2222884-62,0.013085601,-0.9621926,-1.8914633
1955,2222884-67,0.00023981393,1.4926324,1.6251135
1956,2222884-77,2.9688634e-05,1.2409896,1.7345995
1957,2222884-88,0.010721712,-0.14104399,-1.5200287
1958,2222884-98,-0.00032327673,1.9637537,2.1857553
1959,2224067-44,-0.0024792603,0.1842463,1.373837
1960,2224067-58,-0.0038149524,1.9729294,1.8061116
1961,2224225-63,1.019154,-1.2196865,-0.71239597
1962,2228978-53,-0.0072105946,0.8661004,0.20809993
1963,2229308-40,-0.010213689,-0.5016757,1.53583
1964,2229308-44,-0.0030121035,0.3340149,-1.6371725
1965,2229308-50,-0.0054029617,-0.34492496,1.3148323
1966,2229308-53,0.00398634,0.17640522,0.947059
1967,2229308-55,-0.01432309,0.40555954,-1.4079779
1968,2229308-56,0.22072393,-0.21120231,-0.6658646
1969,2229308-64,-1.0919796,0.09804448,-1.1012429
1970,2229308-65,-0.99601346,0.16628864,-1.1411736
1971,2229308-70,-0.0006513661,0.44182128,-0.5143989
1972,2229308-89,-0.0049656765,0.20542973,-0.80901915
1973,2230248-6,0.02496531,0.41858244,-2.0808237
1974,2230815-65,0.036787234,-0.037462324,0.7329944
1975,2233488-33,0.8495062,-0.07619124,1.074326
1976,2233718-10,1.2181563,0.18392867,-0.24673896
1977,2236213-24,-0.051847823,1.1390413,1.826455
1978,2236213-50,-2.077227,0.30001175,0.16618389
1979,2236261-46,-0.008798699,-0.61019,1.3434639
1980,2236261-56,0.0035412533,-0.62260157,1.7302369
1981,2236326-12,0.0011315072,-1.2921667,-0.7638415
1982,2236326-19,-2.9945064,-0.84450483,-0.24461305
1983,2236858-34,0.022110032,1.3266544,0.85026264
1984,2238112-32,0.16173574,-0.022891527,0.7566148
1985,2238112-46,0.0021822052,0.14301556,0.665739
1986,2238112-59,0.016110485,-0.045536622,0.8187557
1987,2238112-62,0.008824597,-0.13448067,0.9670768
1988,2238112-71,0.11924815,0.03946296,0.759468
1989,2238112-81,1.4095316,0.18112707,0.73550695
1990,2238112-82,1.4464848,0.28668782,0.95678514
1991,2241642-76,-0.11874052,-0.5814366,-0.08889334
1992,2241642-91,0.0004481371,-0.4084713,1.6433597
1993,2241660-35,0.0017180814,1.9054837,1.6592185
1994,2241660-73,-0.015078944,-0.28597784,1.3763616
1995,2241660-77,-0.0048400075,-0.3785263,1.6134167
1996,2241662-109,0.0022600938,-0.4642695,1.4449996
1997,2241662-131,-0.022436574,0.99274904,-2.3180084
1998,2241662-37,0.00038667425,-0.30704528,2.1166153
1999,2241662-46,0.006311256,-0.2972381,2.144304
2000,2241662-66,-0.0008292634,-0.59962016,2.8287177
2001,2241662-72,0.012904646,-0.8330468,2.7048376
2002,2241662-76,0.00324297,0.5268944,-1.706072
2003,2241662-77,0.78903645,-0.77614945,-1.536786
2004,2241662-79,-0.0002528433,0.9160206,-2.2637856
2005,2241662-81,-0.0013763774,-0.79783493,1.9770503
2006,2241662-90,-0.006194394,-0.5302639,2.1059217
2007,2241662-93,0.004386844,-0.6346448,1.2824107
2008,2241662-98,0.022517158,-0.7150063,1.7187238
2009,2242000-151,1.1387519,-0.0057694665,0.8789525
2010,2242000-83,-0.009818916,-0.18327022,0.54483986
2011,2242140-63,0.33607954,-0.32070667,0.7277192
2012,2242140-72,0.018110802,-0.5064039,1.0679915
2013,2242140-81,1.1485565,-0.20947364,0.5952114
2014,2242282-7,0.0008363602,-2.2850418,-0.19359548
2015,2242322-7,-0.0041579497,-2.1092012,-0.6650831
2016,2242344-15,-0.028852668,-0.82022953,-0.884293
2017,2242413-59,0.88809216,0.12073427,0.8359666
2018,2242413-81,0.47817,-0.031589318,0.82940555
2019,2242488-56,0.00025492097,-0.41525856,1.5820161
2020,2242583-25,1.6314253,-0.42659956,0.41327757
2021,2242583-46,-0.005443206,0.8799897,0.62203926
2022,2242583-51,0.18069178,-2.2526367,-1.5182709
2023,2242583-61,0.26325965,-2.2722032,-1.3450778
2024,2242618-52,-0.0007309359,0.6448819,-1.2009397
2025,2242618-79,-2.2253137,0.027834792,-1.230691
2026,2242621-7,0.014286951,-1.1222686,-1.102224
2027,2242821-110,-2.7995746,-0.6577973,-0.16477925
2028,2242821-129,0.7981935,-0.8267753,-1.7398391
2029,2242868-76,0.86882114,-0.103418805,0.8036414
2030,2242887-109,2.6921453,0.4812156,0.98168266
2031,2242887-152,-0.0030783007,-0.2972437,0.8887101
2032,2242887-57,-0.007916922,0.38432994,1.333417
2033,2242887-64,0.006311969,0.17916703,1.0262431
2034,2242887-82,-0.70953584,0.19454397,0.09645965
2035,2242887-95,-0.0063563087,-0.18878517,1.6060574
2036,2242888-105,0.01031986,-0.48164955,1.1427957
2037,2242888-38,-0.86807805,1.0776742,2.0469317
2038,2242888-48,-0.031683974,0.37113398,1.2694391
2039,2242888-56,-0.015879111,0.41859213,1.2750026
2040,2242888-60,-0.3120616,0.28479087,1.1800752
2041,2242888-66,0.6058036,-0.07638475,-0.69373643
2042,2242888-67,0.56433177,-0.13046785,-0.7611532
2043,2242888-71,0.7821618,-0.5210741,-1.1805032
2044,2242888-78,-0.016155796,0.027289,0.46538797
2045,2242888-93,-0.0094521195,1.5406593,1.770038
2046,2242888-95,-0.00064862135,-0.68549067,1.6012052
2047,2243108-76,-0.8589496,-0.35851064,-0.6364505
2048,2244243-105,-1.3495065,-0.12552933,-1.0725253
2049,2244243-71,-0.0010652255,0.115076214,0.39916387
2050,2244773-6,-0.004644804,-0.13655415,-0.8490768
2051,2246357-57,0.018424787,-0.6000967,1.2728015
2052,2246359-31,-1.891312,0.20670752,-0.80803406
2053,2247459-6,0.07043766,-0.05619877,0.24646921
2054,2247980-114,1.7802272,-0.20812795,0.7212456
2055,2249891-32,-0.4306047,0.58852917,1.1638129
2056,2249891-47,-0.6426121,0.64470357,0.88050336
2057,2249891-52,0.022752719,-0.89884615,-1.3884044
2058,2249891-58,-0.009056813,0.9716936,0.062040593
2059,2249891-60,-0.010139384,0.42385647,1.2981285
2060,2249891-64,-0.011733396,0.2599298,1.0328178
2061,2249891-73,-0.015574331,1.7100866,1.7259074
2062,2249891-78,0.0059761805,-0.12614514,-0.98583496
2063,2249946-31,0.00019514878,0.06582765,1.3014038
2064,2249946-35,0.92240775,-1.0521626,-0.66983813
2065,2249946-37,0.20062491,-0.29535905,1.3260465
2066,2249946-43,0.19757955,-0.3593435,1.3048521
2067,2249946-71,0.62357634,-1.5673686,-1.0996493
2068,2249946-85,0.7506615,-2.0649695,-1.3502059
2069,2250300-35,-0.8247846,0.26560098,0.83364767
2070,2250300-52,-1.0935469,0.8408117,1.5331773
2071,2250977-41,0.019979179,0.78344256,2.0999115
2072,2250977-44,0.000578626,0.5762851,1.5541723
2073,2251191-45,-0.0033092329,-0.3896782,1.7413267
2074,2251392-38,0.008107535,0.88028026,0.78657556
2075,2251392-41,-0.0025083234,-0.08747983,1.2389188
2076,2251392-44,0.0031954001,-0.2302213,1.5504136
2077,2251392-46,0.008856818,-0.4324666,1.2970153
2078,2251392-52,-5.18285e-05,-4.502631,-1.3356845
2079,2251392-53,0.011904887,-1.1846942,-1.4982414
2080,2251392-79,-0.00335643,-0.2285832,0.6942393
2081,2251392-82,1.2184066,-0.13626866,0.46913636
2082,2251392-90,0.98726535,-0.007914324,0.56223863
2083,2251392-91,0.0047868327,-1.1237261,-0.42908692
2084,2251493-6,0.0029032873,-1.2985582,-1.364364
2085,2251922-8,1.3272009,-0.1710764,0.41397852
2086,2253356-65,0.00059864717,-0.5642593,2.0025306
2087,2253431-33,0.011543687,2.6469262,0.90219074
2088,2253458-7,0.0026036527,-1.6116858,-1.6470377
2089,2253471-47,-1.6341828,0.2066433,-0.48292795
2090,2253778-117,0.6829129,-0.13662289,0.9884438
2091,2253778-59,0.004702673,-0.96178555,-1.8975036
2092,2253778-63,-0.009130109,0.22460255,0.63076395
2093,2253778-67,-2.1822739,0.016989386,0.009416049
2094,2253778-69,-0.0043650437,-0.071896695,-0.5809015
2095,2253778-79,0.0049036117,0.107022755,0.6611057
2096,2253778-93,-0.017664753,0.67877233,1.0338181
2097,2253827-32,0.009745562,1.1393347,0.46159905
2098,2254253-51,1.1295828,-1.1891657,-0.6907184
2099,2254253-67,-0.0073812865,-0.35697433,1.5593176
2100,2254441-9,0.00891603,-0.6607606,-0.5416504
2101,2255096-29,1.1198759,0.3537779,1.0868602
2102,2255096-53,1.4686455,0.43076622,1.1659243
2103,2255237-7,-1.0705931,-0.07404838,-0.4403028
2104,2255363-43,-0.0092898505,2.1993432,2.1338494
2105,2255363-59,2.4567156,0.32296497,0.80717015
2106,2255363-71,0.7375251,-0.060701948,0.7865315
2107,2255387-65,0.021093382,0.001368854,0.45166886
2108,2255387-98,-0.019398727,-0.36635083,1.3549247
2109,2256130-22,-1.7782775,0.426918,0.15531418
2110,2256130-37,1.7031701,-0.23278822,0.31090412
2111,2256130-50,0.90852696,-1.4399545,-0.8112938
2112,2256130-56,2.0860534,-0.2002532,0.3261179
2113,2256246-12,1.8610395,-0.42099428,-0.196787
2114,2256542-32,0.5435108,1.589883,0.9628415
2115,2258717-9,-0.00029022573,0.53542614,-2.0827353
2116,2258907-9,0.0047531826,-0.35948917,-0.7521496
2117,2258964-34,-2.7537212e-06,0.9127231,3.1341548
2118,2258964-42,-0.010604441,1.4366602,3.3130481
2119,2258964-50,-0.00048300897,1.3450295,3.7554166
2120,2258964-53,0.009854979,0.68790245,1.7219844
2121,2258964-56,5.250891e-05,0.88625056,1.7391547
2122,2258964-60,1.0002472,-0.99106276,-0.53242224
2123,2258964-78,0.00076518493,-0.32619074,1.5959107
2124,2260433-104,-0.0028803863,0.76082593,1.2190319
2125,2260433-108,-0.016848708,-0.17155808,1.4519655
2126,2260433-124,-0.016015003,-0.14376569,1.2406001
2127,2260433-167,-0.72091955,-0.44996062,0.7461284
2128,2260433-176,-0.16217794,-1.0658686,-0.5481764
2129,2260433-194,-0.31658754,-0.059986662,1.2781215
2130,2260433-198,0.013102559,-0.58848935,1.9617811
2131,2260433-53,-0.17871623,0.3500298,1.1427928
2132,2260433-58,-0.0007624825,1.199831,1.551482
2133,2260433-64,-0.46341553,0.32227597,0.86288697
2134,2260433-76,-0.36239734,0.46427473,1.04758
2135,2260433-81,-0.8896977,0.36520568,0.80649483
2136,2260433-83,-0.63086057,0.37266806,0.8898024
2137,2260433-87,0.0047205975,-0.82379335,-1.3545325
2138,2260433-92,-0.85698485,0.15343228,0.52320635
2139,2260433-96,0.0124160135,0.1805246,-1.1254627
2140,2260971-110,-0.015685437,-0.18583384,1.3778979
2141,2260971-117,0.009764495,-0.41915408,1.3119823
2142,2260971-130,0.00077209505,-0.0063130595,1.1320343
2143,2260971-149,-0.0017235454,-0.2518748,1.4058148
2144,2260971-30,0.004063011,0.3883566,1.5655842
2145,2260971-38,5.401016e-07,1.267346,3.4595866
2146,2260971-43,0.0008277183,1.2987336,2.0040998
2147,2260971-60,-0.00032203726,0.8179849,1.4362541
2148,2260971-62,0.0019913213,0.7781311,1.5998195
2149,2260971-64,-0.0014433959,1.3119863,1.4089166
2150,2260971-69,-3.5160938e-06,0.9619827,2.374403
2151,2260971-74,0.024290998,-0.52090806,-1.1491314
2152,2260971-83,0.00010425883,-2.0311766,-2.9511633
2153,2260971-85,-0.021724781,0.21028563,1.1259462
2154,2260971-89,0.5291997,-0.68612164,-0.6437843
2155,2260971-98,-0.011560041,-0.2362832,1.0627558
2156,2261121-104,-1.4743181,0.21275614,-0.7518162
2157,2261121-110,-1.4396492,0.5908478,0.2451895
2158,2261121-114,0.9831597,-0.19662717,0.6784722
2159,2261121-172,0.00010074256,-2.6954043,-0.5858177
2160,2261121-82,9.003004e-06,0.34740764,-0.5549716
2161,2261121-88,0.001623346,0.53909826,-1.4274191
2162,2261121-90,-0.43108,0.33226636,-0.8165621
2163,2261121-99,-0.8959875,0.47755435,-0.62292725
2164,2261939-107,-0.0031151928,0.10765979,1.4533066
2165,2261939-110,0.019186022,-1.3410006,-1.1958898
2166,2261939-113,1.8963066e-05,-0.08429496,1.3804003
2167,2261939-31,1.330998,0.22217855,0.57046705
2168,2261939-42,0.5894867,0.52803165,0.5220586
2169,2261939-48,0.94158643,0.6609834,0.5774082
2170,2261939-52,0.783993,0.6533006,0.6514941
2171,2261939-55,-0.00998418,0.029356804,-1.1382738
2172,2261939-58,-0.35526103,0.114469826,-0.9858025
2173,2261939-62,-1.2614977,-0.16911936,-1.11618
2174,2261939-72,0.5810212,0.23970102,0.763337
2175,2261939-76,0.020930447,-0.21655737,1.3243308
2176,2261939-80,-0.011416363,1.5890964,0.4136214
2177,2261939-85,-0.029100819,-0.49699464,1.3146595
2178,2261939-89,0.4085044,-0.47149125,0.4734213
2179,2261939-94,-0.9827561,0.072625995,-0.88135475
2180,2261939-99,0.8597679,0.6652309,0.6054494
2181,2262099-33,-0.0028986963,-3.6574092,-0.46903196
2182,2263410-69,0.9580914,-0.21497288,0.46217278
2183,2263410-70,0.001436284,-0.19401906,1.2301239
2184,2263410-74,-0.010382475,-0.2044257,1.3894961
2185,2264837-9,0.003586169,-0.814064,-0.86555666
2186,2265295-39,0.007404688,0.701058,0.7577682
2187,2265295-61,-0.008167432,0.73245597,0.7617898
2188,2265295-72,-0.023483424,0.10444176,1.3109859
2189,2265440-8,-0.70214033,-0.87877357,-0.47747678
2190,2265505-38,-0.0053212363,1.3622528,1.1282938
2191,2265505-41,0.0076126,-1.3032967,-1.1154263
2192,2265599-15,0.027757894,-0.323597,0.47508803
2193,2265603-43,-0.00048639686,4.0518174,1.0082121
2194,2266253-8,0.00021446426,-1.6633804,-1.7605528
2195,2266304-9,0.004041419,0.063010305,-1.6475075
2196,2266321-8,-0.0015011436,0.19936281,-2.0999267
2197,2267660-10,0.0029998326,-1.3769628,-0.34238148
2198,593065-141,6.986142e-05,-0.049298197,1.5129393
2199,593065-172,-0.0033695213,0.064802594,1.6269524
2200,593065-178,0.021833874,-0.008519861,-1.708405
2201,593065-189,-0.005277603,0.033107035,1.4255648
2202,618055-78,-0.89615244,1.0799072,0.5616441
2203,618055-89,-1.4420561,0.9323521,0.45910162
2204,946475-111,-1.6561801,0.5166509,0.3513744
2205,946475-131,0.8803344,-1.1676403,-0.6998957
2206,946625-101,0.008988317,-0.11754575,1.0151235
2207,1301128-43,0.0064387536,-2.1328928,-0.42307147
2208,1555470-234,0.0019424995,0.9026892,0.23273255
2209,1594917-39,0.0062379977,-0.81291157,0.3729271
2210,18156-127,-0.018925298,1.4302838,-0.14796126
2211,18156-154,-1.6944711,0.8695894,-0.4440068
2212,18156-156,-1.6750538,0.97471404,-0.42916667
2213,2054465-88,-0.005641607,-1.1576322,-1.0562159
2214,2080470-78,-0.12579581,-0.70397455,-0.6014087
2215,2080470-86,-0.21598767,-0.82929915,-0.6797812
2216,2094936-23,0.00071362936,0.03294471,-1.6358712
2217,2114626-17,0.0042409725,-0.08378339,-0.09450244
2218,2149785-72,0.0068132114,-2.0891967,-0.6937406
2219,2165194-130,0.3211355,-2.4467895,-1.235033
2220,2166595-59,-0.56490237,-1.1424218,-0.79624456
2221,2166595-61,-0.4521988,-1.2103579,-0.8291332
2222,2166595-65,-0.9814426,-1.3887764,-0.8294443
2223,2176886-79,-0.002264376,-1.1260612,-0.06672933
2224,2184326-98,-0.011872423,-3.1551673,-1.0614908
2225,2184458-106,0.12640812,0.8630431,0.3070897
2226,2184458-111,-1.4556253,-0.8728662,-0.5182509
2227,2184458-115,1.3652407,0.73003507,0.5256126
2228,2184458-161,0.79035264,0.8543894,0.45275202
2229,2184458-169,0.35691032,-0.6886933,-0.28954884
2230,2184458-172,1.9803641,0.6930856,0.25526607
2231,2184458-184,-1.1792033,-0.770525,0.10146905
2232,2184458-92,0.93734205,0.9760535,0.5209877
2233,2184973-58,0.26984096,-0.6137064,-1.30894
2234,2184973-65,-0.29399553,0.37616894,0.9987589
2235,2190730-67,-7.11372e-06,-3.6766922,-1.1812271
2236,2194646-123,-0.63703847,-0.23106675,0.67030984
2237,2194646-126,1.0767443,-0.16833696,0.62731385
2238,2194646-130,1.4713055,-0.14691772,0.66204363
2239,2196355-66,-0.009767411,-3.1853073,-0.9119435
2240,2199215-101,1.6993839,0.06900289,1.1558013
2241,2199215-104,1.0993197,0.08919055,0.9088845
2242,2199215-107,0.40120494,-0.3478076,1.4009024
2243,2199215-112,0.33309358,-0.34792262,1.3295465
2244,2199215-162,0.330259,-0.35620025,1.2630687
2245,2199215-59,0.021846287,-0.15471733,1.3103383
2246,2199215-68,0.02026299,-0.1920766,1.2953047
2247,2199215-82,0.025074758,-0.39345676,1.5103271
2248,2199215-85,-0.9962078,0.25486022,-1.3121907
2249,2199215-94,0.012640412,-0.1422388,1.120241
2250,2199215-97,0.7336677,-0.260987,1.3884335
2251,2203957-115,-0.01958835,-2.0953078,-1.9095463
2252,2203957-126,0.012196428,-0.23293723,0.8540543
2253,2203957-157,-0.0052566044,-1.1629896,-1.1583921
2254,2203957-159,-0.87213945,1.666332,0.9396233
2255,2203957-163,0.5833717,-0.20015752,0.68676054
2256,2203957-166,-0.28044102,0.3366765,0.16659488
2257,2203957-170,1.9013246,0.0793204,0.8498673
2258,2203957-177,0.0006744417,-1.0787109,-1.2459563
2259,2205645-174,1.2345778,-1.1642729,-0.6303762
2260,2205645-179,-0.0015088462,-0.24975556,1.8507199
2261,2205645-183,-0.009120699,-1.288222,-0.39429435
2262,2208771-83,0.0019837392,0.39566275,-1.9877284
2263,2210757-104,1.1813563,-0.7823762,-0.44401947
2264,2210757-93,0.7130914,-2.1591637,-1.1941684
2265,2211506-10,-2.5845115,-0.018973757,-0.9298132
2266,2211629-12,-2.1982005,-0.31817853,-1.2613277
2267,2217142-68,-0.6345233,-0.62816983,0.9698664
2268,2217142-73,-0.00954377,-0.11380195,1.4245769
2269,2217142-86,-0.0018375715,-0.103114344,1.1004494
2270,2217142-88,-0.024652816,0.13850503,-0.8165805
2271,2220292-211,0.61089236,-0.7101699,0.15561822
2272,2220292-218,0.9903329,-0.67286587,0.44842365
2273,2220292-229,0.0036155626,0.44158185,-0.45127985
2274,2224067-81,0.005546237,-0.3076693,1.92626
2275,2224067-84,-0.0027594618,0.42857546,2.6736789
2276,2226269-18,-1.615904,0.5158652,-0.36203334
2277,2228151-115,0.841855,-1.2890445,-0.6597831
2278,2228151-134,0.018524505,-0.64928865,1.4572295
2279,2232067-10,0.010907267,-1.1296059,-0.390362
2280,2234001-59,-0.013158443,-1.2810606,-0.8935284
2281,2234001-65,-0.009397695,-0.47544524,1.3366387
2282,2234001-68,0.0046105427,-0.5247438,0.9671047
2283,2234001-69,0.56865025,-0.08073772,0.44959313
2284,2234707-53,0.00021073772,-1.621966,-0.90284765
2285,2236340-105,0.0008286275,-1.1445299,-0.74616146
2286,2236340-109,-0.0033112078,-0.24844806,1.8168517
2287,2236340-116,-0.0068310364,-0.30264258,1.781322
2288,2236340-80,-0.4281894,0.5278218,1.085952
2289,2236340-89,0.0068532913,0.4597462,1.2117115
2290,2236607-77,-0.006091051,-1.9850582,-0.68778473
2291,2237876-103,-0.14560224,-0.2318989,0.7878822
2292,2237876-107,0.004464752,0.014091007,0.9750098
2293,2237876-113,-0.00791135,-0.4744951,1.0674238
2294,2237876-116,-0.019168356,-0.35833487,1.8425434
2295,2237876-119,0.008930631,-0.16086544,1.0257683
2296,2237876-120,-0.006880708,-0.38167733,1.7414899
2297,2237876-99,0.10334821,-0.3260936,-0.20467791
2298,2238652-59,0.73802,-1.7566465,-0.97394305
2299,2241695-100,-0.014625027,0.27591026,-0.99226975
2300,2241695-65,0.009086095,-0.915345,0.7842386
2301,2243079-81,1.229554,-0.20267373,0.9015761
2302,2251961-45,1.372198,-0.10437254,0.49344888
2303,2251961-48,2.1869953,0.30840728,0.9654411
2304,2252589-40,0.021410182,-0.23934416,0.6029105
2305,2252589-46,0.03522089,-0.46784252,1.5979805
2306,2252589-56,0.007532007,-0.40241793,1.3675889
2307,2252589-59,-0.033049215,0.46520558,-1.2024338
2308,2252589-68,-0.46406913,1.4636693,-0.46163702
2309,2252589-70,-0.7367252,0.6425943,-0.36800912
2310,2252589-79,0.06991765,-0.54207265,1.5133786
2311,2252589-90,0.8038775,-0.09397867,1.1044675
2312,2252649-63,7.5211574e-06,-1.3060166,-1.1703312
2313,2252939-100,-0.00012643624,-0.44803995,1.2441502
2314,2252939-107,0.0021466392,-0.26781005,1.0639858
2315,2252939-76,0.35280213,0.42306507,0.3795496
2316,2252939-96,-0.025948178,-0.84992564,-0.31143883
2317,2253137-15,-0.0016013226,-0.03735881,-0.87834835
2318,2253453-10,-0.5229639,-0.86269855,-0.49347425
2319,2254287-56,-0.015275758,-1.1782875,-0.40429977
2320,2254287-63,0.11537347,-0.2197789,0.75479615
2321,2254287-66,0.43094307,-0.30653378,0.83912235
2322,2255149-49,1.762155,0.26909518,0.8050848
2323,2255149-75,1.7254922,0.1803562,0.72518885
2324,2255149-80,1.3023311,-0.008213669,0.7003973
2325,2255149-83,-1.518504,0.02645512,-0.71788484
2326,2255149-89,0.28807783,0.110013865,0.64371175
2327,2255149-92,0.24573345,0.23838668,0.6267242
2328,2255149-94,-2.2025466,-0.14702693,-0.8276286
2329,2255149-97,1.8534174,0.067344815,0.8039031
2330,2255199-44,1.8197502,0.23797923,0.29904103
2331,2255608-58,0.00017485817,-4.35212,-1.635
2332,2259474-8,-0.011233236,-1.2657052,-1.2463827
2333,2260433-305,0.028556999,1.763474,1.7218796
2334,2260433-312,-0.04122543,-1.3640236,-0.9082878
2335,2260433-329,-0.020855475,-0.20628358,1.1017679
2336,2260433-338,-0.002836296,-0.16016272,1.1244469
2337,2260444-10,0.0034246952,-1.0983917,-0.4502619
2338,2260458-52,1.356865,-0.025761867,0.969276
2339,2260781-10,-0.0013005731,-0.048119158,-0.7129646
2340,2263290-48,1.0789013,-2.0414555,-1.178418
2341,2263290-53,-0.008493335,-0.3802769,1.100637
2342,2263719-67,1.2102823,0.16232054,0.8445703
2343,2263719-89,0.0013818877,-0.49787235,1.1596845
2344,2263719-93,-0.00066730106,-0.56698143,1.1545827
2345,2263846-8,-1.7706321,-0.24053292,-0.9302684
2346,2264253-10,-2.5321345,-0.4536038,-1.0699388
2347,2265123-52,-0.010455835,-1.7023531,-1.5934349
2348,2265124-102,-0.012190545,-0.45209315,2.04887
2349,2265124-107,0.033506807,-0.16598307,0.9884774
2350,2265124-34,-0.014696956,-0.06733718,1.7066711
2351,2265124-39,0.0063789664,-0.061402995,1.7699162
2352,2265124-52,0.002819757,-0.11084315,1.5159007
2353,2265124-54,-0.017050091,-0.044294495,1.2984723
2354,2265124-64,-0.011613062,-0.17458373,1.66384
2355,2265124-68,-0.004963316,-0.4664408,1.8550655
2356,2265124-70,0.02027826,0.37263435,-1.389971
2357,2265124-74,-0.0005891933,-0.4089316,1.953824
2358,2265124-85,0.4369524,-0.10788275,0.961376
2359,2265124-91,0.00067888736,0.010820289,1.293771
2360,2265124-96,0.5893192,0.0068600476,0.8888747
2361,2265603-59,-0.0047229505,3.0097766,0.7865362
2362,2266115-55,0.21916747,-0.30502445,0.69610345
2363,2266116-68,0.0068087834,0.2310156,0.7404663
2364,2266116-73,-0.00010424029,0.20625034,0.8678069
2365,2266116-83,0.0062223636,0.21878816,0.87761486
2366,2266116-87,-0.010606093,-0.20487082,-0.80125356
2367,2266146-42,0.0042848396,0.27028763,1.1554656
2368,2266921-7,0.0056401566,-0.78579307,-1.8393874
2369,2267621-36,-0.008113913,1.4380437,0.31701398
2370,2267621-54,-1.4486003,1.2418572,0.9101887
2371,2267621-58,0.078797005,-1.038355,-0.2034137
2372,2267685-143,0.0021668605,0.75951755,0.95837593
2373,2267685-149,-0.0006081415,0.88664323,1.3404368
2374,2267685-154,-0.0041063647,1.1085265,0.9586304
2375,2267685-158,0.0038186254,-0.4925921,2.5122929
2376,2267685-33,0.9777839,0.5984101,1.057811
2377,2267685-38,-0.0032032856,0.7838624,1.1337025
2378,2267685-46,-0.018882558,-0.9524826,-0.89172953
2379,2267685-56,0.008213201,1.0583754,1.1802702
2380,2267685-64,0.014728471,0.6046725,1.0338485
2381,2267686-106,-2.732099e-05,0.6325583,0.9757744
2382,2267686-112,0.011478999,0.78657544,1.0124744
2383,2267686-117,-0.0144318035,0.5181639,1.1778055
2384,2267686-119,-1.20104,-0.49094397,-0.9474373
2385,2267686-123,-1.0244596,-0.39519188,-0.8598264
2386,2267686-126,-0.029575625,-0.28900814,-0.7879633
2387,2267686-129,0.0031119105,-0.35152656,-1.1741035
2388,2267686-131,-0.0004049652,-0.5180522,-1.3314025
2389,2267686-44,0.9474512,0.33872664,1.2247032
2390,2267686-52,0.9147849,0.16927226,1.0557631
2391,2267745-104,-0.010524793,0.5251765,-0.82349116
2392,2267745-52,0.005053898,-0.36415386,1.0662096
2393,2267745-65,-0.0009887646,-0.3532847,1.2472193
2394,2267745-68,0.010582586,-0.26135203,1.2002757
2395,2267745-74,0.0092432415,0.18985742,-1.1359353
2396,2267745-89,0.0030348282,-0.35324728,1.2718753
2397,2267745-94,-0.0020465346,-0.31775242,1.4141796
2398,2267745-99,0.0008798401,-0.4931797,1.2445409
2399,2267811-124,0.7119628,-0.14532553,0.88484603
2400,2267811-28,1.7782968e-06,-0.03266836,4.1691747
2401,2267811-35,0.0031302553,-0.026485223,1.7570884
2402,2267811-46,-0.24009481,-0.61555964,1.2294577
2403,2267811-50,0.011050385,-0.7431392,-0.8894616
2404,2267811-51,0.00089709886,-0.52193123,-0.970609
2405,2267811-54,-0.014857651,-0.14165889,1.0420651
2406,2267811-58,-0.007689058,0.0986843,-1.3054485
2407,2267811-61,0.0026418173,-0.11059572,1.1830877
2408,2267811-64,0.0016803218,-0.5644706,1.7525895
2409,2267811-73,-0.005344106,-0.27681506,1.3728708
2410,2268029-104,0.08144519,-0.24969278,0.62305284
2411,2268069-50,0.26005414,0.8054043,0.47560477
2412,2268069-69,-0.3644251,-0.6660856,-0.42036697
2413,2268069-73,-0.01636659,0.21624352,0.9318743
2414,2268414-39,0.002738841,0.72574824,-2.582356
2415,2268414-55,-0.0031288024,-0.48686796,1.8494402
2416,2268416-39,0.0012065009,-0.36301297,1.1499753
2417,2268417-30,-0.010693309,0.32371458,0.82183427
2418,2268417-35,0.008391177,0.39019895,1.1860244
2419,2268417-49,0.004573683,0.8080122,1.3843629
2420,2268417-52,0.2648164,-1.0993629,-0.67616856
2421,2268417-54,0.43892384,-1.5150087,-1.0005338
2422,2268417-57,0.9832142,0.54368865,0.97934216
2423,2268417-63,-0.002377404,-0.17566542,1.0970349
2424,2268417-71,0.010612372,-0.27262577,1.1357548
2425,2268417-80,-0.015910834,0.5079686,0.33130527
2426,2268619-48,0.21605647,-0.35751155,1.2483865
2427,2268884-83,0.31206453,1.413071,0.75287515
2428,2268884-94,-0.6912835,-1.7054166,-0.8716296
2429,2268936-53,0.6383633,0.7053392,0.4528263
2430,2268936-61,-1.3426975,-0.7981206,-0.19870898
2431,2269049-8,0.11260888,-1.4102007,-1.1840885
2432,2269481-8,0.00012832921,0.2611405,-1.8158935
2433,2269485-45,-0.00048360784,1.4160968,1.2001828
2434,2269485-69,-0.0003160666,-0.010415119,1.6419134
2435,2269710-9,0.0077968333,-1.6454928,-1.7226229
2436,2269911-44,1.5960646,-0.22379449,-0.8318467
2437,2269911-51,-0.00047584917,-0.35190845,1.994628
2438,2269911-54,0.0045518354,-0.33378842,1.5130293
2439,2269911-61,0.0009259815,-0.3169806,1.109456
2440,2269911-64,0.0048985584,-0.38179,2.0533576
2441,2270100-31,-0.003572439,-0.23674187,1.4067665
2442,2270100-37,-0.000388706,-0.013617809,1.2146678
2443,2270100-51,0.0048344387,-0.7965327,-1.7834666
2444,2270100-53,-0.00017209459,-1.3215215,-2.8836892
2445,2270117-9,-1.6990175,-0.419709,-0.62749934
2446,2270163-9,0.010044951,-1.0056422,-0.88934153
2447,2270433-32,-0.0028424752,-0.7094101,0.30575
2448,2270577-9,-0.12833914,-0.098702446,-0.6535051
2449,2270642-30,1.2980667,-0.818175,-0.7222127
2450,2270789-103,-0.009377071,-0.5583294,1.3730282
2451,2270789-106,0.008957123,-0.7361644,1.2400595
2452,2270789-144,0.29629725,-0.64342624,1.2315996
2453,2270789-150,1.0386522,-0.47762802,1.1922877
2454,2270789-157,-2.517704,-0.028718688,-1.0911497
2455,2270789-158,-1.1820034,1.569111,0.8861556
2456,2270789-169,-2.5956967,-0.026884167,-1.1022727
2457,2270789-170,-1.5619156,0.22748531,-1.1900549
2458,2270789-176,-1.2425803,0.50267726,-1.3117725
2459,2270789-179,0.17485596,-0.52906555,0.34824494
2460,2270789-187,-0.010207103,-0.88318956,1.258646
2461,2270789-191,-0.027110603,0.5714583,-1.2008396
2462,2270789-194,-2.4106896,-0.05511599,-1.1486152
2463,2270789-41,0.31150568,-0.14256549,0.83259743
2464,2270789-48,0.055115018,-0.3205901,0.76846695
2465,2270789-61,-0.01957603,0.38410228,-0.85923284
2466,2270789-62,-0.016510434,-0.34312823,0.84986997
2467,2270789-64,-0.0062867487,0.9985551,-1.4131482
2468,2270789-65,0.0011542656,1.1217308,-1.5717142
2469,2270789-68,0.010535943,-0.88314545,1.4039409
2470,2270789-71,0.9175889,-0.29283577,0.9054023
2471,2270789-73,-1.6058676,0.13493046,-1.0924282
2472,2270789-76,-0.63001645,0.34035873,0.10834822
2473,2270789-85,-0.016039232,-0.42496365,1.0523602
2474,2270789-91,-0.016296495,-0.57188857,1.3683739
2475,2270800-21,1.7016684,0.7992687,0.56030685
2476,2270800-26,1.8609353,0.8371528,0.6250235
2477,2270800-34,-1.9337845,-0.42593226,-0.64705443
2478,2270800-40,1.6456851,0.49798465,0.6407307
2479,2270800-53,1.6392673,0.5022493,0.6436152
2480,2270800-61,-2.2296793,-0.5386004,-0.7675793
2481,2270800-62,1.6834018,0.52746844,0.7198093
2482,2270800-68,1.7128536,0.5394307,0.6823323
2483,2270800-71,-2.1401358,-0.5640236,-0.72696894
2484,2270894-103,-0.24477668,0.6020958,-0.9952588
2485,2270894-111,-0.004450031,-0.94948727,1.6754936
2486,2270894-117,0.0064231465,-0.7680526,1.3964685
2487,2270894-120,0.023557357,-0.92705655,1.6311139
2488,2270894-123,0.25511456,-0.5693423,1.2104474
2489,2270894-129,0.14906901,-0.56208843,1.0779347
2490,2270894-139,0.016386658,-0.75832826,1.263578
2491,2270894-143,1.0083967,-0.13940394,0.9100377
2492,2270894-148,0.012459916,-0.59489024,1.1728823
2493,2270894-75,0.03036352,-0.51790816,1.0447129
2494,2270894-81,0.009981476,-0.45018554,1.095708
2495,2270894-93,0.0009088692,-0.46996132,1.0450436
2496,2270894-96,-0.39216664,0.56646955,-1.2836242
2497,2270902-28,0.014003158,0.053616542,0.8517185
2498,2270902-33,0.22473325,0.071578816,1.0072
2499,2270902-44,0.0008489338,-0.06645843,2.0241234
2500,2270902-50,-0.0076107453,0.01955703,1.8051261
2501,2270902-97,-0.0018333414,0.11547619,0.7225941
2502,2271124-108,0.2306567,-0.24172425,0.96406955
2503,2271124-111,0.006733897,-0.32078943,1.0820601
2504,2271124-117,0.9895124,-0.0077768085,0.76485676
2505,2271124-123,1.1625625,0.0018526184,0.83499986
2506,2271124-27,0.57813025,0.4210984,0.79538906
2507,2271124-34,-0.005432551,0.45434752,0.9663726
2508,2271124-43,0.641604,0.57291263,1.03656
2509,2271124-46,-0.20438345,-0.28606996,-0.4789826
2510,2271124-50,-0.47197962,0.07999935,-0.93403685
2511,2271124-59,0.0060759634,-1.6163496,-0.6683613
2512,2271124-76,-1.613453,0.5285076,0.25175455
2513,2272137-108,0.0013709862,0.27549046,-1.23142
2514,2272137-114,0.0028738193,0.17091785,-1.0430801
2515,2272137-123,-0.0065006427,0.5718119,1.080503
2516,2272137-144,-0.011561262,0.02506989,1.468044
2517,2272137-172,0.00873762,-0.048158552,1.2950828
2518,2272137-196,0.0058480576,0.12737544,1.4541457
2519,2272137-215,-0.00694933,0.06592318,1.139166
2520,2272137-218,-0.005780503,0.24482705,-1.3531795
2521,2272137-224,-0.005563538,0.21080202,-0.9869906
2522,2272137-28,-0.16295074,0.09920737,1.0220551
2523,2272137-36,-0.0088189915,0.35230166,1.0818721
2524,2272137-49,-0.012151225,-0.023800986,-1.060569
2525,2272137-60,-0.003610148,0.11273169,-1.3125708
2526,2272137-76,0.0105917435,-0.14057887,1.3263991
2527,2272137-89,0.0022892356,0.26386398,-1.0795234
2528,2272137-99,0.003410283,-0.06600172,1.0689656
2529,2273453-40,0.002666624,0.020633731,1.1449881
2530,2273453-49,-0.0057437713,0.21518546,0.9322562
2531,2273453-62,-0.002867253,0.32563335,1.1616697
2532,2273453-64,-0.0011310714,-0.050257973,-0.7987276
2533,2273453-69,-0.017197633,0.09480116,0.97391826
2534,2273453-79,-0.009192989,-0.40961206,1.8640869
2535,2273453-83,0.010029058,-0.5960164,1.9342767
2536,2273570-9,0.007497981,-1.0493716,-1.8299414
2537,2273736-9,0.00033002344,-3.295342,-0.46134412
2538,2273738-9,0.004515996,-3.0808947,-0.5407579
2539,2273740-9,-0.0033687102,-3.5348547,-0.7127675
2540,2274204-101,0.004277036,-0.10082593,1.1655538
2541,2274204-110,-0.017157635,-0.12581336,1.1920086
2542,2274204-137,3.4875302e-06,-0.34933928,2.416188
2543,2274204-149,1.7425469,0.39596936,1.1296161
2544,2274204-151,0.007006424,-0.39909738,1.3460643
2545,2274204-155,-1.1993903,0.2401741,-0.29766145
2546,2274204-47,-0.00088227406,-0.0071204603,1.2856996
2547,2274204-57,-0.0028418829,-0.107157364,1.6612177
2548,2274204-67,-0.027829397,0.0989848,-1.3004253
2549,2274204-81,-0.0013888427,-0.1038133,1.4985743
2550,2274204-85,0.015697753,0.0063541606,1.2388622
2551,2274204-88,-0.00034785434,0.15525849,-1.0214753
2552,2274204-97,0.0072341543,-0.10221371,1.1370045
2553,2274464-8,-0.023334958,0.26422212,-0.8611827
2554,2274646-8,1.1270549,-0.78182787,-0.6322518
2555,2275192-9,-0.012613525,-0.7117832,-0.14327355
2556,2275255-51,1.11037,-0.96740586,-0.49891698
2557,2275255-63,0.012678048,-0.60846764,2.0541115
2558,2275255-67,-0.000118856544,-0.61323696,2.037006
2559,2275355-10,0.027564116,-0.65579253,-0.09463787
2560,2275537-102,1.6790776,0.62304735,0.30356097
2561,2275537-117,1.5195104,0.6848656,0.37906238
2562,2275537-122,1.5474277,0.73149496,0.37751514
2563,2275537-128,-2.1365712,-0.61821264,-0.2518447
2564,2275537-86,2.3813188,0.69729984,0.15160961
2565,2275537-95,1.5932293,0.54709387,0.24267071
2566,2275723-79,0.013586744,-1.0495007,-0.19425099
2567,2275840-125,-0.0031635063,1.1720482,0.95272416
2568,2275840-89,-1.3943703,0.5810509,0.21442914
2569,2276120-16,-0.0075773383,0.26971835,-1.4071612
2570,2276475-58,2.7993377e-05,-2.4774272,-0.8725327
2571,2276475-67,0.8259469,0.17778417,1.1429383
2572,2276547-54,0.3874338,-1.787177,-0.9551333
2573,2278141-8,-0.0079602385,1.04097,-1.3686075
2574,2278161-34,-0.00014631473,-0.41983822,1.8522753
2575,2278161-51,-0.37005988,0.4548122,-1.6222758
2576,2278161-55,-0.11741281,0.4572265,-1.5622525
2577,2278161-58,-0.44346955,0.407819,-1.5122613
2578,2278599-8,-0.016253425,-0.47415924,-0.9062772
2579,2279258-8,0.021132778,-0.9661122,-1.1152202
2580,2279513-102,0.0011393162,-0.15114675,1.3907276
2581,2279513-118,0.019250572,-0.6199388,1.3049469
2582,2279513-126,-0.00087245624,-0.4546418,1.2159412
2583,2279513-129,-1.7194676,0.22341003,-0.0074828845
2584,2279513-37,-0.002780169,-0.43628654,1.6176401
2585,2279513-42,0.019972816,-0.4273746,1.4736705
2586,2279513-56,-0.00033424568,-0.5752701,1.9087437
2587,2279513-64,-0.015503359,0.63723075,-1.4648472
2588,2279513-75,0.01539757,-0.5773793,1.8549337
2589,2279545-9,0.0077515696,-4.6645575,-0.6247857
2590,2279744-42,1.1338642,0.24098736,0.8475791
2591,2279744-49,1.5178927,0.29623988,1.0673513
2592,2279744-54,1.710239,0.26029944,1.029197
2593,2279744-57,-0.6442737,-0.10730361,-0.7468095
2594,2279750-39,0.9335629,-1.7040485,-0.9307122
2595,2279938-9,-0.7833488,-0.34067643,-0.7648505
2596,2280241-26,-0.018596064,0.9167952,1.0121828
2597,2280241-44,0.00061424135,-1.7306967,-1.5708085
2598,2280241-52,1.146708,-0.16004516,0.96025425
2599,2280241-60,0.0065153223,-0.44548318,1.6538253
2600,2280241-66,1.1807296,0.17379735,0.652134
2601,2280394-9,-1.8108768,-0.31460398,-1.3646108
2602,2280741-9,1.004013,-1.2227587,-0.63163793
2603,2280928-62,-0.0021533624,-2.1140335,-0.56715405
2604,2280928-69,-0.054787118,0.16089565,0.9700961
2605,2282258-7,0.0009370065,-1.5635946,-0.5374163
2606,2282791-60,-0.000923154,-3.0473576,-1.0163016
2607,2282791-68,-1.0385366e-05,-3.3668284,-1.1128998
2608,2283064-28,0.016593946,-0.06397346,1.3426411
2609,2283064-54,-0.011717752,-0.42308056,1.6410959
2610,2283432-38,-0.01652736,-3.3635345,-1.2493263
2611,2283436-57,-0.0137273045,-0.27484602,1.1768544
2612,2283436-67,-0.018135197,-0.3338086,1.3562434
2613,2283678-32,-0.00021817215,-0.24050315,1.4796542
2614,2283678-40,-0.0020839141,-0.43603402,2.2290876
2615,2283678-47,-0.010406082,0.64441967,-2.3556373
2616,2283678-55,-0.023994515,0.53481054,-2.4322865
2617,2283678-56,-0.013778371,0.50507104,-2.2078164
2618,2283678-59,-0.0067988383,0.34492826,-1.67026
2619,2283678-61,-0.016284335,0.21676938,0.9403375
2620,2283740-12,-0.054677002,0.59383446,-1.7870448
2621,2284777-7,0.90460366,-1.1846508,-0.6335312
2622,2284912-20,-0.01637742,0.35348696,-1.1636083
2623,2284931-73,1.0930754,-0.67555803,-0.9092398
2624,2285694-50,-0.007241236,1.1528858,2.140974
2625,2285694-55,-0.017689103,0.6767917,1.1393508
2626,2285694-58,-0.0011902949,-0.5695533,-1.3057814
2627,2285702-7,0.002158597,-2.9843764,-2.7205462
2628,2285889-103,-0.0026335851,-0.22709173,1.2054756
2629,2285889-126,0.0115293525,-0.45283133,1.1902919
2630,2285889-60,0.028723018,-0.030338211,1.4395192
2631,2285889-72,-0.012569216,-0.16292876,1.4644297
2632,2285889-88,-0.0046261083,-0.28067487,1.7864721
2633,2285889-91,0.0052394937,0.3041719,-1.0537465
2634,2286125-7,-0.015561756,-2.0012298,-0.62839484
2635,2286932-7,-0.21421674,-0.95379645,-0.56026864
2636,2286993-44,0.00060460286,-3.025581,-2.862743
2637,2287055-9,0.0030313737,-1.723872,-0.59336627
2638,2287066-9,-0.7779047,-0.7082763,-0.088133894
2639,2287293-9,0.009700957,-1.3675131,-1.3116457
2640,2287390-7,-0.02710422,-0.6191866,-0.72256255
2641,2287777-8,0.00075986463,-0.9577908,-1.941168
2642,2287908-7,0.00857711,-1.9907755,-0.7823958
2643,2288387-63,-0.014153209,1.3188845,1.2182615
2644,2288387-76,0.0060381033,-1.0203986,-1.0581393
2645,2288387-93,-0.0011243933,0.44457462,1.3872632
2646,2288387-95,-1.479098,0.078932926,0.6324658
2647,2288389-103,-0.6922598,0.13907011,-0.07983957
2648,2288389-105,0.1394312,0.29974097,-0.011292962
2649,2288389-107,-0.0075132493,0.5505278,0.08726278
2650,2288389-110,0.008598615,0.456857,0.13481331
2651,2288389-113,-0.002275189,-0.38872948,1.3081404
2652,2288389-115,2.2023203,0.2702687,0.7776316
2653,2288389-122,1.0996048,-0.121338576,0.8204199
2654,2288389-132,-1.4454234,0.2164391,-0.15480933
2655,2288389-146,-0.28706968,0.24986748,0.121793024
2656,2288389-160,-4.9279595e-05,0.91010106,0.22753055
2657,2288389-53,0.69038707,-0.090785004,-0.060226403
2658,2288389-68,0.032202296,1.0962684,0.2911604
2659,2288389-78,-0.025062427,-0.5175678,-0.050827857
2660,2288389-88,-0.00027837002,0.9234357,0.08279427
2661,2288389-91,-0.0060022078,-0.12796278,1.442054
2662,2288389-92,-0.007968212,-0.34099534,1.3419771
2663,2288389-98,-0.008702671,0.3447381,-0.9855921
2664,2288534-8,3.2916025e-05,-3.67027,-1.3592311
2665,2288734-8,-1.0527629,-0.12219617,-0.22452046
2666,2288801-59,-0.0002309611,-1.847595,-0.7194804
2667,2289537-9,0.9665396,-1.0779693,-0.668849
2668,2289616-31,0.0020369666,-3.7443876,-0.70683575
2669,2290114-13,-0.008743633,-0.009582815,-1.1287467
2670,2290774-17,0.0013316358,-1.7407302,-0.68891436
2671,2291794-43,-0.005936102,-1.477082,-0.47053698
2672,2291794-46,0.0023966515,-0.78707063,1.3840914
2673,2291794-51,0.007911184,-0.80583483,1.5039775
2674,2291794-54,-0.0008507193,-0.53433174,1.1901398
2675,2291794-57,0.010207263,-0.3885092,0.88492084
2676,2291898-53,-0.6208451,0.9473098,1.2692435
2677,2291898-73,5.5594046e-05,-2.9691746,-2.792451
2678,2292163-122,1.1082788,0.8799204,0.01796274
2679,2292163-125,-1.9941727,-0.6038716,-0.093584195
2680,2292163-130,-1.9886127,0.18779014,0.62737596
2681,2292163-137,-2.093939,-0.4058673,-0.08914343
2682,2292163-139,3.044362,0.61160845,0.6037318
2683,2292163-142,-2.1937416,-0.0074358517,-0.069699414
2684,2292163-151,-0.04151027,0.16873816,0.02519264
2685,2292163-154,1.0165721,-0.36991227,0.4923194
2686,2292163-182,-0.96461886,0.5548412,0.15001334
2687,2292163-188,1.0181348,-1.0700251,-0.6260533
2688,2292163-29,1.0339644,0.72759444,0.15352727
2689,2292163-35,0.9323035,0.71219736,0.0774767
2690,2292163-66,0.9411413,1.0085108,0.41430417
2691,2292163-72,-1.6370587,-0.9781721,-0.4107069
2692,2292163-81,-0.00038524828,-0.7288628,0.45590085
2693,2292163-88,0.9944922,0.58341515,-0.054937765
2694,2292163-92,1.2443824,0.62521845,-0.061622363
2695,2292163-98,2.8581767,0.5022778,0.4569772
2696,2292191-9,-1.9810997,-0.16934352,-0.94932514
2697,2293229-55,0.57399166,-1.6309289,-0.9545353
2698,2293229-61,0.26853186,0.8626277,0.21042079
2699,2293230-44,-0.5518781,-1.7462611,-1.015129
2700,2293428-47,1.2995584,-0.8979733,-0.747075
2701,2293428-48,0.6284196,-0.4980495,-0.62402356
2702,2293428-71,1.464908,-0.174201,1.0351166
2703,2293428-80,0.9971634,-0.14401016,0.43081734
2704,2293428-83,0.03190844,0.71356666,0.26424274
2705,2293449-169,1.034135,0.2332678,0.6861592
2706,2293449-174,-1.2112627,-0.1572176,-0.7206423
2707,2293449-176,-1.4411508,-0.25257844,-0.747495
2708,2293449-191,-2.1077337,-0.09057503,-0.97569335
2709,2293449-215,2.1137774,0.53095055,1.2128233
2710,2293449-237,-2.4305103,-0.2936002,-1.1688333
2711,2293449-241,-1.7811948,-0.038323466,-0.93394893
2712,2293709-40,0.0062718415,0.5980394,-0.32494655
2713,2293709-45,0.48162895,0.79218185,-0.26006705
2714,2293709-51,-1.0691953,-0.97703815,0.23417342
2715,2293710-37,-0.00094276044,-1.0098692,-0.24146822
2716,2293712-45,0.002124987,-1.8505629,-0.75557905
2717,2293712-48,0.68261427,-1.9976867,-1.2999523
2718,2293798-23,1.9382019,-0.3460692,-0.19288084
2719,2293978-5,-0.34370947,-0.26855057,-0.4669749
2720,2293985-5,-0.9587411,-0.5691088,-0.42559806
2721,2294020-68,-0.010365119,1.2927378,0.2764891
2722,2294020-71,0.00029084412,0.5214871,0.45709285
2723,2294403-10,-2.0308177,-0.79573745,-0.21657026
2724,2294651-25,0.004070408,1.5557727,0.5960322
2725,2294651-33,-0.00022142648,-3.375989,-0.9377598
2726,2295975-8,-0.011883449,-1.6355456,-0.6030062
2727,2296277-8,-0.01774596,-0.680173,-1.1686428
2728,2296768-8,-6.0393028e-05,-1.6598166,-0.5842756
2729,2296827-14,0.015788052,-0.27065936,-1.4190359
2730,2296914-11,0.3787231,-0.59185934,-0.44458386
2731,2297227-10,-0.4442319,-1.2348642,0.32194322
2732,2297260-11,-6.4605716e-05,-2.9788232,-2.7874887
2733,2297494-8,-0.0312132,-2.1756883,-0.78609294
2734,2297579-44,0.8497679,-1.3089342,-0.8869346
2735,2297579-49,0.008243611,0.33887416,1.17705
2736,2297579-53,0.0011382459,0.0752652,0.8340166
2737,2297579-56,0.52250576,-0.02357236,0.82667226
2738,2297849-7,-1.0880861,-0.27475566,-0.4865074
2739,2297870-6,-0.33025706,-0.27853173,-0.057733707
2740,2299545-8,-0.44939905,-1.2625152,-0.8894441
2741,2299647-11,0.012836729,-1.0580649,-1.0708374
2742,2300944-10,0.0088429395,-0.49846217,-1.2268169
2743,2301371-65,1.2367747,-1.0322517,-0.5578617
2744,2301371-72,-0.04917759,0.3059095,0.17605296
2745,2301371-78,-0.0037637304,0.85698324,0.19420876
2746,2301425-16,-0.4510268,0.88380754,-0.5167671
2747,2301425-20,0.1821252,-0.8056652,0.5460791
2748,2301914-8,0.0051479824,-1.3885556,-0.28641132
2749,2304142-11,-1.0740504,0.05724422,-0.6823253
2750,2304142-8,0.9874896,0.028274367,0.6914651
2751,2304326-37,-0.0010695154,0.37510994,2.3456292
2752,2304326-42,-0.0118871,0.43213755,1.0681171
2753,2304733-7,-0.005020229,-3.2793887,-1.2252036
2754,2305021-8,0.003090473,-1.5933844,-1.4650896
2755,2305189-27,1.8558109,0.21321118,0.33854836
2756,2306101-7,-0.0003121737,-3.3635516,-0.98025304
2757,2306440-6,-1.6771414,0.02152173,-1.0113479
2758,2306916-8,-0.0066887666,0.28592536,-1.272347
2759,2308028-9,0.022670366,0.23860261,-1.7827467
2760,2311542-20,1.5064086,0.4501499,1.2542176
2761,2311542-25,1.2027032,0.42383918,1.2938128
2762,2311542-30,-2.0546005,-0.27862588,-1.1786344
2763,2311542-31,-2.0510585,-0.31694117,-1.0929878
2764,2311542-41,1.2390119,0.39779156,1.0712527
2765,2311542-62,-2.1350157,-0.4050586,-1.1606435
2766,2312447-5,-2.0586638,-0.3656565,-1.13821
2767,257161-294,0.0097928895,0.19856112,0.874707
2768,257161-303,-0.0021597673,0.24014449,0.97859216
2769,257161-309,-0.01318576,-0.0068855733,-1.073137
2770,257161-323,-0.0014234826,0.44902575,1.1739259
2771,257161-328,0.0003167147,0.2140562,1.3002424
2772,257161-331,0.012394403,0.48624253,1.2368941
2773,257161-335,-0.004144048,-0.14452039,1.6313792
2774,257161-337,-0.012909329,0.4356566,-1.3209422
2775,257161-346,-0.0016812679,0.036395423,1.1523962
2776,257161-358,-0.010913389,0.73331594,-1.5928856
2777,257161-363,0.48102024,-0.1674042,1.1498591
2778,257161-367,-0.008005362,-0.40262508,1.5195988
2779,257161-371,0.0009789058,-0.42661777,1.3040164
2780,257161-380,0.0030492952,-0.46839982,1.4012141
2781,257161-383,0.012048749,-0.22077736,1.2131366
2782,257161-386,-0.07526299,0.2920287,-1.2911727
2783,298943-63,1.6501608,-1.1843572,0.186995
2784,498347-156,0.008639306,0.626101,-2.236008
2785,531331-243,-1.0417734,-0.20039897,-0.5152173
2786,531331-249,0.7164169,0.61827224,0.45066407
2787,531331-250,-1.2447336,-0.4997194,-0.30755728
2788,531331-294,1.1371806,-0.81875557,-0.41677356
2789,531331-317,-0.9670183,-0.5746751,-0.4208854
2790,531331-321,-1.2240189,-0.5079551,-0.27737898
2791,532363-24,0.0241218,-0.39562508,1.0375429
2792,532363-27,0.9358959,-0.3661126,0.80052954
2793,593065-252,-1.081402,-0.6120423,0.9767089
2794,593065-263,-0.90258014,-0.45889872,0.8472151
2795,593065-267,-1.192552,-0.6572254,0.9318302
2796,593065-272,0.27820027,0.42824277,-0.86633873
2797,593065-277,-0.3452177,0.07210153,0.44652918
2798,593065-280,0.618775,0.59294146,-0.99410075
2799,593065-285,-0.5375122,-0.48337936,0.9642325
2800,593065-291,-0.016472448,-0.13575289,1.56661
2801,593065-305,-0.0024331124,-0.17019026,1.5173782
2802,105464-319,0.009497686,-0.2522931,1.0534443
2803,105464-326,0.23255533,-0.39200097,1.0687984
2804,1215346-62,0.7726009,-1.2170888,-0.78924465
2805,1215346-65,0.0045391736,-0.31833765,0.9645678
2806,1301482-127,0.46310285,-0.25432965,0.8933232
2807,1301482-142,0.8144786,-1.2080762,-0.88918656
2808,15460-156,0.015215632,-0.019831412,0.17810032
2809,15460-165,-0.25917193,-0.008511376,-0.16235928
2810,15460-170,-0.16990736,-0.15557064,0.40432706
2811,15460-176,-0.43222892,-0.0316406,0.332453
2812,15460-184,-0.017100833,-0.023771577,0.31066713
2813,15460-200,-0.012001179,-0.007615124,0.26278135
2814,1701050-124,-0.002477536,-0.65216345,-0.67310715
2815,1701050-140,0.010953622,-0.7003232,-0.6669093
2816,1738814-86,-0.014441648,-1.2425879,-0.54486865
2817,1738814-99,-0.031528436,-0.9777696,-0.36596
2818,2078693-87,0.028285742,-1.6085021,0.1000919
2819,2144995-104,-0.98610705,0.866401,0.71854365
2820,2144995-99,-1.6981926,0.17931263,0.6481993
2821,2166877-79,0.74190664,0.23591243,0.8728632
2822,2171314-10,-0.0035641019,-0.67671347,0.64539826
2823,2194899-100,1.3287516,-0.68446094,0.8212302
2824,2194899-103,1.2263241,-0.69640774,0.79023445
2825,2194899-116,-1.6789532,0.63072604,-0.7649333
2826,2194899-137,1.2253075,-0.68329346,0.7985865
2827,2194899-91,-1.5037192,0.6272782,-0.6795324
2828,2194899-96,-1.6913841,0.73458695,-0.8734932
2829,2208682-147,-0.0014367467,-1.316178,-0.34555984
2830,2208682-151,-0.00441974,0.039087567,1.0759739
2831,2208682-162,-0.002724373,-1.0334775,-0.1993682
2832,2224532-74,0.84210783,-1.3076085,-0.6935102
2833,2224532-83,0.8625468,-1.0684745,-0.48634067
2834,2237876-159,-0.016099513,0.3385332,0.9118465
2835,2237876-166,-0.005419035,0.6399978,1.1489534
2836,2237876-171,0.00027733477,0.63614064,1.0201696
2837,2237876-176,1.1705416,-0.8647808,-0.5478062
2838,2237876-177,0.59439504,0.07117772,0.92822146
2839,2239098-68,0.0060615493,-1.9402165,-1.8446504
2840,2242238-17,0.00920109,-0.053636465,-0.697945
2841,2243079-117,-0.0016445931,0.31409734,0.9889185
2842,2243079-126,-0.012362068,-0.042826522,1.4153029
2843,2243079-131,0.27447873,-0.09842474,0.71556723
2844,2243079-156,-0.00094436965,0.44041324,1.3667643
2845,2243079-161,-0.016187612,-0.112434015,-0.7931844
2846,2249925-110,-0.010890179,-0.16268511,1.3602786
2847,2249925-113,-0.009852076,-0.251471,-1.0630234
2848,2249925-120,0.0069009014,-0.24217181,1.394426
2849,2249925-153,-0.024532868,0.20030157,1.0719597
2850,2249925-158,0.014330194,-0.39725885,1.3044027
2851,2255199-60,1.8534936,0.54268605,0.83382183
2852,2255199-68,0.87505215,0.7990257,0.39507064
2853,2255199-78,0.31685284,0.7411373,0.23503225
2854,2255199-80,-1.7058953,-0.75496686,-0.4628565
2855,2258716-15,-0.08319858,0.49756712,-0.99448127
2856,2265631-118,0.0056209643,0.36759973,-0.62804544
2857,2265631-123,-0.7919305,0.6462798,-0.4937474
2858,2267065-45,0.6226966,1.3374313,0.9140861
2859,2267065-55,0.13422263,1.0218579,0.96954215
2860,2267065-67,0.0033163207,1.0063841,1.4125353
2861,2267065-75,0.501898,0.0062649907,0.8834122
2862,2279127-75,-0.022273205,1.2709044,0.10463633
2863,2279127-94,0.022803992,-2.6758885,0.13185899
2864,2279744-84,1.4007735,0.22670534,1.2974371
2865,2285889-176,0.0063512227,-0.15804604,1.1912029
2866,2285889-187,8.968607e-05,-0.32082868,1.4454994
2867,2285889-192,-0.0033903948,-0.31827638,1.3637372
2868,2285889-195,0.0033416734,-0.35296524,1.0792925
2869,2285889-198,0.004370608,-0.40523225,1.1955017
2870,2285889-201,0.004582755,-0.39944986,1.2394203
2871,2285889-205,0.00032586456,-0.6996317,1.7410308
2872,2286806-66,-0.043081954,0.5778171,1.1242516
2873,2286806-71,-0.020404875,0.48622426,1.0549531
2874,2286806-73,0.009651649,-1.2940375,-1.2085667
2875,2289980-49,-0.39281392,-1.2718127,-0.6278652
2876,2289980-54,1.1517631,0.36050555,0.77071106
2877,2293703-113,0.0714628,0.8441391,0.5318066
2878,2293703-117,0.2841952,0.778315,0.41156116
2879,2293703-120,-0.7261106,-0.85242456,-0.3769379
2880,2293703-122,0.76399004,-1.7686446,-1.0701233
2881,2293703-125,0.3361908,-1.4013062,-1.0093919
2882,2293703-138,-0.47606513,-0.81516165,-0.38517946
2883,2297552-15,4.1492767e-05,-0.22171718,1.9257342
2884,2297579-86,-0.0015498837,-0.0583909,-0.68248606
2885,2297579-87,0.6855831,0.2557185,0.66465497
2886,2298445-40,-0.02449725,1.1005368,0.5595366
2887,2298445-68,0.19187579,-0.18902044,0.84086967
2888,2298445-71,1.5118649,0.19810896,0.98514587
2889,2298445-74,0.32526687,-0.083798274,1.0738839
2890,2298445-77,1.9825717,0.35245395,1.0584944
2891,2298445-81,0.009920547,-0.2871,1.1330119
2892,2299480-8,-0.30845857,-0.27817753,-0.989845
2893,2300880-76,0.0010835052,1.0462956,0.7998454
2894,2300880-79,0.00034866243,-1.0722392,-0.95073855
2895,2300880-88,-0.032294694,1.0092547,0.8001954
2896,2300880-91,0.008922083,-1.2225492,-1.1076736
2897,2301088-67,0.0012165278,-1.117361,-0.90528667
2898,2301088-74,0.0021770806,-1.0567981,-0.8477956
2899,2301321-31,-0.009673483,1.4197254,0.54320055
2900,2303528-73,0.7338614,-1.4514552,-0.87399685
2901,2304353-65,-0.006890005,-1.3559381,-1.1781918
2902,2306112-59,-0.0021962898,-1.2813438,-1.2033625
2903,2306112-69,0.0016442343,-1.9166393,-1.9761404
2904,2307548-42,0.9120287,0.49975893,0.9916549
2905,2307548-61,-1.5219425,-0.48487473,-0.97924274
2906,2307548-67,0.0055480497,-0.21744458,1.068502
2907,2309053-109,0.061718002,0.15764688,0.66359293
2908,2309053-68,0.006298355,-0.2672988,1.1783607
2909,2309053-77,0.00118886,-0.5938388,1.4198043
2910,2309053-90,-0.012791169,-0.384545,1.2928865
2911,2309053-94,-0.00090362993,0.38292807,-1.0654976
2912,2309053-98,0.00076345593,-0.3874455,0.9094041
2913,2309349-122,0.00045087608,1.6666713,0.38424242
2914,2309349-146,-0.0021165456,-1.7244245,-0.2614115
2915,2309906-9,-0.00038708694,-3.0747714,-0.8322793
2916,2310025-37,0.0024898374,1.9252839,0.111508064
2917,2310025-56,0.01228966,-1.916532,0.07580706
2918,2310615-80,0.8145776,-1.3078091,-0.897604
2919,2310615-84,-0.018282827,0.40467325,-1.4603882
2920,2311299-67,6.657889e-05,-5.004197,-1.5235038
2921,2311299-78,0.16284366,-0.29997784,1.007576
2922,2311300-33,0.008119441,1.5368327,1.0270749
2923,2311300-57,0.016707843,1.0778263,0.72122943
2924,2311300-60,1.0461068,0.017843833,0.6288351
2925,2311300-63,1.2859181,-0.09388931,0.7171883
2926,2311300-69,2.2614474,0.3975847,0.9923709
2927,2311300-86,-0.9169164,-0.18345702,0.34738553
2928,2311300-88,0.013760285,-0.93365264,-0.25132564
2929,2311300-91,0.014147319,-0.99182016,-0.12847705
2930,2311733-9,-0.2858313,-0.32253754,-0.7813941
2931,2312673-9,-0.011042089,-0.45456713,-1.8755732
2932,2312874-9,-0.5863178,0.32682094,-1.2008296
2933,2312948-113,0.03267461,-0.43174797,1.06393
2934,2312948-116,-0.02240466,-0.09703922,1.2189736
2935,2312948-118,1.0669185,-0.7643187,-0.30032343
2936,2312948-43,0.20432858,0.039819226,0.93940526
2937,2312948-57,0.55082613,0.17150716,0.97007704
2938,2312948-71,-0.03731475,0.052376706,0.9948372
2939,2312948-74,1.3434726,-0.40257627,-0.28024295
2940,2312948-77,-0.014932377,-0.15639041,1.0239596
2941,2312948-80,-0.009967395,-0.24237095,0.9152065
2942,2312948-83,0.76992124,-0.12223919,0.9496243
2943,2312948-89,0.0143334335,-0.3994603,1.0996363
2944,2312948-92,0.465993,-0.30918044,0.46042457
2945,2312948-93,-0.0040205726,-0.59916776,1.546893
2946,2312948-96,-0.005624231,-0.27140966,1.3210268
2947,2313170-43,0.017852448,1.7590486,0.48995066
2948,2313396-56,-0.00039873164,-1.6166028,-1.1928445
2949,2313545-34,0.98211044,-0.7529628,-0.4879165
2950,2313545-40,1.7746154,0.32994342,1.010107
2951,2313545-43,1.5370773,0.21371953,1.0482808
2952,2313729-44,0.003255168,-0.37526038,-1.1568781
2953,2313729-60,0.0061405096,-0.5324422,2.036413
2954,2313729-71,0.0007369027,-0.19982742,1.3677647
2955,2313729-92,0.0012235014,-2.6468139,-2.4410574
2956,2313734-116,0.0014558902,-0.2787035,-1.1779592
2957,2313734-120,0.0010384326,-0.22230703,-1.0368425
2958,2313734-37,-0.015643435,0.83931637,1.9435016
2959,2313734-42,-0.0100374315,0.7764711,1.5839283
2960,2313734-53,-0.013464897,0.82425326,1.8693913
2961,2313734-59,-0.0028245987,-0.03860141,-1.3294513
2962,2313734-62,-0.85292184,-0.35917425,0.16042298
2963,2313734-73,0.75590974,-0.37532192,0.49751398
2964,2313735-47,-0.00078007544,-2.1480885,-0.64648634
2965,2313735-50,-0.45181644,1.245937,-0.025922043
2966,2313735-55,0.8615457,-0.036233418,0.24806231
2967,2313735-56,0.32185063,-0.2528208,0.6999063
2968,2313736-46,0.016574088,-0.3952099,1.0443425
2969,2313736-54,0.017851422,-0.35768765,0.91703856
2970,2313738-33,-0.00017979107,0.3631539,1.4949964
2971,2313738-41,0.0026452984,-1.3326784,-1.126572
2972,2313739-33,-0.009994577,-0.96166974,-0.5516695
2973,2313739-36,-0.7225605,-0.45148382,0.56113553
2974,2313740-101,0.15568991,-0.16591474,0.87631696
2975,2313740-51,0.009109573,1.9856592,0.4028371
2976,2313740-53,0.0065789204,-1.9110769,-0.5378356
2977,2313740-63,-0.0010012125,-0.14848186,0.6355232
2978,2313740-96,0.00078111945,-0.08845331,0.8937078
2979,2313740-97,0.17493713,-0.102120385,0.9218962
2980,2313781-39,0.0047107115,-0.17913252,1.3864014
2981,2313781-47,0.0068951747,-0.10051822,1.5968986
2982,2313781-57,-0.00015504983,0.23471984,1.3491623
2983,2313781-63,-0.0061862436,0.5202315,-1.5482371
2984,2313781-70,0.0014398801,-0.12529595,1.1202418
2985,2313781-71,-0.005237209,-0.17911679,1.2481549
2986,2313781-74,0.01577255,-0.31658033,1.0777397
2987,2313781-82,0.022014534,-0.7716696,1.9780852
2988,2313781-85,0.025093261,-0.5703848,1.4265665
2989,2313781-88,-0.004729225,-0.6219323,1.5156335
2990,2313781-91,-0.005389383,-0.432298,1.511775
2991,2314199-8,-0.015108907,0.26951343,-0.58109766
2992,2314217-10,-0.3062041,-1.3486519,-0.9370836
2993,2314387-8,-0.008811694,-2.3699954,-0.3760917
2994,2314499-30,0.0074220817,0.3488807,1.0522568
2995,2314499-37,-0.0013186972,0.45340356,1.3139836
2996,2314499-44,0.0015809825,0.6852778,1.4238966
2997,2314499-49,0.019964729,-0.22862363,1.3731712
2998,2314544-27,0.000861918,-0.64457905,-0.7479479
2999,2314553-33,1.157957,-0.73100626,-0.46297574
3000,2314688-8,0.0048762397,-3.5244818,-0.7514423
3001,2314934-40,0.007934187,-2.7889082,-0.63490194
3002,2314962-33,0.9091409,-0.7829547,-0.5059609
3003,2315020-6,-0.81730497,-0.35665107,-0.9435994
3004,2315172-9,0.026305476,-0.4154714,-0.013180989
3005,2316624-66,0.0015692404,-0.45544198,1.3386022
3006,2316624-73,0.003866574,-0.26465413,1.136271
3007,2317406-8,-0.68408465,0.42247778,-0.9522605
3008,2317563-59,0.0031439262,-0.39343932,1.4234722
3009,2317563-65,-0.026132733,-0.22205995,1.2150493
3010,2317563-75,-0.009747033,-0.20904322,1.3490448
3011,2317563-78,-0.012470961,0.28667444,-1.2697538
3012,2317563-82,0.15905005,0.2148942,0.5876891
3013,2317563-97,0.011032253,0.8035424,0.08603652
3014,2317622-39,-0.0067091864,-0.55221194,-1.2914836
3015,2317648-72,0.8971084,-1.1649235,-0.6295762
3016,2317648-74,0.42798615,0.07677005,0.8695919
3017,2317648-86,0.755087,-0.02238749,0.9621719
3018,2317648-88,1.0720488,-1.0553876,-0.5363474
3019,2318022-32,0.013682756,0.5720267,1.574029
3020,2318022-44,-0.0018565434,-0.2824837,-2.1518707
3021,2318022-49,-0.00079599884,-0.4030525,1.8187672
3022,2318116-8,0.6944316,-1.1804733,-0.6959723
3023,2318165-12,0.003772815,-0.38753274,-1.8056984
3024,2318277-41,0.000984279,0.17072132,1.0698818
3025,2318277-43,0.005341913,-0.27755237,-0.84463704
3026,2318277-48,-0.00074712257,-0.20217952,1.2872014
3027,2318277-55,-0.0011505723,0.14308804,0.6970647
3028,2318280-42,0.06803439,-0.08387606,0.98177
3029,2318553-48,-0.008544341,-1.8621881,-0.7234078
3030,2318583-10,-0.70861375,-0.07379529,-1.0671017
3031,2318583-7,0.5464791,0.24048392,0.8328939
3032,2318736-49,0.07695335,0.410098,-0.63104194
3033,2318736-54,-0.081039414,0.41593313,0.11750785
3034,2318736-67,-2.6691415,0.0081706345,-0.18673079
3035,2318736-71,-0.008094368,-0.45560598,1.1126171
3036,2318736-74,0.019471936,-0.5760637,1.4652939
3037,2318736-77,-0.0024632362,-0.199664,0.8552689
3038,2318736-79,0.014950286,-0.64526004,1.6667985
3039,2318736-85,0.93009824,-0.26005703,0.82080525
3040,2318737-36,-0.0018693564,-0.029186467,1.0102398
3041,2318737-41,-0.012786357,-0.033474844,1.0423222
3042,2318737-46,0.0011331708,-0.0019650238,1.3231859
3043,2318737-50,-0.0045944396,0.6623856,-1.7911457
3044,2318737-51,-0.016371775,0.8340345,-2.0192428
3045,2318737-53,0.007859889,0.6514821,-1.5310802
3046,2318737-57,-0.029813575,-0.22536884,0.45513758
3047,2318737-60,-0.003765914,-0.3605126,1.4844486
3048,2318737-63,1.3823686,0.12815541,1.050775
3049,2319129-49,-1.2979699,-0.2236984,-1.1116436
3050,2319129-51,-1.2037624,0.045239933,-0.032578442
3051,2319129-57,1.5982683,0.32522836,0.90604144
3052,2319129-70,-0.06795773,-0.22538312,0.4728011
3053,2319129-71,-0.50482786,0.32933265,0.008473256
3054,2319129-76,-0.011910067,0.5042894,0.3670849
3055,2319129-81,-0.00029564154,-0.19638312,0.9521833
3056,2319129-85,-1.3583084,0.11008463,-0.11394423
3057,2319256-63,-1.7258303e-06,-3.826335,-1.0038798
3058,2319485-10,-0.0042270473,-0.84523803,-0.6338588
3059,2319485-7,-0.08447399,0.77098966,0.60032845
3060,2319511-13,-0.3012389,-1.2808479,-0.7423956
3061,2319532-14,-0.48650408,-0.80170894,-0.6682874
3062,2319794-7,0.4107063,-0.40070847,-1.1338744
3063,2320266-47,0.012985246,-1.7671648,-1.5496756
3064,2320266-57,-7.693531e-05,-0.33304903,1.0120336
3065,2320266-59,0.020254586,-0.43673727,1.0674757
3066,2320266-66,-0.0010128226,-0.36530048,0.55029666
3067,2320266-74,0.33286133,-0.39623985,1.2315905
3068,2320333-7,0.10925585,-1.104302,-0.38163888
3069,2320527-8,-3.3672175e-05,-5.128185,-1.4493878
3070,2320686-11,0.010862487,0.49369434,-1.2382317
3071,2320799-49,0.0072741983,-1.2963154,-0.4332728
3072,2320799-54,-0.008714244,-0.34031114,1.2047124
3073,2320799-57,1.7905797,0.1787054,0.9228416
3074,2320799-62,-0.00010488651,-0.4214602,1.435843
3075,2321689-50,0.02242288,-1.7359048,-1.6675164
3076,2322436-12,-0.008219862,-1.1406739,-0.7732668
3077,2323322-38,0.34287825,-1.1243649,-0.61672014
3078,2323322-44,-0.0020084179,-0.51828754,1.5839036
3079,2323322-46,-0.006974347,-0.80969733,2.764409
3080,2323322-49,0.0106880125,-0.46899134,1.4521433
3081,2323617-56,0.015221075,0.1804169,0.40004396
3082,2323667-9,0.0010076493,0.13898581,-1.690936
3083,2324900-47,0.017725725,-0.6072444,1.6179764
3084,2325355-13,-0.08622613,0.3871994,-0.4334439
3085,2325516-10,0.51653445,-1.3044244,-0.80278885
3086,2326278-38,0.012917315,-0.22280683,0.9915645
3087,2326450-85,2.1080143e-05,-3.772626,-1.0514004
3088,2326450-98,2.673877e-07,-3.9675202,-1.070578
3089,2329218-126,-0.591984,-0.33103275,-0.9098339
3090,2329218-133,-0.03412224,0.42421827,0.6999771
3091,2329218-135,-0.004717632,-1.1888925,-0.40885255
3092,2329218-151,0.08894305,0.59376293,0.7070266
3093,2329218-177,0.113962434,0.5127823,0.7592117
3094,2329218-182,-0.00978207,-1.2120314,-0.41639972
3095,2330227-38,-2.0175132e-05,3.3734384e-05,6.115978e-05
3096,2330227-41,-9.708318e-05,-1.4196681e-05,-7.548362e-05
3097,2331427-40,0.00015435697,5.4428885e-05,-3.8978746e-05
3098,2331427-45,-6.412991e-05,3.593608e-05,7.226844e-06
3099,2331627-7,-9.771698e-05,6.184249e-05,3.6359965e-05
3100,2331627-9,-0.00012694267,-1.9542065e-05,1.9085477e-05
3101,2331629-6,-0.0002817327,0.000106252206,-5.71947e-06
3102,2333803-50,-0.0001231784,5.9756025e-05,2.769623e-05
3103,2334043-27,-4.623492e-05,6.11141e-05,0.0001597695
3104,2334043-40,0.00020980134,9.399557e-06,-4.4521337e-05
3105,2334043-43,-8.2457875e-05,4.54612e-06,-9.294516e-05
3106,2334043-45,0.0002458921,7.8012396e-05,-4.3577602e-05
3107,2334043-50,-1.0336473e-05,-6.735455e-05,-0.000112518086
3108,2335844-30,0.00018712108,2.9539297e-05,-9.203213e-05
3109,2336484-34,0.00024106744,8.15833e-05,-2.2108734e-06
3110,2336484-47,0.00013323582,-0.00017427068,1.9992665e-05
3111,2336698-8,-0.00031484396,3.457885e-05,-0.00012690916
3112,2338971-8,-0.0001337456,-8.638858e-05,1.2837177e-07
3113,2340532-29,-0.0001731772,-0.00011586947,7.711468e-05
3114,2340532-46,-0.0001903984,6.494963e-05,-3.7121357e-05
3115,2341582-8,5.1794057e-05,8.761458e-05,1.5310085e-05
3116,2341956-8,-0.00017332715,-0.00022933843,-1.18236485e-05
3117,2342213-7,-8.996016e-05,7.435921e-05,-3.7322883e-05
3118,2344790-8,-2.3601664e-05,6.3397747e-06,-0.00017315587
3119,2344792-8,5.746663e-05,5.7526493e-05,0.00010075653
3120,2344795-8,0.00035729446,4.405289e-05,0.00011773738
3121,2344796-8,0.0002324066,-4.145554e-05,-3.8816623e-05
3122,2344799-8,-3.0272495e-06,5.9841226e-05,2.9608247e-05
3123,2344800-7,0.00012313985,-4.402412e-05,-5.2350333e-06
3124,2344801-8,9.7440614e-05,1.6907423e-05,-0.0001636165
3125,2344802-8,0.00014274675,1.452367e-05,7.5846656e-06
3126,2344803-8,-2.1095519e-05,8.893077e-05,-4.5181536e-05
3127,2344804-8,-0.00011044322,-9.89372e-05,-7.292975e-05
3128,26946-99,-4.44972e-05,1.5309117e-05,-6.1089784e-05
3129,274765-173,-1.6826481e-05,2.7114875e-06,-0.00010054678
3130,274765-186,-0.00015721771,2.8298979e-05,3.0180314e-05
3131,352989-160,-0.00011113249,1.1800541e-05,-2.0244843e-06
3132,352989-165,0.00020450776,4.417787e-05,-4.1417734e-05
3133,352989-170,-0.00013633352,6.255189e-05,-7.811301e-06
3134,46249-294,0.0004052975,-4.5340912e-05,0.00021295929
3135,46249-297,5.8332356e-05,5.875017e-05,8.040953e-05
3136,46249-316,-4.201611e-05,-5.6130157e-06,0.00016084219
3137,46249-325,5.202126e-05,-4.8796384e-05,0.00015903279
3138,484645-141,0.00016892071,-1.8095816e-05,1.0962736e-05
3139,484645-146,0.00012425106,8.638091e-05,-1.5945643e-06
3140,484645-149,1.9274834e-05,6.3583626e-05,-7.868771e-05
3141,484645-160,0.00017946103,2.429607e-05,2.2010128e-05
3142,484645-180,-0.00016169371,1.2036389e-06,-0.0001642913
3143,484645-183,-6.988179e-05,-1.4705034e-05,2.1772285e-06
3144,500843-155,1.1892179e-05,4.3391898e-05,1.1051361e-05
3145,500843-157,-0.000106284875,-5.791553e-05,9.578897e-05
3146,500843-160,-0.0002137244,-0.00011004828,-1.0802418e-05
3147,500843-172,0.0003300934,-1.3372716e-05,-0.00013260209
3148,508965-135,-0.0003040403,-5.4086493e-05,9.9442244e-05
3149,508965-141,-5.638867e-11,-1.9268773e-05,0.00015611824
3150,508965-143,0.00019575875,8.2564424e-05,-2.582073e-05
3151,508965-156,8.6537686e-05,1.03682396e-10,3.8940878e-05
3152,508965-161,-0.00019392271,-6.629261e-05,6.5724525e-05
3153,508965-164,0.000239077,1.6127604e-05,-4.464004e-05
3154,534328-155,-0.0001587708,-3.3565575e-05,4.2564134e-06
3155,534328-167,2.0134947e-05,5.0289156e-05,6.266257e-06
3156,534328-174,7.5246586e-05,9.696794e-05,7.637681e-05
3157,534328-177,-0.00013633452,2.1766315e-05,-4.419063e-05
3158,534328-184,2.8686274e-05,-3.684494e-05,5.8249258e-05
3159,534328-187,0.00019667865,9.3373485e-05,6.725524e-05
3160,534328-190,0.00026439677,-4.9527094e-05,-3.6769252e-05
3161,534328-194,-1.7230941e-06,9.079269e-05,-1.6920727e-05
3162,534328-200,0.0001402454,5.319951e-06,-1.1064767e-06
3163,534328-203,-0.0002799399,6.370914e-06,6.48227e-05
3164,596844-116,0.00036629234,3.4364493e-05,-3.3412412e-05
3165,609753-101,4.33619e-05,-9.3731695e-05,-5.0603585e-06
3166,609753-109,0.00012350922,4.278183e-05,-3.4604145e-05
3167,622070-128,-7.06836e-05,-0.00010796789,0.00011406916
3168,622828-9,-5.4463067e-05,-9.139115e-05,-0.00016807996
3169,945554-180,-0.00026986032,4.6241234e-07,-2.9914412e-05
3170,945554-186,8.387576e-05,1.8245006e-05,-9.9014826e-05
3171,1197773-90,4.7671434e-05,8.997554e-05,-5.5353585e-06
3172,1197773-99,2.4347886e-05,3.6846726e-05,-1.1512278e-05
3173,1548579-109,-0.0001717013,6.974046e-05,-6.480088e-05
3174,1548579-114,-2.9193514e-05,-1.5251397e-05,-5.5405326e-06
3175,1548579-122,5.254036e-05,-5.5222292e-05,-0.0001396254
3176,1548579-126,-2.9946641e-05,-3.3084e-05,3.3637625e-05
3177,1701755-60,8.407146e-05,0.00014269132,5.003956e-05
3178,2115253-104,-0.0002296207,9.281139e-05,-8.501002e-05
3179,2115253-111,-0.0003651871,6.047306e-05,9.5659896e-05
3180,2115253-116,9.932312e-05,4.8329744e-05,2.0514082e-05
3181,2115253-118,2.6056936e-05,3.1178686e-05,-2.6341484e-05
3182,2115253-156,5.2440505e-06,6.350595e-05,6.232344e-05
3183,2115253-167,-6.517108e-05,4.9171904e-05,1.033031e-05
3184,2115253-172,-4.4993576e-05,-5.799084e-07,-1.2593136e-06
3185,2115253-175,-6.323786e-05,-8.190091e-08,6.877761e-05
3186,2115253-183,0.00032604695,-7.797269e-06,2.7499005e-05
3187,2125189-161,-0.00024230785,3.164017e-05,6.0708648e-05
3188,2125189-174,1.3928948e-05,2.453672e-05,-6.5577915e-05
3189,2125189-176,0.00014186485,-1.7819919e-05,-8.406156e-05
3190,2125189-180,-0.00010945637,-4.556627e-05,5.90251e-05
3191,2149303-50,7.481754e-05,6.997546e-06,0.0002012773
3192,2190084-79,7.430092e-05,-4.5704695e-05,-0.0001634494
3193,2190084-93,0.00014737,-2.405833e-05,-2.0652835e-05
3194,2194442-74,6.343396e-05,-3.8460443e-05,4.5949528e-05
3195,2196833-307,7.690448e-05,-6.3204454e-05,-3.0299445e-05
3196,2196833-323,0.00028604257,7.23576e-05,-0.00016475149
3197,2196833-326,-6.876883e-05,-3.892441e-05,-5.0079965e-05
3198,2196833-328,-0.0002092904,-1.866951e-05,3.526938e-05
3199,2196833-373,-3.424262e-05,-6.0686158e-05,-8.1139275e-05
3200,2205254-76,8.3453284e-05,-2.9442926e-06,-5.3689415e-05
3201,2218538-8,3.1050517e-05,-0.00010549201,-8.508974e-06
3202,2224999-104,-0.0004580327,7.988998e-05,-1.8247192e-06
3203,2224999-107,-7.051894e-05,-4.1079147e-05,-4.591293e-06
3204,2224999-67,0.00017299362,8.8052606e-05,-9.589781e-05
3205,2224999-77,0.0001641684,-1.059502e-05,8.659819e-06
3206,2224999-88,-0.00026628101,3.8100665e-05,-3.17741e-05
3207,2224999-96,0.000112879774,6.803351e-05,-8.5744556e-05
3208,2231632-102,-8.7536195e-05,-1.1075189e-05,-1.743345e-05
3209,2231632-97,8.67991e-05,5.686444e-05,-4.939384e-05
3210,2282142-9,-0.00023365315,-7.007191e-05,9.726797e-05
3211,2288318-70,2.1639786e-05,-9.502207e-05,4.3919736e-05
3212,2288318-78,0.00013007983,6.7032626e-05,5.371948e-05
3213,2299903-53,2.0050247e-06,-0.00016014841,-6.992923e-06
3214,2301683-33,0.00012731974,-4.159852e-05,-5.731546e-05
3215,2309053-157,-0.00012508458,-4.6451976e-05,9.198117e-05
3216,2309053-167,-0.00013930256,2.4667339e-05,5.6019715e-05
3217,2309053-173,-0.00021736168,-5.2387277e-05,-2.4443827e-05
3218,2309053-174,9.374367e-05,4.753426e-05,-0.0001136234
3219,2309053-176,-0.00018520016,9.026917e-07,0.00014082054
3220,2309053-179,3.8954495e-06,-8.816653e-05,1.7735911e-06
3221,2310837-8,0.00017902032,-3.0044535e-05,-1.7160182e-06
3222,2312373-128,-9.502848e-06,-4.8749942e-05,2.7812986e-05
3223,2312373-140,0.00012182085,6.6620487e-10,-9.326768e-05
3224,2320643-8,6.137492e-05,0.00016888502,3.3259334e-05
3225,2326749-8,0.00011946648,4.1208288e-05,5.3375043e-06
3226,2333929-40,-0.0001337374,-5.4530065e-05,-0.00010983295
3227,2334279-38,0.00020596774,6.2198505e-06,3.7925423e-05
3228,2334279-57,-1.5967566e-05,3.194093e-05,3.894005e-06
3229,2336393-59,0.00022477919,-6.951046e-05,5.6921017e-06
3230,2336393-61,-3.1591575e-05,6.3254274e-06,0.00015788365
3231,2336393-64,-0.00014889549,-0.00015981996,-7.850404e-05
3232,2336393-67,-0.00021072078,-6.9535854e-05,-6.702269e-05
3233,2336833-9,6.6713983e-06,-0.00013251604,-7.9824036e-05
3234,2337246-43,0.00031806843,-2.3697412e-06,6.89414e-05
3235,2344909-65,8.9234774e-05,3.469818e-05,-6.24841e-05
3236,2344938-71,-3.898346e-05,7.850209e-06,-5.9573882e-05
3237,2345140-8,-0.00012956126,6.269553e-05,6.6154855e-05
3238,2345368-50,0.00016859779,4.801186e-07,0.000118769196
3239,2345368-56,0.00047760946,-5.5077275e-05,-8.193368e-05
3240,2345368-78,-3.5464844e-05,-4.975416e-05,-8.337651e-06
3241,2345378-38,-4.231542e-05,-6.9346075e-05,3.5126584e-05
3242,2345468-38,-3.7087426e-05,4.7044432e-05,9.27841e-05
3243,2345484-39,-8.435742e-05,-4.6036927e-05,0.00011335235
3244,2345484-83,0.0001236607,3.9787647e-06,4.485221e-05
3245,2345493-31,0.00019824457,6.423633e-05,-5.065569e-06
3246,2345493-35,9.83073e-05,0.00011835226,-3.0327703e-05
3247,2345493-38,3.6603997e-06,-0.00010254914,-7.005065e-05
3248,2345493-41,0.00026860484,-1.123161e-05,2.10642e-05
3249,2345493-50,4.6462104e-05,3.4841058e-05,0.00011101109
3250,2349947-42,-0.00017860986,0.00013156897,-0.00010615345
3251,2350586-63,5.0036906e-05,-2.5086192e-06,-3.4450688e-05
3252,2350586-73,-0.00033613967,-1.7911081e-05,1.9204916e-05
3253,2350702-8,0.00031630078,-0.00011330981,-2.0084371e-07
3254,2350706-6,-2.9355804e-05,3.869121e-05,-6.604416e-05
3255,2351179-51,-1.3465426e-05,1.1593796e-05,-2.8408102e-05
3256,2351332-7,7.860633e-05,-8.785133e-06,3.6515812e-05
3257,2351990-37,-9.076021e-05,-3.1918993e-05,5.5118253e-05
3258,2352500-11,-0.000261553,-5.03566e-05,-8.15214e-05
3259,2354502-8,-0.0001838433,2.2134882e-05,-4.945785e-05
3260,2354899-8,-6.0017817e-05,0.00016542702,-7.4829586e-05
3261,2355135-39,7.784818e-05,6.9369664e-05,4.8278212e-05
3262,2355135-49,2.9656658e-06,4.8460824e-05,3.258526e-05
3263,2355510-35,-1.2791009e-05,6.3270374e-05,3.9673512e-05
3264,2355510-53,-0.00014141224,-0.00012413735,9.107639e-05
3265,2355627-8,0.00014427604,-0.00010607148,2.4189278e-05
3266,2357053-105,0.00011071605,1.7559742e-05,6.6415734e-05
3267,2357053-108,-0.000587834,-3.231725e-05,5.8846534e-05
3268,2357053-110,0.0002714363,-5.799606e-06,4.353685e-05
3269,2357053-119,-0.00032098306,2.0861215e-05,-4.4738877e-05
3270,2357053-122,-0.00013632512,-0.00010134603,-9.973934e-06
3271,2357053-30,0.00013983055,6.960897e-05,-1.7423088e-05
3272,2357053-38,-0.00027265697,1.4471974e-05,3.1030737e-05
3273,2357053-47,8.2039944e-05,-9.47933e-06,-9.150905e-05
3274,2357053-50,-0.00024538772,-8.98092e-05,4.8947386e-05
3275,2357053-70,-0.00015134594,5.884177e-05,4.783818e-05
3276,2357055-29,-5.4060656e-05,-5.8527643e-05,0.00015948327
3277,2357639-9,7.4759155e-06,-4.1442458e-05,1.4973011e-06
3278,2357871-9,-5.654114e-05,-4.0384744e-05,1.9923385e-05
3279,2357898-11,-7.947097e-05,-0.000101602214,-9.0225585e-05
3280,2358527-8,3.5630736e-05,-6.961428e-06,6.239805e-05
3281,2358915-39,-0.00027044513,-5.6914214e-06,2.7003069e-05
3282,2358915-53,7.736241e-05,0.00012620537,-2.0792515e-05
3283,2358915-67,0.00022732437,7.770351e-05,-2.1826392e-05
3284,2358922-21,0.00025892293,2.6255e-05,9.3778435e-05
3285,2359135-28,-0.0001329202,-4.122127e-05,0.00010515677
3286,2359135-39,-0.00014292214,-6.25885e-05,6.351146e-05
3287,2359287-7,1.9909206e-05,2.7399647e-05,-9.60005e-05
3288,2360062-8,0.00011570849,-4.372232e-05,3.824258e-05
3289,2360503-27,-3.6316334e-05,-9.706762e-05,-7.8911435e-06
3290,2360503-35,-6.684708e-05,5.7235604e-05,-2.3557368e-05
3291,2360503-45,-0.00014028541,6.4988926e-05,-1.6405676e-05
3292,2362137-8,3.745454e-05,5.567235e-05,7.541552e-05
3293,2362190-9,-0.00016663117,-0.000110008914,-1.0679327e-05
3294,2362292-8,9.962282e-05,0.00016539254,4.1683306e-05
3295,2362567-18,2.775609e-05,0.0001220234,-4.3548098e-05
3296,2362947-9,8.9565096e-05,-3.4639812e-05,7.551884e-05
3297,2364109-35,-1.750865e-05,7.814415e-07,0.00011385899
3298,2367595-12,-5.4719952e-05,-2.2022212e-05,1.7771592e-05
3299,2367600-30,-2.5233476e-06,-7.6883065e-05,1.926934e-05
3300,2367600-35,3.919263e-05,-0.00013858889,-3.9601437e-05
3301,2367600-45,0.00016921798,-9.718054e-05,-3.524418e-05
3302,2367600-47,4.0476167e-05,-2.1222222e-05,-8.593756e-05
3303,2367600-49,0.00015200532,-4.794431e-06,-1.91703e-05
3304,2369594-8,0.00012104503,1.6075242e-05,1.5970036e-05
3305,2372071-26,3.5439589e-06,1.3281753e-05,1.6425456e-06
3306,2372071-41,-1.7877566e-05,3.7877733e-05,0.00016537927
3307,2372099-6,8.8302055e-05,4.3913296e-05,3.656959e-05
3308,2372983-7,-0.0001176964,-0.00012063446,-1.6803118e-05
3309,2374400-101,-0.00023493255,6.378279e-05,-0.00014117305
3310,2374400-106,-2.9329996e-05,-1.3014775e-05,-4.4171902e-05
3311,2374400-110,1.4224133e-06,5.7567122e-05,1.063142e-05
3312,2374400-121,-0.00011407431,-8.261506e-05,-2.8772178e-05
3313,2374400-46,-0.00016800784,-0.00012534438,-0.00016715509
3314,2374400-58,0.0003751522,4.1258572e-06,3.169958e-05
3315,2375497-8,-0.00014379247,0.0001652403,-6.532212e-05
3316,2375501-8,0.00017106024,4.241687e-06,3.7514335e-05
3317,2375543-9,2.7017188e-05,2.0923426e-05,7.799966e-05
3318,2375630-8,0.00014772623,-9.23774e-05,3.1172443e-05
3319,2376169-40,-0.00013924635,8.399879e-05,-4.6689973e-05
3320,2376169-46,0.00011016555,6.6173816e-05,7.449249e-06
3321,2376169-55,0.0001714264,8.485491e-05,7.828445e-06
3322,2376169-62,-4.3865246e-05,0.00012313105,0.00010011805
3323,2377273-8,0.00026994938,1.3859608e-06,-0.00013500036
3324,2377516-12,3.2236618e-05,3.3529068e-05,-8.806301e-05
3325,2377518-12,-2.6446942e-05,5.916232e-05,-6.127031e-05
3326,2377566-12,-6.425819e-05,1.807035e-05,-8.092857e-05
3327,2377675-8,3.9001025e-06,-5.0317973e-05,-3.6995778e-05
3328,2379582-7,-0.000104831604,5.2968775e-05,-0.00015763815
3329,2380451-7,6.7474866e-05,-0.00015596923,-3.4535908e-05
3330,2380935-9,0.00018455395,4.7312562e-05,0.00012995221
3331,2381043-35,-0.00017608551,-3.2882963e-06,0.00017387526
3332,2381043-45,3.1435811e-06,8.628408e-05,8.814674e-05
3333,2381043-60,3.4765522e-05,-4.7003898e-05,-0.00016112532
3334,2381043-63,-1.3855326e-05,6.8284135e-06,-0.00010666136
3335,2382599-8,0.0001331708,-2.107783e-06,8.513698e-05
3336,2382611-10,-0.00013049008,2.7044593e-05,0.00015917855
3337,2383287-23,-6.0753304e-05,-2.0598425e-05,9.962874e-06
3338,2383287-30,-0.0001404722,8.138325e-05,-3.853996e-05
3339,2383287-41,5.783222e-06,0.00012468555,5.4252163e-05
3340,2383287-43,-1.6817357e-05,9.109439e-05,-1.7056855e-05
3341,2383287-47,-0.00029110987,-4.7508584e-06,-1.3615578e-05
3342,2383287-50,-0.00015193902,1.0574298e-05,6.9814116e-05
3343,2383287-53,-0.000118280164,-1.1787022e-05,6.6356646e-05
3344,2383287-61,0.00014990325,4.68448e-06,-9.837089e-05
3345,2384692-21,3.3058684e-05,4.523359e-05,8.473506e-06
3346,2384692-27,-4.9022823e-05,-3.0157593e-05,-9.6986696e-05
3347,2384692-31,-3.259082e-05,0.00010848272,-8.228398e-05
3348,2384692-33,2.9141418e-05,-7.703346e-05,-3.444958e-05
3349,2384692-35,0.000109453904,4.016004e-05,0.00012102618
3350,2384692-38,-1.8686143e-05,-0.00010191095,3.8697763e-06
3351,2384692-43,3.774298e-05,-1.5071071e-05,4.3641085e-05
3352,2384692-45,0.00019138466,6.719859e-05,-2.0667476e-06
3353,2384692-49,-7.6555174e-05,-0.00012002498,-1.820701e-05
3354,2387035-44,-0.0002375161,-5.3613923e-05,4.1115472e-05
3355,2387035-55,7.170496e-05,7.692415e-05,-1.6101483e-05
3356,2387066-100,0.00017600022,-7.5992146e-05,9.8060125e-05
3357,2387066-101,-0.000119235454,0.00012464706,-1.792155e-05
3358,2387066-44,0.00025667477,5.648894e-05,-0.00015987162
3359,2387066-55,0.00018031202,-7.930332e-05,-3.1081603e-05
3360,2387066-63,-0.0001908512,2.8022194e-05,-1.995953e-05
3361,2387066-70,5.0209215e-05,0.00011593735,2.8998984e-06
3362,2387066-78,-0.00020246174,5.2802832e-05,-4.7868714e-05
3363,2387066-80,-0.0002175488,-9.9062556e-05,-3.4954308e-05
3364,2387066-84,-9.5836585e-05,4.6369103e-05,-0.0001041099
3365,2387066-89,-2.3297252e-06,7.617753e-05,3.0479348e-05
3366,2387066-94,-0.00010816309,3.0501868e-05,5.265823e-05
3367,2387067-33,0.00014226798,-5.6194658e-05,5.453627e-05
3368,2387264-8,-7.3425144e-05,9.560444e-05,-2.7468239e-05
3369,2387266-8,-1.3426514e-05,-9.739768e-06,-5.444169e-05
3370,2387579-19,-6.317423e-06,0.00010554117,7.08324e-05
3371,2387579-27,4.4780747e-05,-5.6541467e-06,1.3649849e-05
3372,2387579-35,-0.00013291644,3.813192e-05,1.246715e-05
3373,2387579-37,-1.4993202e-05,1.3741079e-05,1.9059811e-05
3374,2390639-8,9.132243e-05,1.7038717e-05,4.9318605e-05
3375,2391935-43,-2.352968e-05,8.5297266e-05,-9.627169e-05
3376,2393997-9,-0.00024720852,-2.9310275e-05,-0.00014627987
3377,2395883-53,-0.000167972,-8.840034e-05,-5.4192365e-05
3378,2397925-16,4.497576e-06,2.4218563e-05,-9.629563e-06
3379,2397925-25,-0.000113942995,5.2282652e-05,2.4607034e-05
3380,2398741-64,-3.4081946e-05,6.404605e-05,-6.7365036e-06
3381,2399396-7,8.511203e-06,-3.0234736e-05,-9.058335e-05
3382,2400068-20,0.00024286273,2.9420882e-05,1.2978198e-06
3383,2400068-23,-0.00031300742,9.6355216e-05,-2.50175e-05
3384,2400115-8,1.7294144e-05,-2.6173693e-05,5.898701e-05
3385,2400118-7,-8.746813e-05,-1.0768599e-05,-1.4823332e-05
3386,2404958-8,-6.576273e-05,-0.00010048473,6.447987e-05
3387,2405312-8,-0.00013088359,2.5290945e-05,-9.997486e-05
3388,2407521-8,-4.6598187e-05,1.1814975e-05,6.290067e-05
3389,2407960-8,3.0019219e-06,-3.7572827e-05,-6.5705564e-05
3390,2408125-7,0.00017881021,-9.006607e-05,-0.00014357765
3391,2409076-34,-8.42824e-05,-1.25973165e-05,3.5118865e-06
3392,2409114-8,0.00022666677,1.963399e-07,-4.4241213e-05
3393,2410517-10,0.00019618109,-7.971688e-06,2.4601895e-05
3394,2410669-8,3.538758e-05,-1.2125745e-05,6.1047496e-05
3395,2411730-8,-3.9206105e-05,-9.6975455e-06,-2.9538332e-05
3396,2412712-8,-3.2801778e-05,-1.3951853e-05,0.00011088721
3397,2413230-8,3.1664968e-07,2.1240976e-05,1.7664279e-06
3398,2414224-6,-1.2713688e-05,-2.6405727e-05,-2.0994985e-06
3399,2414600-8,-5.8041696e-05,-0.000112012654,7.824975e-05
3400,2415841-7,-9.838569e-05,-5.939779e-05,-8.423212e-05
3401,259094-121,-0.00012092656,-8.770474e-05,-4.304119e-05
3402,259094-125,-0.00030437837,8.732372e-05,-0.00016030835
3403,259094-129,-5.809006e-05,8.085055e-05,-9.990792e-06
3404,259094-134,-5.6482677e-05,-9.777683e-06,-2.0461313e-05
3405,259094-136,-9.3236784e-05,3.4821183e-05,-6.53842e-05
3406,259094-181,7.805918e-05,5.1716102e-05,5.054431e-05
3407,259094-187,2.1494074e-05,7.769314e-05,1.0661512e-05
3408,259094-190,1.982664e-06,-7.483861e-05,6.467351e-05
3409,345311-248,1.3163859e-05,-1.6965452e-05,-2.1495049e-05
3410,345311-257,-0.00042606363,-9.358117e-05,-6.9150876e-05
3411,345311-270,-6.258163e-05,4.599135e-05,1.9720315e-05
3412,503670-99,-0.00026676885,-8.868241e-05,-6.990069e-05
3413,575585-69,0.00033699666,3.3411892e-05,1.6696573e-05
3414,575585-92,8.556219e-05,-2.9651506e-05,8.1677914e-05
