"","Vote 1","Vote 2","Vote 3","Vote 4","Vote 5","Vote 6","Vote 7","Vote 8","Vote 9","Vote 10","Vote 11","Vote 12","Vote 13","Vote 14","Vote 15","Vote 16","Vote 17","Vote 18","Vote 19","Vote 20","Vote 25","Vote 26","Vote 27","Vote 28","Vote 29","Vote 30","Vote 31","Vote 32","Vote 33","Vote 34","Vote 35","Vote 36","Vote 37","Vote 38","Vote 39","Vote 40","Vote 41","Vote 42","Vote 43","Vote 44","Vote 45","Vote 46","Vote 47","Vote 48","Vote 49","Vote 50","Vote 51","Vote 55","Vote 56","Vote 57","Vote 58","Vote 59","Vote 61","Vote 62","Vote 63","Vote 64","Vote 65","Vote 67","Vote 68","Vote 69","Vote 70","Vote 71","Vote 73","Vote 74","Vote 75","Vote 76","Vote 78","Vote 82","Vote 83","Vote 85","Vote 86","Vote 88","Vote 89","Vote 90","Vote 91","Vote 93","Vote 94","Vote 98","Vote 99","Vote 100","Vote 101","Vote 102","Vote 103","Vote 104","Vote 105","Vote 106","Vote 108","Vote 109","Vote 110","Vote 111","Vote 112","Vote 113","Vote 114","Vote 115","Vote 116","Vote 117","Vote 118","Vote 119","Vote 120","Vote 122","Vote 123","Vote 124","Vote 125","Vote 127","Vote 128","Vote 129","Vote 130","Vote 131","Vote 132","Vote 133","Vote 134","Vote 135","Vote 137","Vote 138","Vote 139","Vote 140","Vote 142","Vote 143","Vote 144","Vote 145","Vote 146","Vote 148","Vote 149","Vote 150","Vote 151","Vote 152","Vote 154","Vote 155","Vote 156","Vote 157","Vote 158","Vote 159","Vote 160","Vote 161","Vote 162","Vote 163","Vote 164","Vote 165","Vote 166","Vote 167","Vote 168","Vote 169","Vote 170","Vote 171","Vote 172","Vote 174","Vote 175","Vote 176","Vote 178","Vote 179","Vote 180","Vote 181","Vote 182","Vote 184","Vote 185","Vote 186","Vote 188","Vote 189","Vote 190","Vote 191","Vote 192","Vote 193","Vote 194","Vote 195","Vote 196","Vote 197","Vote 198","Vote 199","Vote 200","Vote 201","Vote 202","Vote 203","Vote 204","Vote 205","Vote 206","Vote 207","Vote 208","Vote 210","Vote 211","Vote 212","Vote 213","Vote 214","Vote 215","Vote 216","Vote 218","Vote 219","Vote 220","Vote 221","Vote 222","Vote 223","Vote 224","Vote 225","Vote 226","Vote 227","Vote 228","Vote 229","Vote 230","Vote 231","Vote 232","Vote 233","Vote 234","Vote 235","Vote 236","Vote 240","Vote 241","Vote 242","Vote 244","Vote 245","Vote 246","Vote 248","Vote 249","Vote 250","Vote 251","Vote 252","Vote 253","Vote 254","Vote 255","Vote 256","Vote 257","Vote 258","Vote 259","Vote 260","Vote 261","Vote 262","Vote 263","Vote 264","Vote 265","Vote 266","Vote 267","Vote 268","Vote 269","Vote 270","Vote 271","Vote 272","Vote 273","Vote 274","Vote 275","Vote 277","Vote 278","Vote 279","Vote 280","Vote 281","Vote 282","Vote 283","Vote 284","Vote 285","Vote 286","Vote 287","Vote 288","Vote 291","Vote 293","Vote 294","Vote 295","Vote 297","Vote 298","Vote 299","Vote 300","Vote 301","Vote 303","Vote 304","Vote 305","Vote 307","Vote 309","Vote 310","Vote 311","Vote 312","Vote 313","Vote 314","Vote 315","Vote 316","Vote 317","Vote 318","Vote 319","Vote 320","Vote 321","Vote 322","Vote 323","Vote 324","Vote 325","Vote 326","Vote 327","Vote 328","Vote 329","Vote 330","Vote 331","Vote 332","Vote 333","Vote 334","Vote 335","Vote 336","Vote 337","Vote 338","Vote 339","Vote 340","Vote 341","Vote 342","Vote 343","Vote 345","Vote 346","Vote 347","Vote 348","Vote 349","Vote 350","Vote 351","Vote 352","Vote 353","Vote 354","Vote 355","Vote 356","Vote 357","Vote 358","Vote 359","Vote 360","Vote 361","Vote 362","Vote 363","Vote 364","Vote 365","Vote 367","Vote 368","Vote 369","Vote 370","Vote 371","Vote 372","Vote 373","Vote 374","Vote 375","Vote 376","Vote 377","Vote 378","Vote 379","Vote 380","Vote 381","Vote 382","Vote 383","Vote 384","Vote 385","Vote 386","Vote 387","Vote 388","Vote 389","Vote 391","Vote 392","Vote 393","Vote 394","Vote 395","Vote 396","Vote 397","Vote 398","Vote 399","Vote 400","Vote 401","Vote 402","Vote 403","Vote 404","Vote 405","Vote 406","Vote 408","Vote 411","Vote 413","Vote 414","Vote 415","Vote 416","Vote 417","Vote 418","Vote 419","Vote 420","Vote 421","Vote 422","Vote 423","Vote 424","Vote 425","Vote 426","Vote 427","Vote 428","Vote 429","Vote 430","Vote 431","Vote 432","Vote 433","Vote 434","Vote 435","Vote 436","Vote 437","Vote 438","Vote 439","Vote 440","Vote 441","Vote 442","Vote 443","Vote 444","Vote 446","Vote 447","Vote 448","Vote 449","Vote 450","Vote 451","Vote 452","Vote 453","Vote 457","Vote 459","Vote 460","Vote 461","Vote 462","Vote 464","Vote 465","Vote 467","Vote 468","Vote 469","Vote 470","Vote 471","Vote 472","Vote 473","Vote 474","Vote 475","Vote 476","Vote 477","Vote 478","Vote 480","Vote 481","Vote 482","Vote 484","Vote 485","Vote 486","Vote 487","Vote 489","Vote 490","Vote 492","Vote 494","Vote 495","Vote 496","Vote 497","Vote 498","Vote 501","Vote 502","Vote 503","Vote 504","Vote 505","Vote 506","Vote 507","Vote 508","Vote 509","Vote 510","Vote 511","Vote 512","Vote 514","Vote 515","Vote 516","Vote 517","Vote 518","Vote 519","Vote 520","Vote 521","Vote 522","Vote 524","Vote 525","Vote 526","Vote 527","Vote 528","Vote 529","Vote 530","Vote 531","Vote 532","Vote 533","Vote 534","Vote 535","Vote 536","Vote 537","Vote 538","Vote 539","Vote 540","Vote 541","Vote 542","Vote 543","Vote 544","Vote 545","Vote 546","Vote 547","Vote 550","Vote 551","Vote 552","Vote 553","Vote 554","Vote 555","Vote 556","Vote 557","Vote 558","Vote 559","Vote 560","Vote 561","Vote 562","Vote 563","Vote 564","Vote 565","Vote 566","Vote 567","Vote 568","Vote 569","Vote 570","Vote 571","Vote 572","Vote 573","Vote 574","Vote 575","Vote 576","Vote 577","Vote 578","Vote 579","Vote 580","Vote 581","Vote 587","Vote 588","Vote 590","Vote 591","Vote 592","Vote 593","Vote 594","Vote 595","Vote 596"
"JOHNSON (D USA)",9,9,9,9,9,9,9,9,9,9,9,9,9,9,9,9,9,9,6,1,9,1,9,9,9,9,9,9,9,9,9,9,9,9,9,9,9,9,9,6,6,6,9,6,6,1,1,9,9,9,9,6,6,6,6,6,6,6,6,1,6,1,9,6,1,9,1,6,9,9,6,6,9,9,9,6,1,9,6,6,1,9,9,9,1,1,9,9,9,9,9,6,6,9,9,1,9,6,6,6,6,9,9,6,1,9,1,9,9,9,6,1,9,9,6,1,1,6,6,9,9,9,6,6,9,9,1,6,1,6,1,6,1,1,6,1,6,9,6,6,1,6,6,9,9,6,1,1,9,9,9,6,9,9,9,9,9,9,9,9,1,1,1,6,1,9,1,1,9,9,1,9,6,6,6,6,1,9,9,1,9,1,6,1,1,1,9,1,9,9,9,1,6,1,6,1,6,6,6,1,1,9,1,9,6,1,9,1,1,9,9,1,9,1,1,6,9,9,9,9,9,9,6,6,9,9,9,9,9,9,9,9,6,6,9,6,1,9,9,9,6,6,9,6,9,6,9,9,9,9,9,9,9,6,9,9,1,6,1,9,9,9,9,6,1,1,9,1,1,9,1,1,6,1,1,1,1,6,9,6,6,9,6,1,1,1,6,6,6,6,6,6,6,6,6,9,9,1,1,1,1,9,6,6,6,9,6,6,1,9,9,9,9,9,9,9,9,9,9,1,6,1,6,9,9,9,9,9,9,9,6,6,6,1,9,6,1,1,9,9,9,1,9,9,9,6,6,6,9,6,6,6,9,1,1,6,6,9,9,9,9,1,1,9,9,6,1,1,1,1,1,1,1,9,1,1,1,1,1,1,1,1,6,9,6,9,9,6,9,9,9,6,1,9,1,9,9,9,9,9,6,6,9,1,1,9,6,1,6,6,6,6,6,6,6,6,9,6,9,1,1,9,6,9,9,9,9,9,1,6,6,1,6,1,1,6,9,9,1,1,9,9,9,9,9,9,1,6,9,9,9,9,9,1,9,9,9,1,9,1,1,6,6,6,1,9,1,6,9,9,1,1,9,9,1,9,9,9,6,1,6,1,1,9,9,9,1,9,9,9,9,9,9,1,1,1,9,9,1,1,6,6,6,6,6,6,9,9,9,9,1,9,9,9,9,1,1,1,9
"SPARKMAN (D AL)",6,1,6,6,1,6,1,9,1,6,6,1,6,9,9,9,6,6,1,1,1,1,1,1,1,1,1,9,9,9,3,9,9,9,9,9,9,9,9,6,6,6,6,6,6,1,1,1,6,1,6,1,6,1,6,6,1,6,6,6,1,1,1,6,1,6,1,6,1,9,4,4,4,4,4,6,1,6,6,6,1,6,1,6,1,1,6,6,1,6,1,6,1,6,6,1,6,6,4,6,6,6,1,9,6,6,6,1,6,1,6,1,6,0,6,1,6,1,6,1,6,6,6,6,5,6,1,6,1,6,1,6,1,1,6,1,6,6,6,1,1,4,4,4,3,6,1,6,1,6,6,6,1,1,1,1,6,6,6,1,1,1,1,6,1,1,1,1,1,1,1,6,6,1,6,6,1,1,1,1,1,5,6,6,6,6,1,4,6,1,1,1,6,1,6,1,4,4,5,3,3,1,1,1,1,6,1,9,9,6,9,9,3,9,9,6,6,1,9,9,9,9,9,9,9,9,9,9,6,1,6,6,6,6,6,1,1,6,6,6,6,6,2,1,1,1,6,1,1,9,5,9,9,1,6,1,6,1,6,6,1,6,1,1,1,1,9,9,9,1,6,6,1,6,1,6,6,1,1,1,1,1,1,1,6,6,1,1,3,1,1,1,1,1,1,1,6,6,6,6,6,1,6,6,6,6,6,6,1,6,6,6,6,6,1,6,6,1,1,6,6,6,1,6,1,6,9,9,9,9,9,4,9,9,9,9,9,9,6,1,1,1,9,9,9,6,6,6,6,6,6,6,1,6,1,1,1,1,1,6,6,6,6,6,6,1,6,6,6,6,6,6,6,1,6,6,6,6,6,6,6,6,1,6,6,1,6,6,6,1,1,6,1,6,6,6,9,9,9,9,6,6,1,6,1,1,1,1,6,6,6,6,6,6,6,1,1,6,1,2,6,5,9,6,6,1,1,6,1,6,6,1,6,6,6,6,6,6,5,1,1,6,1,1,1,1,6,6,1,1,1,6,1,6,1,1,1,1,6,6,6,6,6,6,6,1,1,6,1,1,6,6,6,6,1,1,1,6,1,6,1,6,6,6,6,6,1,6,6,6,6,6,1,1,1,1,1,1,6,1,6,6,6,6,6,6,1,6,6,1,1,1,6,6,1,1,1,1,1
"HILL (D AL)",6,1,6,6,1,6,1,1,1,1,1,9,9,1,1,1,6,6,1,1,6,1,1,1,1,1,1,6,1,1,1,1,1,6,1,1,6,6,6,1,1,1,1,1,1,6,1,1,1,1,6,1,6,1,6,6,1,6,6,9,9,1,1,6,1,6,6,1,1,4,4,4,4,4,4,6,1,6,6,6,1,6,1,6,6,1,6,6,1,6,1,6,1,6,6,6,6,6,6,6,6,6,1,6,6,6,6,1,6,1,6,1,6,1,6,1,6,1,6,1,6,6,1,1,1,6,1,6,1,6,1,1,6,6,1,1,6,6,1,1,1,6,6,6,1,6,1,6,1,6,6,6,1,1,1,1,6,6,6,1,1,1,6,1,6,1,1,1,1,1,1,6,6,1,6,6,1,1,1,2,3,5,9,9,6,6,1,6,6,1,1,1,6,1,6,1,6,6,6,1,1,9,9,1,1,6,1,6,6,6,1,6,1,6,9,6,6,1,6,6,6,6,6,6,1,6,1,6,6,1,6,6,6,6,6,6,1,9,6,6,6,6,1,1,1,6,6,1,1,1,6,1,6,1,6,1,6,1,6,6,1,4,1,1,1,1,9,3,3,3,6,6,1,6,1,6,6,1,1,1,1,1,1,1,6,6,1,1,1,1,1,1,1,1,1,1,6,6,6,6,6,1,6,6,6,6,6,6,1,6,6,6,6,6,6,6,6,1,1,1,1,6,1,6,1,6,1,6,1,1,1,1,6,6,6,6,6,6,6,1,1,1,9,9,9,9,9,9,9,9,9,9,3,6,6,1,1,1,1,6,6,6,6,6,9,1,6,6,6,6,6,6,6,1,6,6,6,6,6,6,6,6,1,6,6,1,6,6,1,1,1,6,1,6,6,9,9,9,9,6,6,6,1,6,1,1,6,6,6,6,6,9,6,6,6,1,1,6,1,1,6,6,6,1,6,1,1,6,6,6,6,1,6,6,6,6,6,6,6,1,1,6,1,1,1,1,6,6,1,1,9,9,9,6,1,1,1,1,1,6,6,9,1,1,6,1,1,6,1,1,6,6,6,6,1,1,1,6,6,6,1,6,6,6,6,6,1,6,6,6,6,6,1,1,1,1,1,1,6,1,6,6,6,6,6,6,6,6,6,1,1,1,6,1,1,1,1,9,3
"GRUENING (D AK)",6,1,6,9,1,6,1,6,6,6,6,1,1,9,9,9,6,9,1,1,3,5,3,9,3,3,3,4,5,9,9,4,4,4,5,4,4,3,3,1,1,1,6,6,1,6,6,1,1,1,1,6,6,1,6,1,3,6,6,6,1,2,1,6,3,6,2,5,3,1,1,1,1,1,1,1,1,1,9,9,9,9,9,9,6,5,6,6,1,6,1,1,6,6,6,1,9,9,9,9,9,1,1,1,6,6,6,1,6,1,9,9,4,9,9,9,3,3,4,3,6,2,1,6,1,9,6,1,6,1,6,1,6,6,1,6,1,6,1,1,6,1,6,1,6,2,5,3,1,6,6,6,1,1,6,6,1,6,6,1,1,1,1,6,1,1,1,1,1,1,1,6,6,6,6,1,6,6,6,6,1,1,1,6,1,1,6,6,6,1,6,6,1,4,3,5,4,4,4,3,3,6,1,6,9,1,6,1,1,6,1,1,6,6,6,9,9,3,9,4,9,9,6,6,1,6,1,1,1,1,1,1,6,6,6,1,1,6,6,1,6,6,1,1,1,6,6,1,1,1,1,6,1,6,1,6,1,6,1,1,1,6,3,5,2,5,2,3,3,6,1,1,6,1,6,1,1,6,6,1,6,9,6,1,1,1,1,6,1,1,6,6,6,6,6,6,6,1,1,1,6,1,1,6,6,1,6,6,6,6,6,6,6,1,1,1,6,6,6,1,1,1,6,1,6,6,9,1,1,1,6,1,1,1,6,1,5,5,4,3,3,6,5,5,5,1,1,1,1,1,1,1,6,6,1,4,4,3,1,6,6,6,6,6,6,6,3,3,3,3,3,3,3,9,4,2,3,2,3,3,3,2,4,9,4,5,6,6,6,1,1,6,1,1,6,1,9,9,9,6,1,1,6,6,1,6,4,5,2,9,2,2,2,2,2,4,3,9,3,3,6,6,6,4,1,9,9,4,6,1,1,6,6,4,6,6,6,6,6,1,1,1,1,3,3,3,4,4,3,9,9,9,3,3,2,9,9,3,3,2,5,2,2,2,5,2,5,2,5,1,1,1,1,1,1,1,6,1,1,6,1,9,4,4,4,4,4,9,9,9,9,9,9,9,9,9,9,9,5,1,1,1,6,1,1,1,6,1,6,6,4,4,4,9,9,9,3,3,3
"BARTLETT (D AK)",6,1,6,6,1,1,1,6,6,6,1,6,1,1,1,3,1,6,9,1,1,1,1,6,1,1,1,1,6,6,6,4,4,4,4,4,4,3,3,9,6,6,6,6,6,1,1,1,1,1,1,6,9,9,9,1,1,6,6,6,6,1,6,6,1,6,1,6,1,6,6,6,6,6,1,1,6,1,9,9,9,9,9,2,6,6,6,6,1,6,1,6,6,6,6,1,6,6,6,6,6,6,1,6,6,6,6,1,6,1,6,6,6,1,9,9,6,5,6,1,6,1,6,6,1,1,6,1,6,1,1,1,6,6,6,9,6,6,6,1,1,6,1,6,1,1,1,1,1,6,6,1,3,1,9,9,6,6,6,1,1,1,1,6,1,1,3,3,1,1,1,6,6,6,6,2,6,6,6,6,1,1,5,4,5,5,3,4,6,1,1,6,1,6,1,6,6,6,6,1,1,2,1,6,6,1,6,6,1,9,9,9,3,6,6,6,6,1,6,6,1,6,6,6,1,1,1,1,6,1,1,6,6,6,6,1,3,6,6,6,6,6,1,1,1,6,6,1,1,1,2,6,1,6,6,1,1,6,1,1,1,6,1,6,1,5,2,3,3,9,3,6,6,5,1,5,1,6,6,1,6,6,6,1,1,1,1,6,1,1,6,6,6,6,6,6,6,1,1,6,6,6,1,6,6,1,9,9,5,6,6,6,6,1,6,1,1,6,6,1,1,1,6,6,6,1,6,1,3,9,9,9,9,9,9,9,6,6,6,1,1,6,6,6,6,1,1,1,6,6,1,6,1,1,1,1,1,1,1,1,6,6,6,6,6,6,9,9,9,9,9,9,9,5,4,2,3,3,3,3,3,3,4,4,4,9,6,1,1,1,1,6,1,6,6,6,9,6,1,6,5,5,3,5,2,9,4,6,3,4,4,4,4,4,4,4,3,4,3,3,4,4,4,4,4,4,4,4,5,3,3,4,4,9,9,9,9,9,9,3,3,4,3,3,3,2,4,2,3,3,4,4,3,3,3,3,3,3,9,3,5,5,4,4,5,3,2,2,3,3,9,3,3,9,9,3,3,9,9,9,9,9,9,9,9,9,9,9,9,9,9,9,3,3,3,3,3,9,9,9,2,9,9,4,4,4,4,3,4,3,3,3,9,3,3,4,3,3,3
"HAYDEN (D AZ)",6,9,6,1,1,6,1,1,1,6,6,1,6,1,1,1,6,6,1,1,1,1,1,1,1,1,1,9,1,9,6,6,9,9,9,9,6,6,1,6,6,6,6,6,6,1,1,1,6,3,1,9,9,9,9,9,1,6,6,9,9,1,1,6,1,9,1,6,1,6,6,9,9,9,9,6,1,2,9,9,9,9,9,9,6,1,6,6,1,6,1,6,6,6,6,1,6,6,6,6,6,6,9,6,6,6,6,1,9,9,6,1,9,9,6,1,6,9,4,3,6,6,6,6,6,6,1,6,1,6,1,6,1,1,1,1,6,6,6,1,1,6,6,6,1,9,9,1,1,6,6,6,6,1,1,1,6,6,6,1,1,1,1,6,9,1,1,1,1,1,1,6,6,6,6,6,1,6,9,6,6,9,9,9,6,6,1,6,6,1,1,9,6,1,9,1,6,6,6,1,1,6,1,6,6,9,6,1,1,6,1,6,1,6,6,6,6,1,9,6,6,9,6,6,9,9,1,9,9,9,9,9,9,9,9,9,1,9,6,6,6,6,6,6,6,6,6,9,3,9,6,1,9,6,6,1,1,6,1,6,1,6,1,6,1,1,1,1,9,1,6,6,1,4,1,6,6,1,6,9,1,9,9,1,6,9,9,9,9,1,1,1,1,1,9,1,6,9,1,6,6,1,1,6,6,6,6,6,1,6,6,6,6,6,6,6,6,1,1,1,1,9,2,9,6,6,6,6,1,9,1,6,6,6,6,1,6,1,9,9,9,1,9,1,6,6,6,6,9,9,9,9,3,6,6,9,9,1,9,6,6,6,1,6,9,6,6,6,6,6,6,6,6,9,6,9,6,6,6,9,6,9,6,6,6,1,9,6,1,1,1,1,9,9,9,6,9,9,9,6,9,9,9,9,1,1,6,1,6,6,6,6,6,9,9,1,1,6,1,1,6,6,6,6,9,1,9,9,1,9,6,9,9,9,6,6,6,9,6,1,1,6,1,1,1,1,6,9,9,9,9,9,9,2,9,9,9,1,9,1,9,9,6,6,9,9,9,6,9,1,9,1,6,9,9,9,6,6,9,9,9,1,1,9,9,9,6,6,9,9,9,9,9,9,9,9,9,9,1,9,6,6,9,9,9,9,9,9,9,9,9,9,9,9,1,9,9,1,1
"FANNIN (R AZ)",6,1,6,1,3,6,1,1,6,1,1,6,1,3,3,3,4,4,5,6,4,3,3,3,3,3,3,1,6,1,6,6,6,6,6,1,1,1,1,1,1,1,1,1,1,6,3,1,6,1,6,1,6,1,4,6,6,6,6,6,1,6,1,1,6,6,6,1,1,6,6,6,6,6,6,1,6,1,6,6,1,6,1,6,6,1,6,6,1,6,1,1,1,1,1,6,6,6,6,1,6,1,1,6,6,6,6,1,1,6,6,1,1,6,1,6,9,1,6,1,6,6,1,3,3,9,2,2,1,6,1,1,1,6,1,6,1,1,1,1,6,6,6,6,1,1,6,9,1,1,6,6,1,3,3,3,1,1,1,6,6,6,6,1,6,1,6,6,1,1,1,1,1,1,6,6,1,1,1,1,1,6,4,4,4,4,3,6,1,1,1,1,6,1,6,1,1,1,1,6,6,6,1,1,1,6,1,6,6,1,6,6,1,1,1,6,4,6,6,6,1,6,1,1,1,1,6,6,6,6,6,6,1,1,1,1,1,1,6,1,6,6,6,1,1,1,1,1,1,4,6,1,6,1,6,6,6,1,1,6,1,1,1,1,1,1,5,1,1,1,6,6,1,6,1,6,6,1,1,1,1,1,1,1,6,6,1,6,1,1,6,1,1,6,1,1,6,5,6,6,1,6,1,1,1,1,1,1,6,6,1,1,6,6,1,1,4,3,1,6,1,6,1,6,1,6,3,4,3,4,4,2,4,4,5,3,1,1,1,1,1,4,3,3,4,4,4,4,4,4,4,2,3,4,4,5,5,6,1,6,6,6,6,6,6,1,6,6,6,6,6,6,6,1,6,6,6,6,6,6,6,6,1,1,1,1,3,3,2,3,3,4,3,4,4,2,1,1,1,1,6,6,1,6,6,1,6,1,6,6,6,6,6,6,6,1,1,6,6,1,6,4,1,1,6,1,1,6,6,6,6,6,1,1,1,1,6,6,6,6,1,1,1,6,1,6,4,1,1,6,6,1,1,6,1,1,6,6,1,6,6,6,1,1,6,6,6,6,1,1,1,6,6,6,1,6,6,6,1,6,1,6,6,6,6,6,6,1,1,1,6,6,6,3,5,4,2,2,6,3,5,4,4,4,4,4,3,4,4,3,5,5,6,1,1,6,6,6,1
"FULBRIGHT (D AR)",6,1,6,9,1,6,1,6,9,9,9,9,9,9,9,9,9,6,1,9,1,1,1,1,1,1,1,6,1,6,1,1,6,6,1,1,6,1,6,6,6,6,6,6,6,1,1,1,6,1,1,1,9,9,1,6,1,6,6,6,1,9,1,1,1,6,6,1,1,9,9,9,9,9,9,1,6,6,6,6,1,6,1,1,6,6,6,6,1,6,1,1,1,6,1,6,1,1,1,6,6,1,1,6,6,6,6,1,6,1,9,9,9,1,6,6,1,1,6,1,5,9,9,9,6,6,6,1,6,1,6,6,6,6,6,6,6,6,6,1,1,1,1,1,1,6,1,1,1,6,6,6,1,1,1,6,1,6,6,1,1,1,1,6,1,1,1,9,1,3,9,9,9,6,6,6,1,6,6,6,1,1,2,4,2,2,5,6,6,1,1,6,1,9,9,9,9,9,9,9,9,1,6,6,1,1,1,9,9,9,9,9,9,6,6,6,9,6,6,6,1,6,6,6,1,6,1,1,6,6,6,6,6,6,6,1,1,9,9,9,9,9,1,6,1,6,6,1,1,1,5,2,5,9,4,1,1,1,3,9,9,1,1,6,1,1,1,1,1,1,6,6,1,6,1,6,6,1,1,1,1,1,1,1,6,6,1,1,1,1,1,1,1,6,1,1,6,6,6,3,6,9,9,9,9,9,9,9,5,9,9,9,6,1,6,1,6,1,1,1,1,1,6,1,6,9,9,5,3,9,9,9,9,9,9,9,6,6,6,6,6,6,9,6,9,1,1,1,1,1,1,1,1,6,6,6,1,1,9,9,9,4,5,5,4,4,6,6,6,1,6,1,1,9,6,9,6,6,6,6,1,1,6,6,6,1,6,6,9,1,1,6,1,6,6,6,9,9,9,9,9,9,9,9,9,9,9,9,3,9,9,9,9,9,9,9,9,9,9,9,9,9,9,9,9,9,9,9,9,9,9,9,9,9,9,4,5,5,9,3,9,9,9,9,9,9,9,9,2,9,9,9,3,3,9,9,9,9,9,9,9,9,9,9,9,9,5,9,9,3,9,9,9,9,9,9,9,9,2,5,2,4,4,4,4,4,4,9,9,9,9,9,3,3,3,2,3,9,6,1,1,9,9,9,9,9,9,9,9,9,9,9,5,9,3,4,3,9,9
"MCCLELLAN (D AR)",6,1,6,6,1,6,1,1,1,6,1,1,9,1,1,1,6,6,1,9,6,1,1,1,1,1,1,1,6,6,1,6,1,1,6,1,1,1,1,1,1,2,1,1,1,6,1,1,6,1,6,1,6,6,6,6,1,6,6,6,1,5,1,1,1,6,6,1,1,6,6,6,6,6,6,2,5,6,6,6,1,5,2,5,6,1,6,6,1,6,1,1,1,6,2,1,9,6,6,6,6,6,1,6,6,6,6,1,1,1,6,1,1,1,6,1,6,6,6,1,6,1,1,1,6,6,6,1,6,1,1,1,6,6,1,6,1,6,1,1,6,6,6,6,1,1,6,5,1,6,6,6,1,1,3,9,6,6,9,3,1,1,6,1,6,1,1,1,1,1,1,6,6,1,6,6,1,1,1,1,1,6,6,6,6,6,1,9,6,1,1,1,6,1,6,1,6,6,1,6,1,1,6,1,1,6,1,6,6,5,9,9,3,1,1,6,6,9,6,6,1,6,1,1,1,1,6,6,6,6,9,9,9,9,9,9,1,1,1,1,6,6,6,6,1,6,1,1,1,1,6,1,6,1,6,6,6,1,1,6,1,6,1,1,6,1,6,6,1,1,6,6,1,6,1,6,6,1,1,1,1,1,1,1,6,6,1,1,1,1,1,1,1,6,1,1,6,6,6,6,6,6,1,9,9,9,9,9,9,9,9,9,6,6,1,1,6,1,1,6,6,6,1,6,1,6,1,2,9,9,9,9,9,9,9,9,1,1,1,1,6,9,9,9,9,6,6,6,6,6,6,1,1,6,6,1,1,6,1,6,6,6,6,6,6,6,6,6,6,6,6,6,6,1,6,6,6,6,6,6,1,6,6,6,6,1,1,1,9,9,9,1,9,6,6,6,1,1,1,6,6,6,9,1,1,1,6,1,6,6,6,6,6,6,6,1,1,6,1,1,6,6,1,9,9,1,1,6,6,6,6,1,1,6,6,6,6,6,6,1,1,6,1,1,1,1,1,6,1,1,1,6,1,6,1,1,1,1,1,6,9,1,1,1,6,1,6,6,1,1,6,6,6,6,6,6,1,6,1,6,1,6,6,6,6,6,6,6,6,6,6,1,9,1,6,1,1,1,6,9,6,6,6,9,9,4,4,9,4,3,9,9,6,6,1,6,1,6,1
"KUCHEL (R CA)",1,6,1,1,1,6,1,6,6,6,6,6,9,1,6,1,9,4,2,4,1,1,6,1,1,6,1,1,6,1,6,6,6,6,6,1,6,1,1,6,6,6,6,6,6,1,1,9,9,1,6,1,6,1,6,6,6,6,6,6,1,6,3,3,1,1,6,1,1,6,6,6,6,6,6,6,1,1,6,6,1,6,1,6,6,1,6,6,1,6,1,6,6,6,6,1,1,6,6,1,6,1,1,6,6,6,6,1,1,6,6,1,1,1,1,9,2,9,5,2,1,6,1,6,1,1,1,6,1,6,1,6,1,1,6,6,6,1,6,1,1,6,6,6,1,6,1,1,1,6,1,6,1,1,1,6,4,4,5,3,4,3,2,5,2,2,4,4,3,3,3,3,9,6,6,1,1,1,1,6,1,1,6,6,6,6,1,6,6,1,6,1,6,3,4,3,5,2,3,2,2,6,1,3,5,3,5,9,4,1,6,1,1,1,1,6,6,1,1,6,1,1,1,1,1,1,6,1,1,1,6,1,1,1,1,6,1,1,6,1,6,6,1,1,1,1,5,3,2,4,1,6,1,6,6,1,1,6,1,4,3,2,3,5,3,9,2,3,3,1,2,1,6,1,3,1,1,6,6,1,6,6,1,1,1,1,1,6,1,6,6,6,6,6,6,6,1,1,2,2,5,9,4,4,4,2,2,4,2,5,5,5,2,2,3,3,4,5,6,6,6,1,6,6,1,6,6,1,1,6,6,1,6,6,1,6,1,1,6,1,1,6,5,5,4,5,4,4,5,4,2,5,3,9,9,5,5,5,2,9,2,2,2,2,2,5,2,5,3,3,3,3,3,5,4,4,5,4,4,4,4,4,3,9,5,3,2,3,5,2,3,4,3,4,4,5,3,3,3,2,6,6,1,6,1,6,6,1,6,6,6,6,6,6,6,6,1,6,6,1,9,9,1,1,6,1,6,6,1,6,6,1,6,6,6,1,6,6,6,1,1,6,1,1,1,6,1,1,3,4,4,5,3,1,6,1,1,1,6,6,1,6,1,6,6,6,1,6,1,3,3,2,2,2,3,4,5,4,6,1,2,1,1,1,1,6,1,6,6,6,6,6,4,3,4,4,4,4,1,6,6,6,6,6,6,6,1,1,6,1,1,1,6,1,1,6,2,2,3
"MURPHY (R CA)",6,1,6,1,1,6,1,1,6,6,1,1,1,6,1,3,6,6,6,4,6,1,1,1,1,1,1,3,4,3,4,6,6,6,6,1,1,1,1,1,1,1,1,1,1,6,3,1,6,1,6,1,4,3,2,4,9,4,5,4,3,5,3,3,3,3,5,1,1,5,5,4,4,4,4,1,6,1,6,6,1,6,1,6,5,1,6,1,1,1,1,3,3,3,3,5,3,4,4,3,3,1,1,6,6,6,6,1,3,4,6,1,1,1,1,6,6,6,1,1,1,6,1,1,2,2,1,6,1,6,1,1,1,6,1,6,1,1,1,1,6,6,6,6,1,1,1,3,3,2,6,6,1,1,1,6,6,1,1,6,4,9,6,1,1,1,6,6,1,3,1,1,1,1,6,6,1,1,1,1,1,6,6,6,5,5,3,6,1,1,1,1,6,3,4,3,1,1,1,6,6,6,1,3,2,3,2,4,4,2,5,1,1,3,3,4,4,4,2,4,3,9,3,3,3,3,4,2,4,2,4,6,3,3,2,2,3,1,1,1,6,6,1,1,1,6,1,1,1,6,1,1,6,6,6,6,2,1,1,6,1,1,1,1,1,3,3,3,3,3,5,6,2,6,1,6,6,1,1,1,1,1,1,1,6,6,1,6,1,1,6,1,6,6,1,1,6,1,1,1,1,1,1,1,1,1,1,1,6,5,2,2,6,3,4,3,1,1,6,6,9,1,1,6,1,6,1,1,1,6,6,1,6,6,1,6,1,1,6,1,1,5,5,5,2,4,4,4,5,4,4,9,3,6,6,1,1,6,3,6,1,6,6,6,6,1,6,6,6,6,6,6,6,1,6,6,6,6,6,6,6,6,1,1,1,1,3,3,5,3,3,4,3,4,4,3,3,3,3,1,6,6,1,6,6,1,6,1,6,6,6,6,6,6,6,1,1,6,6,1,6,6,1,1,4,1,1,6,6,6,4,2,2,3,3,3,5,5,4,5,5,3,3,6,1,6,1,1,5,4,4,3,5,6,1,1,6,6,1,6,6,6,2,2,4,5,5,4,3,1,1,6,1,1,1,6,6,6,1,6,1,6,6,6,6,1,1,3,3,3,9,4,4,1,6,6,6,6,6,3,4,4,4,4,4,4,3,4,4,3,5,5,6,1,3,4,4,5,3
"DOMINICK (R CO)",6,1,1,1,1,6,3,3,6,6,1,6,1,6,1,3,4,4,5,6,6,1,3,3,3,2,3,5,2,1,6,6,6,6,6,1,1,1,1,4,2,6,6,1,1,1,1,6,6,1,6,1,6,1,6,6,1,6,6,6,1,6,6,1,5,5,6,1,1,6,6,6,6,6,6,5,2,1,6,6,1,5,3,3,6,1,6,6,1,1,1,2,2,3,2,5,1,1,1,1,1,6,1,1,6,6,6,1,1,6,6,1,1,9,1,6,6,6,1,1,1,1,1,3,2,2,1,6,1,6,1,1,6,6,1,6,6,1,1,1,1,4,4,4,3,2,3,1,3,5,4,4,3,3,3,2,6,1,1,6,6,6,5,2,5,5,4,4,3,1,1,1,1,1,6,6,1,1,1,6,1,6,6,6,6,6,1,6,1,1,1,1,1,1,6,1,1,1,1,6,6,6,1,1,1,1,6,6,6,5,5,6,1,1,1,4,4,5,6,6,1,6,1,1,1,1,6,6,6,1,6,6,1,1,1,1,1,1,1,1,6,1,1,1,1,6,1,6,1,4,6,1,6,6,6,1,6,2,3,4,3,3,1,1,1,1,1,1,1,3,1,1,6,1,1,1,1,6,6,1,6,1,1,1,1,1,1,6,1,6,6,6,6,6,6,6,6,1,1,6,1,6,1,1,1,1,1,1,6,1,6,1,6,6,1,1,4,3,1,6,1,6,1,6,1,6,1,1,1,6,6,1,6,6,1,1,1,1,1,1,6,6,2,2,4,6,6,6,2,4,5,5,3,5,5,9,9,6,1,6,1,6,6,6,1,1,6,6,6,1,6,1,1,1,6,6,6,1,6,6,6,6,1,1,1,1,3,1,6,1,1,6,1,6,6,1,1,1,1,5,6,1,1,1,6,1,6,3,6,6,6,1,6,6,6,6,1,6,6,6,6,6,1,1,6,1,1,6,6,6,6,6,1,2,6,2,5,2,5,2,2,2,3,3,3,6,1,5,2,4,4,2,2,6,1,1,6,6,1,6,6,1,1,1,6,6,1,6,1,3,2,5,9,9,3,4,2,5,1,6,1,6,6,6,6,6,1,2,1,1,6,6,6,1,6,6,1,9,1,1,6,6,6,6,6,6,1,1,1,1,2,2,4,3,3,4,2,2,3
"ALLOTT (R CO)",6,1,1,9,3,4,1,1,6,6,6,1,1,1,1,1,4,6,6,6,6,1,3,3,3,2,2,3,4,3,4,6,6,6,6,1,1,1,1,6,6,6,6,1,1,1,1,6,6,1,6,1,6,1,6,6,6,6,6,6,1,6,1,1,6,1,6,1,1,6,6,6,6,6,6,6,1,1,6,6,1,6,1,1,6,1,6,6,1,1,1,1,1,1,1,6,6,6,6,1,1,6,1,2,6,6,6,1,1,6,6,1,1,1,1,6,6,6,6,1,1,1,1,1,1,6,1,6,1,6,1,1,6,5,2,5,4,2,2,3,3,6,6,6,1,1,1,1,1,6,6,6,1,1,1,1,6,6,6,1,6,1,6,1,6,6,6,6,1,1,1,1,1,1,6,6,1,1,1,1,1,1,6,6,6,6,1,6,6,1,1,1,6,1,6,1,1,1,1,6,6,6,1,3,2,5,5,4,4,6,6,6,1,1,1,6,6,6,6,6,1,6,1,6,1,1,6,6,6,1,6,6,1,1,1,1,1,1,6,1,6,2,6,1,1,6,1,6,1,6,4,3,4,4,4,2,2,2,3,9,9,9,3,5,3,3,3,3,3,1,1,1,1,1,1,1,1,1,6,1,1,1,1,1,1,1,1,6,1,6,6,6,6,6,4,6,6,1,1,6,1,6,1,1,1,1,1,1,6,9,9,9,6,6,1,1,6,1,1,6,6,6,1,6,1,6,1,1,1,6,6,1,6,6,1,1,1,1,1,1,6,6,2,2,4,4,4,4,2,4,4,5,3,6,6,9,9,6,1,6,6,6,6,6,9,1,6,6,6,1,6,1,1,1,6,6,6,6,6,6,6,6,1,1,1,1,1,1,6,1,1,5,1,6,6,6,1,1,1,6,6,6,1,1,6,1,6,1,6,6,4,9,4,4,4,1,1,6,6,2,6,6,1,3,4,1,1,6,6,6,6,1,1,6,1,1,6,2,6,1,1,1,1,1,1,6,1,1,1,6,6,1,1,6,1,1,6,6,1,6,6,1,1,1,6,6,1,5,1,9,9,9,9,9,9,9,1,6,1,6,1,6,6,6,6,6,1,1,1,1,6,6,6,1,6,6,1,1,6,1,6,6,6,6,6,6,1,1,6,1,1,1,6,1,1,6,1,6,1
"DODD (D CT)",1,6,1,6,1,1,1,6,1,6,1,1,6,6,6,9,9,6,1,1,1,1,1,1,1,1,6,4,2,3,2,6,6,6,6,1,6,1,1,1,1,3,2,2,2,6,3,1,1,1,1,6,9,1,1,2,9,1,1,1,6,1,1,6,1,4,1,6,1,9,9,9,9,9,9,9,9,1,9,1,1,1,6,1,1,6,9,9,6,9,6,6,6,6,6,1,6,6,6,6,1,1,1,2,4,4,4,3,9,9,6,1,6,9,6,1,1,1,6,1,9,9,1,1,1,9,1,6,1,9,3,4,3,3,5,3,4,9,9,5,3,6,1,4,3,6,1,1,3,4,1,1,1,1,1,1,6,6,6,1,1,1,1,6,1,1,1,1,1,3,1,9,6,6,1,6,2,6,6,6,3,2,9,9,9,9,9,9,1,1,1,1,6,9,9,9,9,9,9,9,9,9,9,9,9,9,4,9,9,9,9,9,9,9,9,9,9,9,9,9,9,9,9,9,9,9,9,9,9,9,9,9,9,9,9,9,3,9,4,3,4,4,9,3,3,3,4,3,3,9,9,9,9,6,6,3,1,9,3,9,9,9,3,9,9,3,3,3,3,1,1,1,6,1,1,1,1,6,6,1,6,1,1,1,6,6,1,1,1,6,6,6,6,6,6,6,6,1,1,1,6,1,6,6,6,6,6,6,1,6,6,6,1,1,1,1,1,1,6,1,6,6,1,1,6,6,6,1,1,1,6,1,6,6,6,6,1,1,1,1,1,9,4,4,9,5,5,5,1,6,6,6,1,6,6,1,1,1,1,1,1,1,1,1,6,6,6,6,6,1,1,1,1,6,1,1,2,3,2,3,9,1,6,6,6,1,1,1,9,9,9,9,9,9,9,9,9,6,1,9,5,6,1,6,5,4,6,2,6,6,6,6,6,6,6,1,1,6,1,3,4,6,6,6,6,6,6,6,1,6,6,1,6,6,6,1,6,6,1,1,1,4,3,1,1,1,6,6,1,1,1,9,9,1,1,1,1,6,1,6,6,6,6,6,6,1,1,6,1,1,6,1,6,6,1,1,6,6,6,1,6,1,1,1,1,6,1,6,6,6,6,1,1,1,1,1,1,6,6,1,6,6,6,6,6,6,6,1,6,1,1,1,1,6,1,6,1,1,1
"RIBICOFF (D CT)",1,6,1,9,9,9,9,6,1,6,1,1,6,6,6,6,9,6,3,2,1,1,1,1,1,6,1,6,1,1,6,6,6,6,6,1,6,1,1,6,6,6,6,6,6,1,3,1,6,3,1,6,6,1,1,1,1,6,6,2,5,1,6,6,1,6,1,6,1,6,6,6,6,6,6,1,6,4,1,1,1,1,6,1,3,1,1,1,6,1,6,6,6,6,6,1,1,6,6,6,6,9,3,1,1,1,1,6,6,1,6,1,6,1,6,1,1,1,6,1,6,6,1,1,2,9,6,1,6,1,1,1,6,1,1,6,6,6,6,1,1,6,6,6,1,1,1,1,1,6,1,1,1,1,1,1,6,6,6,1,1,1,1,6,1,1,1,1,1,3,1,6,6,6,1,1,6,6,6,6,1,1,1,6,1,1,1,9,1,1,1,2,6,1,6,1,6,1,6,1,1,1,1,6,6,1,6,2,9,6,9,1,1,6,6,6,6,3,1,6,1,1,6,6,1,6,1,1,1,1,1,6,6,6,6,1,1,1,1,1,6,1,6,1,1,6,1,1,1,1,2,4,2,5,9,9,3,5,3,9,3,9,3,4,3,3,9,3,3,3,2,1,6,1,1,1,1,6,6,1,6,5,9,2,1,1,1,1,1,6,6,6,6,6,6,6,6,1,1,2,5,5,6,6,6,6,1,6,1,6,4,4,1,1,6,6,6,6,5,3,4,6,1,6,1,6,1,1,1,6,6,1,6,1,1,6,6,6,6,1,1,6,5,5,2,5,5,6,1,6,6,1,1,1,1,4,5,6,2,2,2,1,1,1,1,6,6,6,6,1,6,1,1,6,1,1,1,1,1,1,1,1,6,6,6,1,4,5,5,3,9,6,1,1,6,1,3,9,9,1,3,3,9,6,1,6,6,5,2,9,6,1,1,6,6,6,1,6,1,9,4,4,6,6,1,6,6,6,6,1,6,6,6,1,1,1,1,1,6,6,6,6,1,1,1,1,6,6,1,6,6,6,1,1,1,1,1,1,1,6,6,1,1,6,6,1,1,1,1,1,1,1,1,1,1,9,6,6,5,1,6,1,1,1,1,6,1,9,9,9,9,3,5,3,3,5,3,5,1,3,9,9,9,9,9,9,9,9,9,9,9,9,2,2,3,4,5,3,3
"BOGGS (R DE)",6,1,1,1,1,6,1,1,1,6,6,1,6,6,1,1,6,6,1,6,1,1,1,1,1,1,1,1,6,1,6,6,6,6,6,1,6,1,1,6,6,6,6,6,6,1,1,1,6,1,6,1,6,1,6,6,6,6,6,1,6,6,1,1,2,6,6,1,1,6,6,6,6,6,6,1,6,6,6,6,1,1,6,1,1,1,6,6,1,6,1,1,1,1,1,1,1,1,1,6,6,6,1,6,6,1,1,1,1,6,6,1,1,6,1,6,6,6,6,1,6,6,6,1,1,1,1,6,1,6,1,1,1,6,1,6,1,1,1,6,1,6,6,6,1,1,1,1,1,1,1,6,1,1,1,1,6,6,1,1,6,6,1,6,1,1,6,6,1,1,1,1,1,1,6,1,1,1,6,1,1,1,6,6,9,9,3,1,1,1,1,1,1,1,6,1,1,1,1,6,1,1,1,1,1,1,6,1,6,6,6,1,1,1,1,6,6,1,6,6,1,6,1,1,1,1,6,1,6,6,6,6,1,1,1,1,1,1,6,1,6,6,6,1,1,1,6,1,1,6,1,6,1,6,6,3,1,1,1,6,1,6,1,6,1,1,1,1,1,1,1,1,6,1,1,1,1,6,6,1,6,1,1,1,1,1,6,6,1,6,6,6,6,6,6,6,1,1,1,6,1,6,1,6,6,6,6,6,1,2,1,1,1,1,6,6,6,6,1,6,6,1,6,6,1,6,6,1,1,6,6,1,6,6,1,6,1,1,2,3,5,6,1,1,6,6,6,1,1,6,6,1,1,6,6,2,2,5,1,1,1,6,6,6,6,1,1,1,6,1,6,1,1,1,6,6,6,4,6,6,6,6,1,6,1,1,6,1,6,1,1,6,1,1,1,1,1,1,1,1,3,3,3,1,1,1,6,1,6,6,6,6,6,1,6,6,1,6,6,3,1,6,1,1,6,1,1,1,6,1,1,6,6,1,1,1,1,1,6,6,6,3,3,1,1,6,1,1,1,6,6,1,1,1,1,6,6,6,6,6,6,6,1,1,6,6,1,6,1,1,1,6,6,6,1,6,6,1,6,1,6,6,6,1,6,6,1,1,1,1,6,1,6,1,6,6,6,1,6,6,6,6,6,6,6,6,1,1,1,1,1,1,1,1,1,6,6,6,1
"WILLIAMS (R DE)",6,1,6,1,1,6,1,9,1,6,6,6,1,6,6,1,1,1,1,6,9,3,1,1,1,1,1,1,6,1,6,1,1,1,1,1,6,1,1,1,1,1,1,6,1,6,1,1,6,1,6,1,6,6,6,6,6,6,6,1,6,6,1,1,5,1,6,1,1,4,6,6,6,6,6,1,6,6,6,6,1,1,6,1,6,1,6,6,1,6,1,1,1,1,1,6,1,1,1,6,1,6,1,6,6,1,1,6,1,6,6,1,1,6,1,6,6,6,1,6,6,1,1,1,1,6,6,1,6,1,6,1,6,6,1,6,1,6,1,1,6,6,1,6,1,3,6,1,1,1,1,1,1,1,1,1,1,1,1,6,6,6,6,1,6,6,6,6,6,1,1,1,1,1,6,6,1,1,1,1,1,6,1,6,1,1,1,1,1,6,1,1,1,1,6,1,1,1,1,6,6,1,1,1,1,6,6,1,6,6,6,6,1,1,1,1,6,6,6,6,1,6,1,1,6,1,6,6,6,6,6,6,1,6,1,6,6,1,1,1,1,1,6,6,6,6,1,6,6,6,6,1,6,1,6,6,6,1,1,6,1,2,6,1,6,1,6,1,1,3,6,6,1,6,1,6,6,1,1,1,1,1,1,6,6,6,1,9,9,1,6,1,1,6,1,1,6,6,6,6,1,6,1,1,1,1,1,1,6,1,1,1,1,1,6,6,6,6,1,6,6,6,6,6,1,6,6,1,1,6,6,1,6,6,1,6,1,1,1,1,6,1,1,1,6,1,6,1,6,6,6,1,1,6,6,1,1,6,1,6,6,1,6,1,1,6,6,6,6,6,6,6,6,1,6,6,6,6,6,6,6,6,1,6,1,1,1,1,1,1,1,6,1,1,1,6,1,1,1,1,1,1,1,1,6,1,1,1,1,6,1,6,6,1,6,6,1,6,1,1,1,1,1,1,6,1,1,1,6,1,1,6,1,1,1,1,1,1,6,6,6,1,6,6,6,6,1,1,6,6,6,1,6,1,6,6,6,6,1,6,6,1,1,1,6,1,6,6,1,6,6,6,6,6,6,6,2,1,6,1,1,6,6,1,6,6,1,1,1,1,6,1,6,1,6,6,6,1,6,6,6,6,6,6,6,6,6,1,1,1,6,6,1,1,1,1,6,6,6
"SMATHERS (D FL)",6,1,6,3,2,4,1,3,9,9,9,9,9,2,2,1,4,4,1,3,1,1,1,9,9,1,1,4,1,1,6,1,6,1,1,6,1,9,1,9,9,6,9,6,1,1,1,3,3,1,1,6,6,6,6,4,4,4,4,2,9,1,3,5,3,6,1,6,1,4,4,4,4,4,4,5,3,6,6,6,1,6,1,6,1,6,1,1,1,1,1,6,6,6,6,1,9,6,9,4,9,4,3,6,4,4,4,3,9,9,6,1,9,1,4,9,6,9,9,1,9,1,6,9,9,9,6,1,6,1,9,9,9,9,9,9,9,9,9,9,9,4,4,4,3,6,3,5,1,4,6,6,1,9,3,9,4,4,4,3,3,3,9,9,9,9,3,3,3,3,9,9,4,6,1,6,1,1,6,1,1,1,5,9,6,5,3,4,1,1,1,1,6,1,6,1,6,6,6,1,1,1,1,1,1,6,1,6,9,4,3,5,3,9,9,4,4,5,4,6,6,5,5,6,6,6,1,6,6,9,5,4,4,4,6,6,1,9,9,6,6,6,6,6,6,6,6,3,1,1,6,1,6,1,6,1,6,2,1,6,1,6,1,4,3,1,3,3,1,9,6,5,2,5,3,5,6,1,9,3,1,1,1,1,6,6,1,1,3,1,2,2,2,9,2,2,9,5,6,9,4,9,6,6,6,6,9,6,1,9,9,9,6,6,9,1,6,1,6,6,6,2,5,6,3,6,6,1,1,6,6,6,6,6,6,6,1,1,1,1,3,9,9,1,6,9,9,9,9,9,9,9,3,9,9,9,1,1,9,9,9,1,1,2,1,6,6,6,6,5,6,9,9,9,9,9,4,4,4,4,3,5,4,9,4,3,2,2,2,3,9,4,3,9,9,6,1,1,1,9,9,9,9,1,3,9,9,1,6,9,1,9,9,1,1,1,3,4,3,1,4,9,9,6,9,9,1,9,1,6,1,9,9,1,1,1,9,9,9,9,9,9,3,9,9,6,1,9,6,6,9,9,9,9,9,9,9,9,9,9,9,9,9,9,9,9,9,6,1,3,9,9,4,4,3,9,9,9,3,2,4,5,1,1,1,4,1,6,6,6,6,6,6,3,9,9,9,9,9,9,5,4,4,9,6,6,9,1,6,3,9,9,2,9,9,1,6,6,1
"HOLLAND (D FL)",6,1,6,1,1,6,1,1,1,6,6,1,6,1,1,1,6,6,6,5,1,1,1,1,1,1,1,1,6,1,6,6,1,1,1,6,6,1,1,1,6,6,6,1,1,6,1,1,1,1,1,6,6,6,6,6,6,6,6,1,6,1,1,6,1,6,1,6,1,6,6,6,6,6,6,6,1,6,6,6,1,6,1,6,6,1,6,6,1,1,1,1,1,6,1,6,6,6,6,6,1,6,1,6,6,6,6,1,1,6,6,1,1,1,6,1,6,6,6,1,6,1,6,1,1,6,6,1,6,1,6,1,6,6,6,6,6,6,6,6,1,6,6,6,1,1,1,6,1,6,6,6,1,1,1,1,6,6,6,1,1,1,6,1,6,6,1,1,1,1,1,6,1,1,6,6,1,1,1,1,1,6,1,6,6,6,1,6,6,1,1,1,6,1,6,1,6,6,6,1,1,6,1,1,1,6,1,1,6,6,1,6,1,1,1,6,6,6,5,4,5,5,2,2,2,2,5,5,4,5,5,6,1,6,6,6,6,9,6,6,6,6,6,6,6,6,6,1,1,1,6,1,6,1,6,1,6,1,1,6,1,6,1,6,1,1,1,1,6,1,6,6,1,6,1,6,6,1,1,1,1,1,1,1,6,6,1,1,1,1,1,1,1,1,1,1,6,6,6,6,6,1,6,6,6,6,6,6,1,4,4,4,5,5,3,3,4,2,6,1,6,6,1,6,1,6,6,1,1,1,6,6,6,6,6,6,1,1,6,6,1,1,1,1,6,1,6,6,6,6,1,1,1,6,6,1,1,1,1,6,6,6,6,6,6,6,6,6,6,6,6,6,6,1,6,6,6,6,6,6,1,6,6,1,6,1,1,1,1,1,1,1,6,6,6,6,1,6,1,6,6,6,1,1,1,1,1,1,6,6,6,6,6,6,6,1,1,6,1,1,6,6,1,6,6,1,1,6,6,6,6,1,1,1,1,1,6,6,6,6,1,6,1,1,1,6,1,1,6,6,6,6,6,6,1,1,1,1,6,6,6,6,6,6,6,1,1,6,1,3,5,5,5,4,3,6,6,6,6,6,1,6,6,6,6,6,1,6,6,6,6,6,6,1,6,1,6,1,6,1,6,6,6,6,6,6,1,6,6,1,1,1,6,6,1,1,1,1,1
"RUSSELL (D GA)",6,1,6,6,1,6,1,1,1,1,1,9,9,9,9,9,1,6,6,6,6,1,1,1,1,1,1,9,9,6,6,1,1,9,9,9,6,6,6,1,1,1,1,1,1,6,1,9,9,1,1,9,6,1,6,9,9,9,6,6,1,5,1,1,1,6,6,1,1,6,6,6,6,6,6,6,1,6,6,6,1,6,1,6,6,1,9,9,9,9,9,1,2,4,1,6,6,1,1,9,9,6,6,6,6,6,6,1,9,9,6,1,1,9,9,9,6,6,6,1,9,9,9,9,9,9,9,9,9,9,9,9,9,9,2,9,2,9,2,9,9,4,4,4,3,9,9,5,9,9,9,9,9,6,1,1,9,9,9,1,6,6,6,1,6,4,6,6,9,1,1,6,9,9,9,5,2,9,9,2,3,5,9,9,9,9,9,9,9,9,9,9,9,1,6,1,1,1,1,6,1,1,6,1,1,5,1,1,6,4,6,6,1,1,1,6,6,9,9,6,1,6,9,6,1,6,1,6,6,6,6,6,9,9,9,9,1,9,1,6,9,1,6,6,6,6,9,1,1,9,5,2,9,2,4,9,6,1,6,6,1,9,1,1,6,1,6,9,9,1,5,6,2,6,1,6,6,1,9,1,9,1,1,9,6,6,1,9,9,1,9,9,1,6,1,1,6,6,6,6,1,9,9,6,6,6,1,6,6,9,9,9,4,4,9,5,4,3,6,6,6,6,1,6,1,6,1,1,6,6,6,1,6,6,6,6,1,1,1,9,1,1,1,1,6,5,6,6,6,6,1,6,1,6,6,1,1,1,1,6,6,6,6,6,6,1,6,6,6,6,6,6,6,1,9,9,6,6,6,6,6,6,1,6,1,1,1,1,1,1,1,1,6,9,6,6,1,1,6,9,1,9,9,1,1,1,6,3,6,6,6,4,5,5,5,1,1,6,1,5,9,9,1,6,6,1,9,6,6,6,6,5,2,6,6,6,9,9,6,1,6,1,1,9,1,1,1,9,6,1,9,9,9,6,1,1,1,1,1,6,6,1,1,1,6,1,6,6,1,6,6,6,6,6,6,6,6,1,1,6,1,6,9,6,6,6,6,6,9,9,6,1,6,1,6,6,6,1,6,6,6,6,6,6,6,6,6,1,6,1,6,6,6,6,6,1,6,6,6
"TALMADGE (D GA)",6,1,6,1,1,6,1,1,1,9,9,9,9,1,1,6,9,9,1,9,6,1,1,1,1,1,1,1,6,6,6,1,1,1,1,1,6,1,6,1,9,1,1,1,1,6,1,1,1,1,1,6,6,1,6,6,1,6,6,6,1,1,1,6,9,6,1,6,1,6,6,6,6,6,6,9,9,4,9,9,9,6,1,6,6,1,6,6,1,1,1,1,1,6,1,6,6,1,1,6,6,6,6,6,6,6,6,1,9,9,9,9,1,1,6,1,6,6,6,1,6,1,1,1,1,6,1,6,1,9,6,1,6,6,1,9,9,9,9,9,9,6,6,6,1,1,6,6,1,6,6,6,1,1,1,9,6,6,6,1,1,1,9,1,6,6,1,1,1,1,1,6,6,1,6,6,1,1,1,2,3,9,9,9,1,1,9,9,9,9,9,1,6,1,6,1,1,1,1,6,1,6,1,1,1,6,1,1,6,9,9,5,3,1,2,9,9,9,9,9,9,9,9,9,9,9,9,9,9,9,9,9,9,9,9,9,3,9,1,1,6,6,6,6,6,6,1,1,1,1,6,1,6,9,6,6,9,1,1,9,3,9,1,1,9,3,9,9,9,9,6,6,1,6,1,6,6,1,1,1,1,1,1,1,6,6,1,1,1,1,9,1,1,6,1,1,6,6,6,6,6,1,1,9,9,9,9,9,5,9,9,9,6,6,1,1,4,9,3,9,9,6,1,6,1,6,1,6,1,1,6,1,9,9,9,9,6,6,6,1,1,1,1,1,6,6,6,6,9,9,9,9,3,6,6,1,1,9,1,6,6,6,6,6,1,1,6,6,6,6,6,6,6,1,6,6,1,6,6,6,9,9,9,9,9,3,1,1,1,1,1,1,1,9,9,9,9,6,1,6,1,1,1,6,1,1,1,9,6,6,5,9,9,9,9,9,3,4,3,6,6,6,1,1,6,1,1,6,6,1,6,6,6,6,6,6,5,5,9,3,9,9,3,1,1,1,1,9,9,9,9,9,9,6,1,1,1,1,1,6,6,1,1,1,6,1,6,6,1,9,9,9,9,9,9,9,9,9,1,6,9,6,6,6,6,6,1,6,6,6,9,9,9,9,9,9,9,9,6,1,6,6,6,6,6,6,6,1,6,1,6,6,5,9,3,9,9,9,9
"FONG (R HI)",1,6,1,6,9,9,1,6,6,6,6,1,6,1,6,9,9,9,3,9,1,1,6,6,6,6,6,6,1,1,1,6,6,6,6,1,1,1,1,6,6,6,6,6,6,1,1,1,6,1,1,1,6,1,1,1,1,1,1,6,1,6,1,1,1,6,6,1,6,4,4,4,4,4,4,1,6,6,6,6,1,6,1,1,1,1,6,6,1,1,1,9,9,9,9,2,9,9,9,9,9,1,1,1,6,6,6,1,1,6,6,1,1,6,1,6,1,6,6,1,6,6,6,1,1,1,1,6,1,6,1,1,1,6,1,6,1,1,6,6,1,6,6,6,1,1,1,1,1,1,6,6,1,1,1,1,6,6,1,1,6,6,1,6,1,1,6,6,1,1,1,1,1,6,6,1,1,1,1,6,1,1,6,6,6,6,1,6,6,1,1,1,6,1,6,1,6,6,6,1,1,6,1,1,1,1,6,1,6,6,1,1,1,1,1,6,6,9,9,9,9,9,9,9,9,9,9,9,9,9,9,9,9,9,9,9,3,6,6,1,6,6,6,1,1,1,6,1,1,1,1,6,1,6,6,1,1,1,1,6,1,1,1,6,1,1,1,1,3,3,1,1,6,1,1,1,1,6,6,1,6,6,6,1,1,1,1,6,1,6,6,6,6,6,6,6,6,1,1,6,6,1,6,6,6,1,6,1,1,6,6,6,6,6,6,1,6,1,1,6,1,1,6,6,1,6,1,1,1,1,6,1,6,6,1,6,1,1,6,1,1,6,9,9,9,6,6,6,1,6,6,6,1,6,6,1,1,1,1,6,1,1,1,1,1,6,1,1,1,1,1,1,1,6,1,1,1,1,1,1,6,6,1,6,1,6,9,9,9,9,9,9,9,4,9,9,1,1,1,6,6,1,1,6,6,1,6,1,6,6,6,6,6,6,6,1,1,6,6,1,9,4,9,1,6,1,1,6,1,6,6,1,6,1,1,1,6,6,6,1,1,1,1,1,1,1,1,1,1,6,6,6,1,1,1,1,1,6,1,5,6,6,1,1,6,1,1,6,1,3,9,9,9,9,3,9,6,6,6,1,6,1,1,1,1,6,1,1,1,1,6,6,6,1,1,1,1,1,6,1,6,6,6,6,6,6,6,1,6,1,1,1,6,1,1,6,1,9,1
"INOUYE (D HI)",6,1,6,9,3,6,1,6,9,4,9,9,9,1,1,9,9,9,1,1,1,1,1,1,1,1,1,6,1,1,1,6,6,6,6,1,2,1,1,6,6,6,6,6,6,1,3,1,6,1,1,6,6,1,6,6,1,6,1,6,1,1,6,6,1,6,1,6,1,6,6,6,4,4,4,9,9,9,9,9,9,9,9,9,9,9,9,9,9,9,9,5,9,9,5,9,9,9,9,9,9,1,1,1,6,6,6,1,6,1,6,1,6,1,6,1,1,1,6,1,6,6,6,6,6,1,1,6,1,6,1,6,1,1,6,1,6,6,6,1,1,6,1,6,1,6,1,1,1,9,1,6,1,1,1,1,6,6,6,1,1,1,1,6,1,1,1,1,1,1,1,6,6,6,2,2,5,6,6,6,1,1,6,6,6,6,1,6,6,1,6,6,1,1,1,1,6,6,6,1,1,6,1,6,6,1,6,1,1,6,1,1,1,6,6,6,6,9,2,6,1,1,6,6,1,6,1,1,1,1,1,6,6,6,6,1,1,6,6,1,6,6,1,1,1,1,6,1,1,1,3,5,2,5,4,2,2,5,3,9,3,9,3,4,3,3,2,3,3,9,2,1,6,1,1,1,1,6,6,1,6,6,6,1,1,1,1,6,6,6,6,6,6,6,9,6,1,1,1,1,6,1,6,6,6,6,6,6,1,6,6,6,9,9,9,9,9,9,1,1,6,1,6,6,1,6,6,1,1,1,1,6,6,1,6,6,1,1,9,1,1,6,9,9,9,6,1,1,9,6,6,1,1,1,1,6,2,1,9,9,9,9,9,9,9,9,1,1,1,1,1,1,1,1,6,6,1,6,6,6,1,1,6,6,6,1,9,9,9,9,9,9,9,9,9,9,9,9,9,9,9,9,9,6,1,6,9,1,6,6,6,6,6,6,6,6,1,6,1,1,9,9,6,6,6,6,6,1,9,9,9,9,9,9,9,9,9,9,9,9,9,9,9,9,9,9,9,9,9,9,9,9,9,1,1,1,1,1,6,1,6,6,6,6,1,1,1,6,1,9,9,9,9,9,3,1,6,6,6,1,6,1,1,1,1,6,1,1,6,9,9,9,9,1,1,1,1,6,1,1,1,6,6,6,6,6,6,1,6,1,9,9,9,9,9,9,9,9,9
"CHURCH (D ID)",1,6,1,6,9,9,9,9,6,4,3,9,6,9,9,9,9,9,6,9,3,3,9,9,9,9,9,6,1,1,1,1,1,6,1,1,6,1,1,6,6,6,6,6,9,2,1,1,6,1,6,1,6,1,6,6,1,9,9,9,9,4,1,1,1,6,6,1,1,6,1,6,6,6,1,1,1,2,1,1,6,1,6,1,3,6,6,6,1,1,1,9,9,6,6,6,1,1,1,6,6,6,1,1,6,6,6,1,6,1,6,6,6,9,6,6,1,1,6,1,6,1,6,1,6,9,6,1,6,1,6,6,6,6,1,6,1,6,1,1,9,6,6,6,1,1,1,1,3,4,1,6,1,1,1,6,1,1,1,6,1,6,1,9,1,1,1,1,1,1,1,6,6,6,6,1,1,1,6,6,1,1,6,6,1,1,6,6,1,1,1,6,1,1,1,6,1,1,1,6,6,9,9,6,6,1,6,1,1,9,3,9,3,9,9,9,9,9,6,6,1,6,6,6,1,6,1,1,1,1,1,6,6,6,6,1,1,6,6,1,6,6,6,1,1,6,1,1,1,1,1,6,1,6,9,1,1,6,1,6,1,1,1,6,1,1,1,1,1,1,1,1,6,1,3,2,1,6,6,1,6,6,1,1,6,1,1,1,1,1,6,6,6,6,6,6,6,1,1,6,6,6,1,6,6,1,1,6,6,9,9,9,2,9,9,9,4,3,6,6,1,6,1,1,6,6,6,1,1,6,1,1,1,6,6,1,4,6,6,1,6,6,4,4,4,9,9,9,9,9,9,9,3,9,9,6,6,6,1,6,6,6,6,6,6,1,9,9,9,9,9,9,9,9,9,9,9,9,9,9,9,9,9,9,9,9,9,9,9,9,9,9,9,9,9,9,1,6,1,1,1,1,1,1,3,9,6,9,2,9,9,9,9,9,9,9,9,6,1,1,6,6,9,9,9,6,1,6,1,1,1,6,6,6,6,9,1,1,1,1,1,6,1,1,1,1,6,6,3,9,9,9,9,9,9,1,6,1,1,6,6,1,1,1,6,1,6,1,1,9,9,9,9,9,3,9,9,9,1,6,1,6,6,6,6,6,6,9,9,9,9,9,9,9,9,9,9,9,2,2,2,9,9,9,9,9,9,9,9,3,9,9,2,2,3,4,3,3,3
"JORDAN (R ID)",6,1,6,1,1,6,1,1,6,6,6,1,9,9,9,9,6,1,6,6,1,1,1,1,1,1,1,1,6,1,6,6,1,6,6,1,1,1,1,1,1,1,6,1,1,6,1,1,6,1,6,1,6,1,6,6,6,6,6,6,1,6,3,3,1,1,6,1,1,9,9,4,4,4,4,2,5,1,6,6,1,6,1,6,6,1,6,6,1,1,1,1,1,1,1,6,1,6,6,1,1,9,3,6,6,6,6,1,1,6,6,1,1,1,1,6,6,6,6,1,6,1,1,1,1,6,6,6,6,1,1,1,1,6,1,6,1,6,1,1,6,6,6,6,1,1,6,1,1,1,6,6,1,1,1,1,6,1,1,6,6,6,6,1,6,6,6,6,1,1,1,1,1,1,6,6,1,1,1,1,1,6,6,6,6,6,1,6,5,3,3,3,5,1,6,1,1,1,1,6,6,6,1,1,1,6,6,1,6,1,6,1,1,1,1,6,6,5,6,6,1,6,1,1,1,1,6,6,6,6,6,6,1,1,1,1,1,1,1,1,6,1,6,1,1,1,1,1,1,6,5,2,5,5,4,5,5,1,1,6,1,6,1,1,1,1,1,1,1,1,1,6,1,6,1,1,1,1,6,1,1,1,1,1,1,1,1,6,1,1,6,1,6,6,6,1,6,1,1,6,1,6,1,1,6,1,1,1,6,6,6,1,6,1,6,6,6,1,1,6,6,6,1,6,1,6,6,1,1,6,6,1,6,6,1,1,1,1,1,1,6,6,9,9,9,6,6,1,1,6,6,1,1,6,6,6,6,1,1,6,1,6,6,6,1,1,6,6,6,1,6,1,1,1,6,6,4,4,4,6,4,6,3,3,3,3,3,1,1,1,1,6,1,6,6,1,1,1,1,1,6,1,1,1,1,1,6,1,6,6,6,1,6,6,6,6,1,6,1,3,6,6,1,1,6,1,1,6,6,6,1,1,1,1,1,1,1,1,6,6,1,6,1,1,1,6,1,1,5,6,6,1,1,6,1,6,6,6,1,6,6,1,1,1,6,6,6,6,1,1,1,6,6,6,1,6,6,6,1,6,1,6,6,6,6,6,1,1,1,1,6,6,6,1,6,6,1,1,6,1,6,6,6,6,6,6,1,1,1,1,6,6,6,1,1,6,6,6,1
"DIRKSEN (R IL)",6,1,6,1,1,1,1,1,1,1,1,1,1,1,1,3,1,6,3,6,1,1,1,1,1,1,1,1,6,1,6,6,1,6,6,3,1,1,1,4,4,5,4,4,4,1,1,6,6,1,6,1,6,6,6,6,6,6,6,2,6,6,3,3,3,9,6,1,1,6,6,6,6,6,6,6,1,1,6,6,1,6,1,6,6,1,6,6,1,6,1,6,6,6,6,1,1,6,6,1,1,2,3,6,6,6,1,1,1,6,6,1,1,1,1,1,6,9,9,3,6,6,1,1,1,5,1,6,3,4,3,2,1,6,1,6,6,6,6,1,1,6,6,6,1,6,1,1,1,1,6,6,1,1,1,6,6,1,1,6,5,5,6,6,1,6,6,6,1,1,1,1,1,2,6,1,5,1,1,2,1,1,6,6,1,1,1,2,1,1,1,1,6,1,6,1,1,1,1,6,6,5,3,3,2,3,2,6,6,1,1,1,1,1,1,6,6,6,6,6,1,6,2,2,3,2,5,5,4,5,5,4,2,3,4,4,1,1,1,1,6,6,1,1,1,1,6,1,1,6,6,1,6,1,6,3,3,9,1,6,1,5,1,1,1,1,1,1,1,1,5,6,1,6,1,1,1,6,4,1,2,9,9,9,9,9,9,9,9,9,9,9,9,9,9,9,9,2,1,6,1,6,1,6,1,1,1,6,6,6,6,6,6,6,6,1,6,1,1,6,6,1,6,6,1,6,9,2,3,5,4,2,9,9,9,9,1,1,5,3,9,9,9,9,4,4,4,4,5,6,6,1,1,6,6,1,2,6,1,1,1,6,6,6,6,1,5,6,5,5,2,5,5,1,6,6,6,6,6,6,6,6,1,1,1,1,3,2,9,3,3,6,1,6,1,6,3,1,1,1,2,2,3,4,6,6,6,1,6,6,6,6,6,9,6,1,1,6,6,3,1,6,1,2,5,1,6,1,1,1,6,1,1,1,2,6,2,2,6,1,6,1,1,1,1,6,1,1,2,6,6,1,1,3,3,9,4,3,3,5,4,2,2,3,5,3,3,2,3,6,6,6,5,5,3,6,1,6,1,6,1,6,6,6,6,6,1,6,6,6,6,6,6,1,6,6,6,6,6,6,6,6,6,6,6,6,1,1,2,3,5,2,6,1,3,5,6,6,1
"PERCY (R IL)",6,1,1,1,9,9,1,1,1,6,6,9,9,5,9,9,1,1,1,6,1,1,1,1,1,3,1,2,5,1,6,6,6,6,6,1,6,1,1,6,6,6,6,6,6,1,1,5,5,3,6,1,6,1,6,6,9,6,6,1,6,6,1,1,1,9,6,1,1,2,2,4,4,4,4,6,1,9,6,6,1,6,1,1,1,6,6,6,1,6,1,6,6,6,6,1,1,6,6,1,1,1,1,6,6,6,1,1,1,6,6,1,1,6,1,1,1,1,1,1,6,6,6,6,5,2,1,6,2,5,3,5,1,1,6,1,6,1,6,6,1,6,6,6,1,6,1,1,3,9,1,6,1,1,3,6,4,4,2,3,4,3,1,6,1,1,4,4,3,1,6,1,6,1,1,1,6,1,6,6,1,1,6,6,9,9,9,1,1,1,1,1,6,1,6,1,1,1,1,6,6,6,1,1,1,1,6,1,6,1,6,1,1,9,9,9,9,9,1,1,1,1,1,1,1,1,6,6,6,6,6,6,1,2,4,2,1,1,1,1,6,1,1,1,1,1,6,1,1,4,1,6,1,6,6,1,1,2,3,4,3,3,3,4,3,3,3,3,3,1,1,1,6,1,1,1,1,6,6,1,6,6,6,1,1,1,6,4,4,6,4,4,4,4,4,4,4,3,1,1,6,6,6,6,6,6,6,6,1,4,4,4,4,5,5,3,4,2,6,6,6,1,6,6,1,6,6,1,3,4,4,4,4,2,3,5,1,1,5,5,5,6,6,6,1,6,6,1,1,6,6,9,3,1,1,2,4,1,9,1,1,1,1,1,1,6,1,1,6,1,6,1,1,1,6,6,6,6,6,6,6,6,1,6,1,1,1,6,6,1,1,6,1,6,1,1,1,1,1,6,6,6,1,3,5,2,6,1,1,1,1,6,6,6,6,6,1,6,6,3,1,6,6,3,4,6,6,1,3,4,4,4,5,3,3,3,2,3,4,5,3,3,3,1,1,6,1,1,1,6,6,1,1,2,3,3,4,2,9,2,9,5,5,9,4,3,3,5,3,1,1,1,1,1,1,6,6,6,4,1,6,1,6,1,1,6,1,1,1,1,6,6,6,1,6,6,6,6,1,1,1,6,6,6,6,6,6,6,1,1,1,1,1,1,3,4,4,5,3
"HARTKE (D IN)",3,4,1,9,9,6,6,9,1,1,1,6,1,9,9,9,6,6,1,1,1,1,1,6,6,6,1,6,1,6,1,4,4,4,5,4,4,3,3,9,6,6,6,6,1,1,1,1,1,1,1,6,6,1,1,1,1,6,6,6,1,1,6,6,3,9,1,6,1,9,9,9,9,9,9,1,6,5,9,9,9,6,1,1,9,9,6,1,1,1,1,9,9,9,9,9,9,9,9,9,9,9,9,1,6,1,6,1,6,1,1,6,6,9,9,9,1,1,6,1,9,6,6,1,1,9,6,1,6,1,1,1,1,1,1,6,1,6,1,1,6,6,6,6,1,9,9,3,9,9,1,6,6,1,1,1,1,6,6,1,1,1,9,6,1,1,6,6,1,1,9,9,1,6,1,6,6,6,6,6,1,6,6,6,6,9,1,6,6,1,1,6,1,9,9,9,6,6,6,1,1,6,1,6,6,1,1,6,1,6,1,1,1,1,1,6,6,1,1,6,6,1,6,6,1,1,6,1,1,1,1,6,6,6,1,1,1,9,9,9,6,6,1,1,1,1,6,1,1,1,9,9,9,6,1,6,1,9,9,1,1,6,1,6,1,1,9,9,9,1,3,2,6,1,3,1,1,6,6,1,6,6,6,1,1,1,1,6,1,6,9,9,9,9,9,9,9,3,1,1,6,1,6,6,6,6,1,6,1,9,9,9,1,1,1,1,6,1,6,6,1,6,1,6,1,1,1,1,1,1,6,1,1,9,6,1,6,6,6,1,1,6,6,6,1,1,1,1,1,1,1,1,1,9,9,6,1,9,1,9,1,9,9,9,9,9,1,1,1,1,1,1,1,6,1,1,9,9,9,1,1,1,1,6,6,1,9,9,9,9,9,6,1,1,1,1,9,9,9,6,1,1,1,9,6,6,1,5,2,2,2,9,2,9,9,9,3,6,1,1,6,6,9,9,9,1,1,6,1,6,1,1,6,1,9,9,9,9,2,3,9,9,3,1,1,1,6,6,1,1,1,6,1,1,1,1,1,1,1,6,6,6,1,1,6,1,6,1,1,1,1,1,1,1,1,1,1,6,6,1,6,1,1,1,1,6,1,6,6,6,1,6,1,1,1,1,1,1,1,9,9,9,9,9,9,9,9,9,9,9,9,9,1,6,1,6,3,1,1
"BAYH (D IN)",1,6,1,9,9,6,1,9,5,4,3,9,9,9,9,9,4,9,3,1,3,3,1,1,1,1,1,6,1,6,1,9,4,4,4,4,6,1,1,6,6,6,6,6,6,1,3,1,6,1,1,6,1,1,1,1,9,4,4,4,3,1,6,6,1,6,1,6,1,6,6,6,6,1,6,1,6,5,6,6,6,1,6,1,6,1,6,1,1,1,1,6,6,6,6,1,6,1,1,6,6,2,3,1,6,6,6,1,6,1,6,6,6,1,6,1,9,3,9,3,9,1,6,1,6,1,6,1,6,1,1,6,1,1,6,1,9,6,6,1,1,6,6,6,1,6,1,1,1,6,1,1,1,1,1,6,4,4,4,3,3,3,1,6,1,1,1,1,1,3,1,1,6,4,9,9,6,6,4,6,1,1,6,6,1,1,1,6,4,1,1,1,6,1,6,1,6,6,6,1,1,6,1,6,6,1,1,9,9,6,1,9,3,1,1,6,1,1,6,6,6,1,6,6,1,1,6,1,1,9,9,6,6,6,6,1,1,6,1,1,6,6,9,1,1,1,6,1,1,1,2,6,1,6,1,1,1,6,1,6,1,9,3,4,3,3,3,3,3,9,1,1,6,1,1,1,1,6,6,1,6,6,6,1,1,1,1,6,1,6,6,6,6,6,4,6,6,1,1,1,6,1,6,6,6,6,1,6,1,9,9,9,1,1,1,1,4,5,9,1,1,6,1,6,6,1,1,1,1,1,6,2,9,9,9,9,6,6,6,1,1,6,4,4,9,3,2,9,3,2,3,2,3,5,5,6,1,1,3,1,1,6,6,1,1,6,1,6,6,1,6,1,1,6,6,9,6,6,6,6,1,1,6,6,6,1,6,6,6,1,1,6,1,1,6,1,1,6,1,4,1,1,1,1,1,6,6,9,6,6,1,1,1,1,1,6,1,6,1,9,4,6,4,6,6,1,1,1,9,1,2,6,6,9,9,9,1,1,1,1,1,6,1,3,3,1,6,9,3,3,3,4,3,1,1,1,1,1,1,6,6,1,1,6,6,1,1,6,1,3,3,2,9,9,3,9,9,9,9,1,6,6,6,6,1,1,1,6,6,6,9,9,9,9,9,9,9,9,1,3,9,9,9,9,9,9,9,9,9,3,9,9,9,9,3,4,9,9,9
"MILLER (R IA)",6,1,6,3,3,4,1,1,6,6,6,1,6,6,1,1,6,6,6,6,1,1,1,1,1,1,1,6,1,1,6,6,1,1,1,1,1,1,1,6,1,1,6,6,1,6,1,1,6,1,1,1,6,6,6,6,6,6,6,6,1,6,3,3,6,1,6,1,1,6,6,6,6,6,6,1,6,6,6,6,2,2,5,2,6,1,6,6,1,1,1,6,1,6,1,6,1,1,1,1,6,1,1,6,6,6,6,1,1,6,6,1,1,1,1,1,5,4,2,5,1,6,1,1,2,5,1,6,1,6,1,1,1,6,6,6,1,6,6,1,1,6,6,6,1,1,6,1,1,1,6,6,1,1,1,1,6,1,1,6,6,6,6,1,1,6,6,6,6,1,6,1,1,1,6,6,1,1,1,1,1,6,6,6,1,1,1,6,1,1,1,1,6,3,4,3,2,3,3,5,5,6,1,1,1,1,6,5,4,2,4,4,3,1,1,6,1,6,6,6,1,6,1,1,1,1,6,6,6,6,6,6,1,1,1,6,1,3,3,3,5,5,4,3,3,2,5,3,3,6,6,1,6,1,6,1,1,1,1,6,1,1,1,1,1,1,1,1,1,3,6,6,6,6,1,6,1,6,6,1,1,1,1,1,6,6,1,6,1,1,6,1,6,1,1,1,6,5,5,6,1,1,1,1,1,1,1,1,6,1,1,1,1,6,1,1,6,1,1,6,6,1,6,6,1,6,1,6,1,2,6,1,4,4,3,2,1,1,1,1,6,1,4,3,5,4,4,4,2,4,4,9,3,6,1,1,1,6,1,6,1,6,6,6,6,1,6,6,6,1,6,1,1,1,6,6,6,6,6,6,6,6,1,1,6,1,1,1,1,1,1,6,1,6,6,6,1,1,1,5,6,1,1,1,6,1,6,1,6,6,6,6,6,6,6,1,1,6,1,1,1,6,1,1,6,1,1,6,1,6,6,6,1,1,1,6,6,1,6,6,6,1,1,1,1,6,1,1,1,6,6,1,1,5,3,9,4,6,1,6,6,6,1,1,6,6,1,4,3,1,6,6,1,1,1,1,1,1,1,1,6,6,6,6,1,6,1,3,1,1,4,5,6,1,6,6,1,1,6,3,6,6,6,6,6,6,6,6,6,1,1,1,4,3,1,6,6,6,1
"HICKENLOOPE (R IA)",6,1,6,9,1,6,1,1,1,6,1,6,6,1,1,1,9,9,9,4,1,1,1,1,1,1,1,1,6,1,1,6,1,1,1,1,1,1,1,6,6,6,6,6,9,1,1,6,6,1,6,1,6,1,6,6,1,6,6,6,1,6,1,1,6,1,6,1,1,6,6,6,4,4,4,6,1,6,6,6,1,6,1,6,9,1,6,6,1,6,1,1,1,1,1,6,6,6,4,1,6,1,1,6,6,6,6,1,1,6,6,1,1,6,1,6,6,6,1,1,1,6,6,1,1,6,1,6,1,6,1,1,1,6,6,6,1,6,6,9,1,6,6,6,1,1,1,9,1,1,6,6,1,1,9,9,6,1,1,6,6,6,6,1,6,6,6,6,6,9,9,9,9,2,5,6,1,1,1,1,1,6,6,6,6,6,1,6,1,1,1,1,6,1,6,1,1,1,1,6,6,6,1,1,1,6,9,6,6,1,6,6,1,1,1,6,6,9,6,6,1,6,1,1,1,1,6,6,6,6,6,6,1,1,6,6,1,1,1,1,6,6,6,6,6,1,1,1,1,6,6,1,6,1,6,1,6,1,9,6,1,1,1,1,1,1,1,1,3,1,6,6,1,6,3,6,6,1,1,1,1,1,1,1,6,6,1,6,1,1,1,1,1,1,1,1,6,5,5,6,1,1,1,1,1,1,1,1,6,2,6,6,6,6,1,1,6,1,1,6,6,1,6,6,1,6,1,6,1,6,9,9,6,6,1,1,1,1,1,1,6,9,9,9,9,6,6,6,1,6,6,1,1,6,6,1,1,6,1,6,6,6,6,6,6,1,6,6,6,6,6,6,6,1,6,6,6,6,6,6,6,6,1,1,1,1,1,1,1,1,1,6,1,6,1,6,1,1,1,6,6,1,1,1,6,1,6,1,6,6,6,6,6,6,6,1,1,6,6,1,1,6,1,1,9,1,1,9,6,6,9,9,9,1,1,1,6,1,6,6,6,1,1,1,1,6,1,1,6,6,4,9,9,9,1,1,6,9,9,6,6,6,1,6,6,6,1,6,1,1,1,6,6,6,9,6,1,1,1,6,1,6,6,6,6,1,1,1,1,1,6,2,9,9,9,9,9,9,6,1,6,6,6,6,6,6,1,2,6,1,1,1,6,1,1,6,6,6,1
"CARLSON (R KS)",6,1,6,9,1,6,1,3,1,6,1,1,1,6,1,1,1,6,2,6,1,1,1,1,1,1,1,1,1,1,1,1,6,6,1,1,1,1,1,6,6,1,6,6,1,1,1,6,6,1,6,1,4,3,5,6,1,6,6,5,3,6,1,1,9,1,6,1,1,9,9,9,9,9,9,6,1,1,6,6,1,6,1,1,9,1,6,6,1,6,1,5,5,3,5,2,9,9,9,9,9,6,1,6,6,6,6,1,1,6,6,1,1,6,1,6,6,1,1,1,6,1,2,1,1,6,6,6,6,1,1,1,1,6,6,6,6,1,6,6,1,6,6,6,1,1,1,1,1,1,1,6,1,1,1,1,6,1,1,6,6,6,1,1,6,9,6,6,1,1,1,1,1,6,6,6,1,1,1,9,9,9,9,9,9,9,9,6,6,1,1,9,9,1,6,1,1,1,1,6,1,9,3,1,1,1,6,6,6,6,6,6,1,1,1,6,6,4,5,4,3,5,5,2,5,2,5,5,4,5,4,5,3,9,5,5,3,1,6,1,6,6,6,1,1,1,6,1,1,4,6,1,6,6,6,1,1,1,1,6,1,6,1,1,1,1,1,1,3,1,6,6,6,6,1,6,1,1,1,1,1,6,1,6,6,6,1,6,9,1,6,1,6,6,1,1,6,1,1,6,6,9,1,9,9,9,9,9,5,9,9,9,6,6,6,1,6,6,1,6,6,1,1,6,1,6,3,2,3,4,4,9,6,6,1,1,1,1,6,1,6,1,1,2,6,6,6,6,4,4,4,9,3,6,6,1,1,9,1,1,1,6,6,6,9,1,6,6,6,6,6,2,2,1,6,6,6,6,6,9,6,6,1,1,1,1,9,9,9,9,9,9,9,9,9,9,1,1,1,6,9,9,9,9,1,2,6,1,6,6,6,6,6,6,6,1,1,6,6,9,9,9,1,1,6,1,1,6,6,6,1,6,9,6,1,1,6,6,6,1,1,1,1,6,1,6,1,9,9,9,9,9,9,9,9,9,9,9,9,9,9,9,9,9,9,9,9,9,9,3,1,6,6,6,1,6,1,6,9,6,1,6,6,6,6,6,1,9,9,9,6,2,9,9,6,1,9,9,6,1,6,9,9,6,6,6,1,1,1,1,1,9,6,1,1,4,1,6,1
"PEARSON (R KS)",6,1,1,1,1,6,1,1,6,6,1,1,1,1,1,3,4,4,1,6,1,1,1,1,1,1,1,1,1,1,6,6,6,6,1,6,1,1,1,6,6,6,6,6,1,1,1,6,6,1,6,1,6,1,6,6,1,6,6,6,1,6,1,1,3,1,6,1,1,6,6,6,6,6,6,1,1,1,6,6,1,6,1,1,6,1,6,6,1,6,1,1,1,1,1,1,1,6,6,1,1,1,1,6,6,6,6,1,1,6,6,1,1,1,1,6,6,6,6,1,6,6,6,1,5,6,1,6,1,6,1,1,1,1,1,6,6,1,6,6,1,6,6,6,1,6,1,1,1,6,6,1,1,1,1,1,6,1,1,6,6,6,6,1,1,1,6,6,3,3,9,9,9,6,6,1,1,1,1,6,1,1,6,6,6,6,1,6,6,1,6,1,1,1,6,1,1,1,1,6,1,6,1,1,1,1,6,6,6,6,9,9,9,1,1,4,6,6,6,6,1,6,1,1,1,1,6,6,6,6,6,6,1,1,1,1,1,1,1,1,6,1,1,1,1,1,1,1,1,6,1,6,1,6,4,3,1,1,1,6,1,6,1,1,1,1,1,1,1,3,1,1,6,1,3,1,1,6,6,1,1,6,6,1,6,6,1,6,1,1,6,6,6,6,6,6,1,1,1,6,6,6,1,6,4,1,1,6,6,6,6,6,6,6,6,6,6,1,1,6,6,1,1,6,1,1,6,6,1,6,6,6,6,6,1,6,1,1,1,1,1,2,5,5,4,4,4,4,5,4,4,2,3,6,6,1,1,1,1,1,1,1,1,1,1,6,6,6,6,1,6,1,1,1,6,6,6,6,6,6,6,6,1,1,6,1,1,6,6,1,1,6,1,6,6,1,1,1,1,1,6,6,1,1,1,1,6,1,6,6,6,6,6,6,6,6,1,6,6,1,1,6,1,1,6,1,6,6,1,6,6,6,6,6,1,1,6,6,6,1,6,1,1,6,1,6,1,1,6,6,4,9,9,1,1,1,6,6,1,6,6,6,1,1,6,1,1,9,3,1,1,1,6,6,1,6,1,6,6,1,6,6,6,6,6,6,1,1,1,1,6,1,6,1,6,1,1,1,6,1,6,6,6,6,6,6,6,1,1,1,1,1,6,1,3,4,1,6,1
"COOPER (R KY)",6,1,1,1,1,6,1,1,1,6,6,6,1,1,6,1,9,9,1,4,1,1,6,1,6,1,1,1,6,1,1,9,9,9,9,9,5,9,3,4,6,6,6,6,6,1,1,1,6,1,1,1,9,9,9,9,9,6,1,6,1,6,1,1,1,9,6,1,1,6,6,6,1,6,1,1,6,9,6,6,1,1,6,1,1,1,6,6,1,6,1,1,1,1,1,1,1,1,1,6,6,9,3,6,6,6,6,1,1,6,1,1,1,6,1,6,1,1,6,1,1,1,6,6,6,1,6,1,6,1,1,6,1,1,6,1,6,6,6,6,1,6,6,6,1,1,1,1,1,6,1,1,1,1,1,6,1,1,1,6,6,1,1,6,1,6,1,1,1,6,1,6,1,1,9,1,6,6,9,6,1,1,6,6,1,6,1,6,6,1,6,1,1,9,9,9,1,1,1,1,6,6,1,9,9,9,6,1,6,6,6,1,6,9,9,9,9,9,9,9,9,9,9,9,9,9,9,9,9,9,9,9,9,9,9,9,3,9,9,9,9,9,9,9,9,9,9,9,5,9,9,9,9,9,6,1,1,1,1,9,3,9,1,6,1,1,1,1,1,1,1,1,6,1,1,1,1,6,1,1,1,6,1,6,1,1,1,6,6,6,6,1,6,6,6,6,1,1,1,1,1,3,6,6,6,1,6,6,1,6,6,6,1,1,6,6,6,6,1,6,6,1,6,6,1,6,6,6,1,6,6,6,6,6,1,6,1,1,6,6,6,6,6,6,6,6,6,1,1,6,6,1,1,2,2,1,1,6,1,1,1,1,1,6,1,6,1,1,1,1,6,1,1,1,1,1,1,6,1,1,6,6,1,6,6,6,9,9,9,9,9,9,3,6,6,5,1,6,6,1,1,1,1,1,1,1,6,1,1,1,1,6,1,1,1,6,1,6,1,3,3,4,9,1,9,1,6,1,6,1,6,6,6,6,6,1,6,6,6,1,6,1,1,1,1,6,1,6,6,6,6,1,3,1,6,9,9,9,9,2,2,2,5,5,2,3,2,2,9,1,1,1,6,6,1,6,1,1,6,6,1,1,1,1,1,6,1,1,1,1,6,1,6,1,6,6,6,1,1,6,1,9,9,6,6,9,9,9,9,3,2,2,9,9,9,9,9,6,1
"MORTON (R KY)",1,6,1,3,1,6,9,1,1,6,1,6,1,2,5,3,1,6,1,9,1,1,1,1,1,1,1,2,5,3,4,6,6,6,6,1,1,1,1,6,6,6,6,6,6,1,1,1,4,1,6,5,9,9,9,6,6,6,6,6,1,2,1,1,1,1,6,6,1,6,6,6,6,6,6,6,1,1,6,6,1,4,2,5,9,1,6,6,1,6,1,6,6,1,6,1,2,4,4,3,3,9,3,6,4,9,9,3,3,4,6,1,1,1,1,1,6,6,1,1,6,6,6,6,5,1,1,6,1,6,1,2,1,1,6,2,4,5,4,5,3,6,6,6,3,1,1,1,1,9,1,6,1,1,1,6,4,9,9,9,4,9,1,6,1,1,6,6,1,1,1,1,1,1,1,1,2,3,2,5,3,5,9,9,9,9,3,9,9,3,9,9,9,9,9,9,1,1,1,6,6,6,1,1,1,1,9,2,5,1,6,5,3,1,1,6,6,6,5,4,1,6,1,1,6,1,6,6,6,6,6,6,1,6,6,6,1,1,1,1,6,1,6,1,1,1,6,1,1,1,6,1,6,1,6,9,1,1,1,5,3,1,1,1,1,1,1,1,1,1,1,1,6,1,1,1,1,9,9,9,9,9,9,9,9,9,9,9,9,9,9,9,9,9,9,9,9,3,1,1,1,1,6,6,9,9,9,9,9,1,2,2,9,9,9,9,9,6,1,6,6,1,6,6,1,4,6,6,1,6,9,9,6,6,1,6,1,3,6,1,2,6,9,9,9,9,9,9,9,9,6,1,1,9,9,1,1,9,1,1,1,9,9,9,9,9,6,1,2,2,5,3,3,1,6,6,9,9,9,9,9,9,9,9,9,9,9,9,9,9,9,9,9,9,9,9,9,9,9,1,1,1,1,1,9,9,6,1,1,6,9,9,9,9,9,9,9,6,6,9,9,9,9,1,6,1,6,6,1,1,6,6,9,1,1,1,1,2,6,1,6,9,9,9,9,6,1,1,6,6,4,9,9,9,9,9,9,9,9,9,9,9,9,9,9,9,9,9,9,9,9,9,9,9,9,6,9,9,9,6,1,9,9,9,9,9,1,6,1,1,9,9,6,1,6,6,6,1,9,5,2,6,6,6,6,6,1,1,1,1,1,1,1,1,9,9,6,9,1
"ELLENDER (D LA)",6,1,6,9,1,6,1,1,1,1,6,1,6,1,1,1,1,1,6,9,1,1,1,1,1,1,2,1,6,1,1,1,1,1,1,1,1,1,6,5,6,6,6,6,6,1,3,1,1,1,6,6,4,5,5,6,6,6,5,1,6,1,6,6,6,6,1,6,1,6,6,6,6,6,6,2,3,9,9,6,1,6,1,6,6,1,6,6,1,1,1,1,1,6,1,6,6,6,6,1,1,6,6,6,6,6,6,1,6,1,6,1,6,6,6,1,6,6,6,1,6,1,6,1,6,6,6,1,6,1,6,1,6,6,1,6,1,6,1,1,6,6,6,6,1,1,6,6,1,6,6,6,1,1,1,1,6,6,6,1,1,1,1,6,1,5,1,3,1,6,1,6,1,1,9,6,1,9,1,1,1,6,6,6,6,6,1,6,6,1,1,6,6,1,6,1,6,6,6,1,1,1,6,1,1,6,2,6,6,6,6,6,1,5,5,5,5,5,6,6,6,6,6,6,1,6,6,6,6,6,6,6,6,6,6,6,1,9,9,9,9,9,9,9,9,9,9,9,9,9,5,2,5,2,4,5,5,2,3,4,3,4,3,4,3,3,5,2,3,1,6,6,1,6,1,6,6,1,1,1,1,1,2,1,6,6,1,1,2,1,1,1,1,1,1,1,1,6,6,6,6,6,6,6,6,6,1,6,6,1,1,1,6,6,6,9,4,9,1,1,1,6,1,6,6,6,6,6,1,1,6,1,6,6,6,1,6,6,1,1,3,1,1,1,6,1,6,6,6,6,1,1,1,6,6,1,1,6,1,6,6,6,6,6,6,6,6,6,6,6,6,6,6,1,6,6,6,6,6,6,6,6,1,6,1,1,6,1,6,1,1,1,1,6,6,6,1,6,1,6,6,6,1,1,1,1,1,1,1,6,6,6,6,6,9,6,1,6,6,1,6,6,1,4,6,1,1,6,6,6,6,2,6,6,6,6,6,6,6,1,1,6,1,1,1,6,1,6,6,6,6,6,6,6,1,1,1,3,1,6,6,1,1,1,6,1,6,1,1,1,6,6,6,5,6,6,1,6,2,6,1,6,6,6,6,6,6,6,6,6,6,6,1,1,6,1,1,1,4,9,5,5,5,4,4,4,4,3,4,3,4,4,5,5,9,9,2,3,3
"LONG (D LA)",6,2,6,1,9,4,1,1,5,1,1,1,6,1,1,1,1,6,1,1,6,1,2,2,2,2,3,4,3,3,9,5,5,5,2,5,1,1,1,1,6,6,5,5,5,4,3,1,1,1,1,6,6,1,2,6,1,6,6,6,1,1,1,6,1,6,1,6,1,6,6,6,6,6,6,1,1,6,6,6,1,6,1,1,6,1,1,1,6,1,6,6,6,6,6,1,6,6,6,1,1,2,3,4,6,6,6,1,6,1,6,1,6,1,6,1,6,1,6,1,4,2,6,1,6,6,6,6,1,6,1,1,1,6,6,6,1,6,6,1,1,6,6,6,1,9,1,6,9,6,6,6,6,3,3,9,6,6,6,1,1,1,1,6,1,1,3,3,1,1,1,6,1,9,1,6,1,6,1,1,1,1,6,6,6,6,1,6,6,1,1,1,6,1,6,1,6,6,6,1,1,1,1,1,6,1,1,6,6,6,1,6,1,6,6,6,6,6,6,6,6,6,6,6,1,6,1,6,6,1,6,6,6,6,6,6,1,6,9,6,6,6,6,6,6,6,6,1,1,1,6,1,6,1,6,9,9,1,1,6,1,6,1,9,9,2,9,3,3,1,6,6,1,6,1,6,6,1,1,1,1,1,1,1,6,6,1,1,1,1,6,1,1,6,1,9,9,5,6,6,6,6,6,6,6,6,1,6,6,6,6,6,6,6,1,1,6,1,1,1,1,5,1,1,6,6,1,6,1,1,6,1,6,6,6,6,6,6,6,1,1,1,2,2,5,9,9,9,9,4,3,3,3,6,6,1,1,1,3,5,6,6,6,6,6,1,6,6,6,6,6,6,6,1,1,6,1,6,9,6,6,6,1,6,6,1,9,9,9,9,9,2,3,9,9,9,9,6,1,6,9,9,3,9,1,1,1,6,6,6,6,6,6,6,6,6,1,6,1,9,4,9,9,4,1,1,1,1,1,6,6,1,6,4,4,4,4,4,9,3,2,4,3,3,1,1,6,6,9,3,3,4,3,9,3,9,9,1,1,6,6,6,1,1,6,1,1,6,1,9,9,9,4,4,9,5,1,6,1,1,6,6,9,9,9,9,9,6,6,6,6,1,1,1,6,1,1,1,6,1,6,6,6,6,6,6,9,9,9,9,9,9,6,6,1,1,1,1,1
"MUSKIE (D ME)",1,6,1,1,6,6,1,9,1,6,1,1,6,1,1,6,6,6,9,1,1,1,1,1,1,1,1,6,1,1,1,9,9,9,9,9,4,9,3,9,6,6,6,6,6,1,1,1,1,1,1,6,6,6,6,9,9,6,6,6,5,1,9,9,1,6,1,6,1,6,6,6,6,6,6,6,1,6,6,6,1,1,6,1,6,1,6,1,1,1,1,6,6,6,6,1,3,6,6,6,6,1,1,9,9,9,9,9,9,9,6,1,6,9,6,1,1,1,6,1,6,6,6,6,6,9,6,6,1,6,1,6,1,1,6,1,6,6,6,1,1,6,6,6,1,6,1,3,9,9,9,9,9,9,9,9,9,9,9,9,9,9,1,6,1,1,1,1,1,1,1,6,6,4,6,1,2,6,6,6,1,1,6,6,6,6,1,6,6,1,1,6,1,1,6,1,6,6,6,1,1,6,1,6,6,1,6,1,1,6,1,1,1,6,6,6,6,1,6,6,9,1,6,6,1,6,1,1,6,1,1,2,6,6,6,6,1,6,6,6,6,6,1,6,6,6,6,1,1,1,1,6,1,9,6,1,3,6,1,1,1,6,1,6,1,1,1,1,1,1,1,1,6,1,3,1,1,6,6,1,6,6,6,1,1,1,6,6,6,6,6,6,6,6,6,6,1,1,1,3,4,9,5,4,6,6,6,6,1,4,4,4,1,1,6,1,4,3,1,1,6,6,1,6,6,6,6,6,1,1,6,6,6,1,6,6,1,1,6,1,1,6,6,6,6,1,6,6,9,9,9,9,3,6,1,9,9,1,9,1,1,6,1,9,6,6,1,1,1,1,6,1,1,1,9,6,1,1,6,1,1,1,6,6,6,1,6,6,6,1,1,6,1,6,6,1,9,6,1,6,6,1,1,6,1,9,6,1,1,6,6,6,6,6,6,6,1,6,1,9,6,6,6,6,9,6,1,1,1,6,6,1,6,6,6,1,9,9,9,9,9,9,9,1,1,1,6,4,3,9,9,9,3,1,1,1,1,1,6,6,6,6,6,6,1,1,1,1,1,9,9,9,9,9,9,9,9,9,9,9,9,9,9,9,9,6,9,9,9,9,9,9,9,9,9,9,9,9,1,9,9,9,9,9,9,9,9,9,9,9,9,9,9,9,9,9,9,9,9
"SMITH (R ME)",6,1,1,1,1,1,1,1,1,1,1,1,6,1,1,1,1,6,1,6,1,1,1,1,1,6,1,6,1,1,1,6,1,6,1,1,6,1,1,6,6,1,6,6,1,1,1,6,6,1,6,1,6,1,1,6,1,6,6,6,1,6,1,1,1,1,6,1,1,6,6,6,6,6,6,6,1,6,6,6,1,1,6,1,6,1,6,6,1,6,1,1,1,1,1,1,6,6,6,6,6,6,1,6,6,1,6,1,1,6,6,1,1,1,1,6,6,6,6,1,6,1,6,1,1,6,6,1,6,1,6,1,6,6,6,6,6,6,6,6,1,6,6,6,1,6,1,1,1,1,6,6,1,1,1,1,6,1,1,6,6,1,1,1,1,6,6,6,1,1,1,1,1,6,6,6,1,1,6,1,1,1,6,6,6,6,1,6,6,1,1,6,6,1,6,1,6,6,1,1,1,1,1,1,1,1,6,6,1,6,1,6,1,6,6,6,6,6,6,6,1,6,6,6,6,6,1,6,6,6,6,6,6,6,6,6,1,1,1,1,6,6,1,6,6,6,1,1,1,6,6,1,6,6,6,1,1,1,1,6,1,1,1,6,1,1,1,1,1,1,1,1,6,1,1,1,1,6,6,1,6,6,6,1,1,1,6,6,1,6,6,6,6,6,6,6,1,1,1,6,1,6,6,6,6,1,6,6,6,6,6,6,6,1,6,6,6,6,1,6,6,6,1,6,1,6,1,6,1,6,6,1,6,6,1,1,1,1,6,1,1,1,1,6,6,6,1,6,6,6,1,6,1,6,6,1,1,1,1,6,6,1,1,1,1,6,6,6,6,6,6,6,6,1,6,6,6,6,6,6,6,6,1,1,6,1,6,6,6,1,1,6,1,6,6,6,1,1,1,6,6,6,1,6,6,1,6,1,1,6,6,6,6,6,6,1,1,6,6,1,1,6,6,1,1,1,1,6,1,6,6,1,1,6,1,1,1,1,6,1,1,6,1,1,1,6,1,1,1,6,6,1,1,1,1,1,6,1,1,6,6,6,1,6,6,1,1,1,1,3,4,4,4,4,3,4,3,4,4,4,3,3,3,3,3,4,3,3,3,3,3,3,4,3,4,4,4,3,4,3,3,4,4,4,4,4,3,4,4,3,3,3,3,3,3,4,4,4,3
"BREWSTER (D MD)",1,6,1,1,3,4,3,9,6,6,1,1,6,2,4,9,4,9,1,1,3,3,1,1,1,1,1,6,1,1,5,4,6,6,6,1,6,1,1,4,6,5,4,4,4,2,1,1,1,1,1,6,6,9,9,5,2,4,4,4,3,1,6,6,1,4,1,6,1,6,6,6,6,6,6,1,6,5,9,9,2,1,6,1,6,1,6,6,1,1,1,6,6,6,6,1,6,1,1,6,6,1,1,9,1,1,1,6,6,1,4,4,6,1,6,6,3,3,4,3,6,1,6,1,2,1,6,1,6,1,1,1,1,1,6,1,6,6,6,6,1,6,1,6,1,6,1,1,3,6,1,1,1,1,1,1,2,4,5,2,3,3,3,4,3,2,3,3,3,1,1,6,6,4,1,1,1,6,6,6,1,1,6,6,1,1,1,6,1,1,1,6,1,1,1,1,4,6,6,1,1,6,1,6,6,1,6,1,1,6,1,1,1,4,5,6,6,1,1,6,1,1,6,6,1,6,1,1,1,1,6,6,6,6,6,1,1,5,4,3,6,6,6,1,1,1,6,1,1,1,1,6,1,6,2,1,1,6,1,6,1,4,3,4,3,1,1,1,1,1,1,1,6,1,1,1,1,6,6,1,6,1,1,1,1,1,1,6,9,6,6,6,6,6,6,6,1,1,1,1,6,1,6,6,6,1,1,6,1,6,6,6,1,2,1,1,4,4,1,3,2,1,6,6,1,6,5,1,1,1,6,1,6,6,6,1,6,6,2,3,3,6,4,9,4,6,6,6,1,5,1,1,1,5,5,6,6,6,1,5,6,1,1,2,9,4,5,5,6,1,6,1,1,1,1,1,1,1,1,1,1,1,6,6,6,1,6,6,6,1,1,6,1,2,2,2,3,6,6,6,1,1,1,6,1,6,6,1,6,6,5,1,6,6,6,6,1,6,1,3,4,4,9,6,6,1,6,6,1,1,1,6,6,1,1,1,1,1,6,6,1,6,1,3,3,3,6,6,3,3,3,4,3,1,1,1,1,3,9,3,2,4,5,2,2,3,3,5,2,3,3,3,9,9,3,9,6,1,6,1,6,1,1,6,1,6,1,9,9,9,9,9,9,3,9,9,1,6,1,3,5,5,5,5,9,9,4,3,4,3,9,9,2,3,1,6,5,3,3
"TYDINGS (D MD)",6,1,1,1,9,9,9,6,1,6,6,1,6,6,6,9,6,6,1,9,1,1,1,1,1,1,6,4,1,1,6,6,6,6,6,9,6,1,1,6,4,6,6,6,6,1,3,1,1,1,1,6,1,6,9,9,9,6,6,9,9,1,1,6,1,9,1,6,1,6,6,6,6,9,9,1,6,6,6,6,1,1,6,1,9,6,6,6,1,6,1,6,6,6,6,1,6,1,1,6,6,1,1,9,9,9,9,9,9,9,6,1,6,1,6,6,1,1,6,1,9,1,6,6,6,1,6,1,6,1,1,9,6,1,6,1,6,6,6,1,1,4,1,6,1,6,1,1,9,4,1,6,1,1,1,1,6,6,6,1,1,1,1,6,1,1,1,1,1,1,1,6,6,6,1,1,6,6,6,6,1,1,9,4,1,1,1,6,6,1,1,6,1,1,2,1,6,6,6,1,1,6,1,6,6,1,6,9,9,6,1,1,1,6,3,4,4,1,1,6,1,1,6,6,1,6,1,1,6,1,1,6,6,6,6,1,1,6,6,1,6,6,6,6,1,6,6,1,1,1,1,6,1,6,9,9,3,5,3,6,1,6,1,6,1,6,1,1,1,9,1,1,6,1,1,2,1,6,6,1,6,6,6,1,1,1,6,6,5,6,6,6,6,6,6,6,6,1,1,1,6,6,1,6,6,1,6,6,1,9,9,6,1,1,1,6,4,9,1,6,6,6,6,6,6,6,6,1,1,1,9,4,1,1,6,9,1,1,9,9,9,6,6,6,6,1,1,1,3,6,6,1,1,2,2,6,6,1,1,1,1,1,1,1,6,6,1,1,1,1,1,1,1,1,6,6,6,6,6,6,1,1,6,6,6,1,4,4,4,3,9,6,1,1,9,1,9,6,1,1,1,1,1,5,1,6,6,1,1,5,1,1,1,6,1,6,1,6,1,6,9,4,6,6,1,6,6,6,1,1,1,6,6,1,6,6,9,9,9,9,9,9,3,1,1,1,6,6,1,1,1,6,1,1,1,1,1,3,9,1,6,6,9,9,6,1,1,1,1,1,1,1,9,9,3,1,6,1,6,1,6,1,1,1,1,6,1,1,1,1,1,9,9,3,1,6,1,6,1,3,1,9,9,9,9,1,6,1,6,3,9,9,1,1,3,4,9,3,3
"BROOKE (R MA)",1,6,1,1,1,1,1,1,2,6,6,1,6,1,1,1,4,4,2,6,1,1,3,6,6,6,1,1,6,1,6,4,5,4,4,3,2,3,3,4,5,5,4,4,4,3,1,6,6,6,6,1,1,1,6,6,6,4,4,1,1,6,3,3,3,3,6,1,1,1,1,6,6,6,1,1,1,6,4,4,5,1,6,6,1,6,6,6,1,1,1,1,1,1,1,1,1,6,6,1,1,1,1,1,6,6,6,1,1,6,6,6,1,1,1,6,1,1,6,1,6,6,6,5,5,2,1,6,1,6,1,5,2,2,5,2,4,2,5,2,3,6,1,6,1,5,1,1,1,6,6,6,1,1,1,6,6,6,6,1,1,1,1,6,1,1,1,1,1,3,6,1,6,6,6,1,2,2,5,5,3,2,2,4,1,1,1,4,1,1,6,4,2,1,1,6,5,3,9,2,2,6,1,6,6,1,6,1,6,1,2,1,1,6,6,6,1,2,1,1,1,1,9,9,3,5,2,1,6,1,1,1,1,1,1,1,1,6,6,1,6,6,6,1,1,1,6,1,1,6,1,6,1,6,6,1,1,6,1,1,6,9,1,6,1,6,1,1,1,3,1,1,6,1,1,1,1,6,6,6,6,6,6,1,1,1,6,6,6,6,6,6,6,1,6,6,1,1,1,1,6,6,4,6,6,6,6,6,1,6,6,6,1,1,6,6,4,3,3,6,6,6,1,6,1,6,6,1,1,4,4,4,6,1,1,6,1,1,6,6,1,6,6,6,1,1,1,1,1,6,1,1,1,6,6,1,6,2,6,1,1,1,1,1,1,6,1,1,1,1,1,1,1,6,1,6,1,1,6,1,6,1,1,6,6,1,1,6,6,1,1,6,1,4,4,3,1,3,3,1,5,5,3,1,1,5,6,3,1,6,1,6,1,6,1,6,1,6,6,3,1,6,6,1,4,6,6,6,1,6,6,6,6,1,1,1,6,6,6,1,6,1,1,6,6,6,1,1,9,9,9,9,9,1,6,6,6,1,6,1,1,6,6,6,1,6,1,1,1,3,5,2,2,2,3,6,6,6,6,1,6,1,1,1,1,6,1,1,1,1,1,6,6,1,6,6,6,6,1,1,1,6,6,6,4,1,6,6,1,1,1,1,6,1,3,4,6,6,1
"KENNEDY (D MA)",1,6,1,6,9,6,1,6,3,4,3,3,4,1,6,6,6,4,1,1,1,1,1,6,6,6,6,6,1,1,1,6,6,6,6,6,6,1,1,6,6,6,6,6,6,1,1,1,6,1,6,1,9,9,9,6,1,6,1,6,6,6,6,1,1,6,6,6,1,6,6,6,6,9,9,9,9,6,1,1,1,1,6,1,1,6,6,6,1,1,1,6,6,6,6,1,6,6,6,6,6,1,1,1,1,6,6,1,6,1,6,6,6,1,6,6,1,1,6,1,6,6,6,6,6,1,1,6,1,6,1,6,1,1,6,1,6,6,6,6,1,6,1,6,1,9,3,1,1,6,1,1,1,1,1,6,1,1,1,6,1,1,1,6,1,1,1,1,1,1,1,4,6,6,6,1,5,4,4,6,1,1,9,4,9,9,9,2,6,1,1,6,1,1,1,6,6,6,5,3,3,6,1,4,4,3,6,1,1,9,3,2,3,6,6,1,1,3,1,6,1,1,6,6,1,6,1,1,1,1,1,1,6,1,6,1,1,6,6,6,6,6,6,6,6,6,6,1,1,1,1,6,1,6,6,1,1,6,1,1,6,6,1,6,1,6,1,1,1,9,1,1,6,1,1,1,1,6,6,6,6,6,6,1,1,1,1,6,9,6,6,6,6,6,6,6,1,1,1,1,6,6,4,6,6,6,9,4,3,9,9,9,1,6,1,1,6,1,2,9,9,6,5,6,6,6,4,1,1,1,9,4,1,1,6,6,6,6,4,3,3,4,6,6,4,3,2,2,3,2,3,3,3,2,2,4,4,3,6,1,1,1,1,1,1,6,1,1,1,1,1,1,1,6,1,1,1,1,1,3,3,3,4,4,4,2,5,4,4,3,9,5,3,4,4,3,9,4,3,4,5,3,3,3,3,4,4,4,9,9,9,9,9,9,9,9,9,9,9,9,9,9,9,9,9,9,9,9,9,9,9,9,9,9,9,9,9,9,9,9,9,9,9,9,9,9,9,9,9,9,9,9,9,9,9,9,9,9,9,9,9,9,9,9,9,9,9,9,9,9,9,9,9,9,9,9,9,9,9,9,9,1,1,1,1,6,1,9,9,9,9,9,1,1,9,9,9,9,1,1,1,6,6,6,6,9,6,1,1,3,1,1,9,9,1,6,9,1,1
"GRIFFIN (R MI)",6,1,1,1,1,1,3,1,1,5,9,9,9,6,6,6,9,9,1,9,6,1,1,1,1,1,1,6,1,1,9,6,6,6,6,1,1,6,1,6,6,6,6,1,6,1,1,1,6,1,6,1,6,1,6,6,6,6,6,1,6,6,1,1,1,1,6,1,1,9,9,9,9,9,9,1,6,6,6,6,1,1,6,1,9,1,6,1,1,1,1,1,1,1,1,1,1,1,1,1,1,1,1,6,1,1,1,1,1,6,1,1,1,9,9,9,1,6,1,1,9,6,6,1,5,1,1,6,1,6,1,2,1,1,6,6,6,1,6,1,1,6,1,9,9,6,1,1,1,6,1,6,1,1,1,1,6,1,1,6,6,1,1,6,1,1,6,6,1,1,1,1,1,6,6,1,1,1,6,6,1,1,1,6,1,1,1,9,3,3,1,6,1,3,9,3,1,1,1,6,6,6,1,1,1,6,6,1,6,9,6,1,1,1,1,6,6,6,1,6,6,6,1,6,1,1,6,6,6,6,1,1,1,1,6,1,1,1,6,1,6,1,1,6,6,6,1,1,1,6,1,6,1,6,6,1,1,9,3,6,1,6,1,6,1,1,1,1,1,1,1,1,6,1,1,1,1,6,6,1,6,6,6,6,1,1,6,6,6,6,6,6,6,6,6,1,1,1,1,1,1,1,1,1,6,1,6,1,6,9,9,9,1,6,6,9,6,1,1,6,6,1,6,6,1,6,6,1,1,6,6,6,6,6,1,6,1,1,1,1,6,6,9,9,9,6,6,6,1,9,9,9,3,4,4,6,6,1,1,6,1,1,1,1,1,6,5,6,6,1,6,1,1,1,6,6,1,1,6,6,6,6,1,1,1,1,9,6,6,9,3,6,1,1,1,1,3,1,6,1,1,1,1,6,1,9,6,1,6,6,1,6,6,6,6,6,1,6,6,9,1,6,9,1,1,3,9,9,9,6,6,6,6,9,9,9,9,9,9,9,9,9,9,1,1,9,1,1,1,6,6,1,1,9,1,1,6,6,1,9,9,9,9,9,9,9,9,9,9,1,1,1,6,6,1,6,6,6,6,1,6,6,1,1,1,6,1,1,1,1,9,6,6,1,6,6,6,6,6,1,6,6,6,6,6,6,6,6,9,3,1,1,1,1,9,9,6,6,1
"HART (D MI)",1,6,1,1,6,6,9,6,1,6,1,1,6,1,6,6,6,6,1,1,1,3,5,5,5,5,5,6,1,1,6,6,6,6,6,1,1,1,1,6,6,6,6,6,6,1,3,1,1,1,1,6,6,1,9,1,1,6,6,1,6,1,6,6,1,9,1,6,1,6,1,6,6,6,1,6,1,4,9,9,9,2,5,2,9,6,6,1,1,1,1,6,6,6,6,1,6,1,1,6,6,1,1,1,1,6,6,1,6,1,6,1,6,9,9,9,1,1,6,1,6,6,6,6,6,1,6,6,1,6,1,6,1,1,6,1,6,6,6,6,1,6,1,1,1,6,1,1,9,4,2,2,3,3,3,9,1,6,6,1,1,3,1,6,1,1,1,1,1,1,1,6,6,6,6,1,6,6,6,6,1,1,6,6,6,6,1,6,6,1,6,6,1,1,2,5,6,6,6,1,1,1,1,6,6,1,6,1,6,6,1,1,1,6,6,6,6,1,1,1,1,1,6,6,1,6,1,1,1,2,2,4,4,4,4,3,1,6,6,6,6,6,6,6,6,6,6,1,1,1,1,6,1,5,1,1,1,6,1,1,6,6,3,6,1,6,1,1,1,1,1,1,6,1,1,1,1,6,6,6,6,6,6,1,1,1,6,6,6,6,6,6,6,6,6,6,1,1,1,1,6,6,6,9,9,4,4,4,3,6,6,6,1,6,1,1,1,1,6,1,1,1,6,1,6,6,6,1,6,1,6,6,4,3,4,4,6,6,6,1,1,6,6,6,6,1,1,1,1,6,1,1,1,2,2,4,4,3,6,1,1,6,6,6,1,6,1,1,1,1,1,1,1,6,1,1,1,1,1,1,1,1,6,6,6,6,6,6,6,6,1,6,1,6,6,9,1,6,1,6,1,1,1,6,1,6,1,6,1,1,1,1,6,1,6,6,1,1,1,6,9,6,4,6,6,6,6,6,1,1,6,6,6,6,6,6,6,6,1,1,9,9,3,1,1,3,6,9,1,6,6,6,1,1,1,1,1,1,9,1,1,6,6,9,1,1,1,1,1,1,1,1,1,1,1,1,9,1,6,1,6,1,2,1,1,6,1,1,1,1,9,2,1,1,1,6,6,6,1,1,1,2,2,9,6,1,6,1,9,1,1,1,6,1,1,6,1,1,1
"MONDALE (D MN)",1,6,1,6,6,6,1,6,1,6,1,1,6,1,6,6,9,9,1,1,1,1,6,6,1,6,6,9,9,9,9,9,6,6,6,6,6,1,1,6,6,6,6,6,6,1,1,1,1,1,1,6,9,9,9,6,1,6,6,6,1,1,1,6,1,9,1,6,1,9,6,6,6,6,1,6,1,5,1,1,6,1,6,1,1,6,6,6,1,6,1,6,6,6,6,1,1,6,6,6,6,1,1,1,6,6,6,1,6,1,6,6,6,9,6,1,1,1,6,1,6,6,6,6,5,9,6,1,1,6,1,6,1,1,6,1,6,6,6,1,1,6,1,6,1,6,1,1,6,6,1,6,1,1,1,6,6,6,6,1,1,1,1,6,1,1,1,1,1,1,1,6,6,6,6,1,6,6,6,6,1,1,1,6,6,1,1,6,6,1,6,6,1,1,1,5,6,6,6,1,1,6,1,6,6,1,6,1,1,9,1,1,1,4,4,6,6,1,1,1,6,1,6,6,1,5,3,1,1,9,1,6,6,1,1,1,1,9,6,1,6,6,1,1,1,6,6,1,1,1,1,6,1,6,1,1,1,6,1,9,9,9,1,6,2,6,9,3,9,9,1,1,6,1,1,1,1,6,6,6,6,6,6,1,1,1,6,6,6,6,6,6,6,6,6,6,1,1,1,1,6,9,9,9,4,4,9,4,3,4,4,4,1,1,1,1,6,1,6,1,9,1,6,6,6,6,6,1,1,1,6,6,1,1,1,6,6,6,6,1,1,6,6,6,9,1,2,1,1,6,1,3,3,1,1,6,6,1,6,9,9,1,1,1,1,6,1,1,1,1,1,1,1,5,9,9,9,9,9,9,9,9,9,9,9,9,4,9,9,9,9,6,1,9,9,9,1,6,1,1,6,1,1,6,1,6,9,1,1,6,1,6,1,6,1,6,1,9,1,9,6,6,6,9,9,6,6,6,9,9,6,9,9,6,6,6,6,6,1,1,1,6,1,1,1,1,6,6,1,1,1,6,1,1,1,1,1,1,6,1,1,6,9,9,1,1,1,1,1,1,1,1,1,9,3,9,9,9,6,1,6,1,1,1,1,6,1,1,1,1,1,1,1,1,1,1,9,9,1,1,9,9,9,6,6,1,6,1,6,9,1,1,6,1,1,6,9,1,3
"MCCARTHY (D MN)",3,5,1,6,6,9,1,1,1,1,1,9,6,1,1,1,9,6,3,3,3,1,9,9,9,6,1,9,9,6,1,1,1,6,1,6,6,1,6,6,6,6,6,6,6,1,1,1,6,1,9,4,6,6,6,6,1,9,9,6,1,1,1,6,1,6,1,9,9,6,6,6,6,6,1,6,1,6,1,6,6,9,9,9,1,6,6,6,1,6,1,6,6,6,6,1,6,9,6,6,6,9,9,1,6,6,6,1,6,1,6,6,6,1,6,1,1,9,6,1,6,6,6,6,6,9,6,1,6,1,1,6,1,1,6,1,6,6,6,6,1,6,6,6,3,6,1,2,6,6,6,4,6,1,1,6,9,9,9,9,9,9,1,9,1,1,1,1,1,1,1,6,6,6,6,1,6,6,6,6,6,1,6,9,9,9,9,9,9,1,6,4,6,9,9,9,9,9,9,9,9,6,1,6,9,1,6,9,9,9,9,1,1,9,9,9,9,9,9,9,9,9,9,9,1,1,1,9,9,9,9,9,9,9,9,9,1,9,6,6,9,9,6,1,1,1,9,1,1,1,9,9,9,6,9,1,9,9,3,9,9,6,9,6,1,9,9,9,9,9,3,1,4,3,1,1,3,9,9,9,9,9,9,9,3,3,9,4,9,4,6,6,4,9,9,9,9,1,3,9,9,9,9,9,6,9,9,6,9,9,9,9,9,9,9,9,9,9,9,9,9,9,9,9,9,9,9,9,9,9,9,9,9,9,9,1,9,9,9,9,9,9,4,4,9,9,9,9,9,9,9,9,3,9,9,9,9,9,9,9,9,9,9,9,9,9,2,2,2,3,3,2,2,4,9,9,9,9,9,9,9,9,9,9,9,9,9,9,9,9,9,9,9,9,9,9,9,9,9,9,9,9,9,9,2,9,9,9,1,9,9,9,9,9,9,9,9,9,9,9,9,9,9,9,9,9,9,9,9,9,9,9,9,9,9,9,9,9,9,2,9,9,9,9,9,9,9,9,9,9,9,9,9,9,9,9,9,9,9,9,9,9,9,9,9,9,9,1,9,9,9,9,1,9,9,9,9,9,9,9,9,9,9,9,9,9,9,9,9,9,9,9,9,9,9,9,9,9,1,9,9,9,9,9,9,9,9,9,9,9,9,9,9,9,9,9,9,9,9
"STENNIS (D MS)",6,1,6,9,1,6,1,1,1,1,1,1,9,1,1,1,6,6,1,1,6,1,1,1,1,1,1,6,1,1,9,1,6,6,6,6,6,6,6,2,1,1,1,1,1,6,1,1,1,1,1,6,6,6,6,6,1,6,6,9,9,2,1,6,1,1,1,6,1,4,4,4,4,4,4,1,1,6,6,6,1,6,1,6,6,1,6,6,1,6,1,1,1,6,1,6,6,6,6,6,6,1,1,6,6,6,6,1,6,1,6,1,6,1,6,1,6,1,6,1,9,6,1,1,6,6,1,6,1,6,1,1,6,6,1,6,1,6,1,1,6,6,6,6,1,1,6,5,1,6,6,6,1,6,1,1,6,6,6,1,6,1,6,1,6,6,6,6,1,3,1,6,6,1,6,6,1,1,1,1,1,6,6,6,6,6,1,6,6,1,1,1,6,1,6,1,1,1,1,6,1,1,1,1,1,6,1,6,6,6,1,6,1,1,1,9,9,9,6,9,1,6,1,1,1,1,6,6,6,6,9,9,9,9,9,9,6,6,1,6,6,6,6,6,6,6,6,1,1,1,6,1,6,1,6,6,9,1,6,6,1,1,1,1,6,1,6,6,6,9,6,6,1,6,1,6,6,1,1,1,1,1,1,1,6,6,1,1,1,1,1,1,1,1,1,1,6,6,6,6,6,1,6,6,6,6,6,6,6,6,6,6,6,6,6,6,6,1,1,6,6,6,1,6,1,6,1,6,1,6,6,1,9,9,9,9,1,1,1,1,1,1,1,1,6,6,6,6,6,6,6,6,1,6,6,1,1,1,1,6,6,6,6,6,6,1,6,6,6,6,6,6,6,1,6,6,6,6,6,6,6,6,1,6,9,1,1,1,1,1,6,1,6,6,6,6,1,1,6,6,6,6,1,1,1,1,1,1,6,6,6,6,6,6,6,1,1,6,6,6,6,6,1,1,6,1,1,6,6,6,6,1,6,6,6,6,6,6,6,1,1,6,1,1,1,6,1,6,6,1,1,6,6,6,1,1,1,1,1,6,6,1,6,1,6,1,6,6,1,1,6,6,6,6,3,6,1,6,1,6,1,6,4,6,6,6,6,6,6,6,6,6,6,6,6,6,6,1,6,6,6,6,6,6,6,6,6,1,6,1,6,6,6,1,1,1,1,6,1
"EASTLAND (D MS)",6,1,6,9,9,4,3,3,3,9,9,9,9,9,9,2,6,6,6,9,6,1,1,1,1,1,1,6,1,1,9,1,6,6,1,6,1,1,6,1,1,1,1,1,1,6,3,1,6,1,1,6,6,6,6,6,1,6,6,6,1,2,1,6,1,9,1,1,1,6,6,6,4,4,4,1,1,6,6,6,1,5,2,5,6,1,6,6,1,1,1,1,1,6,6,6,6,6,6,1,1,1,1,9,6,6,6,1,6,9,9,9,6,9,6,1,6,6,6,1,9,9,1,1,1,9,1,6,1,6,1,1,6,6,1,6,1,6,1,1,6,6,6,6,1,1,6,6,9,9,6,6,1,6,9,9,1,6,6,1,1,6,6,1,6,6,1,6,1,9,1,6,6,1,6,6,1,1,1,1,1,6,9,9,9,9,9,9,6,1,1,1,6,1,6,1,1,1,1,6,1,1,1,9,9,9,2,9,9,6,1,6,1,1,1,6,6,9,6,6,6,6,1,1,1,1,6,6,4,5,9,9,9,9,9,9,9,6,1,6,6,6,6,6,6,6,6,1,1,1,6,1,6,1,6,6,6,1,6,4,3,9,3,2,5,3,5,5,9,9,5,6,1,6,1,6,6,1,1,1,1,1,1,1,6,6,1,1,1,1,1,1,1,1,1,1,6,6,6,6,6,1,9,9,9,9,9,9,9,9,9,9,6,6,6,6,6,1,1,6,6,6,1,6,1,6,1,6,1,6,6,1,6,6,6,1,1,1,1,1,1,2,9,9,9,9,9,9,5,4,5,5,3,6,6,6,1,1,1,6,6,6,6,6,6,1,6,6,6,6,6,6,6,1,6,6,6,6,6,6,6,6,1,6,1,1,2,2,2,3,9,2,5,9,9,9,1,6,1,9,6,6,1,1,1,1,1,1,6,6,6,6,6,6,6,1,1,6,6,9,9,9,9,1,6,1,1,6,6,6,6,1,1,6,6,6,6,6,6,1,1,6,1,1,1,6,1,9,2,9,9,9,9,6,1,1,1,1,1,6,6,1,1,1,6,1,6,6,1,1,6,6,6,4,9,9,1,6,1,6,1,6,6,6,6,6,6,6,9,6,9,9,9,6,6,1,6,1,6,6,6,6,6,6,6,6,6,1,9,3,9,9,6,6,6,1,3,9,9
"SYMINGTON (D MO)",1,6,1,1,1,6,1,6,1,6,1,1,6,1,6,1,1,6,1,1,1,1,1,1,1,1,1,6,1,1,1,6,6,6,6,1,6,1,1,6,6,6,6,6,6,1,1,1,1,1,1,1,6,1,5,6,1,6,6,5,2,6,1,1,1,6,6,6,1,6,6,6,6,6,6,9,9,6,1,1,6,6,1,1,1,1,6,6,1,6,1,6,1,6,6,1,6,6,6,6,6,1,1,1,6,6,6,1,6,1,6,1,6,1,6,1,1,1,6,1,6,1,6,1,9,9,6,1,6,1,6,1,6,6,1,6,6,6,6,1,6,6,6,6,1,1,6,1,9,9,9,9,9,9,9,9,9,9,9,9,9,9,9,9,9,9,9,9,9,9,9,9,9,6,6,6,1,6,6,6,1,1,6,6,6,6,1,6,6,1,1,6,6,1,6,1,1,1,6,6,1,1,1,1,1,1,6,1,1,6,9,9,9,1,1,6,6,1,6,9,1,1,6,6,1,6,1,6,6,1,6,6,6,6,6,1,1,9,9,9,9,9,9,9,9,9,9,9,9,9,9,9,9,6,6,1,1,6,1,5,3,9,1,1,1,1,6,1,1,1,1,1,6,1,1,1,1,6,6,1,6,6,1,1,1,1,1,6,1,6,6,6,6,6,6,6,1,1,1,1,6,1,6,6,6,6,1,6,6,6,6,6,1,1,1,6,4,5,1,6,6,6,1,6,1,6,6,1,1,1,6,6,6,6,6,6,1,1,1,1,6,6,6,6,6,6,1,1,6,6,6,1,1,6,1,1,1,6,1,6,1,1,1,1,6,6,1,1,6,1,6,1,1,1,6,6,1,6,6,6,1,1,6,6,6,1,6,6,6,1,1,6,1,6,6,1,1,1,1,6,1,1,1,1,1,1,6,1,1,6,1,6,1,6,6,6,1,6,1,6,1,6,6,6,6,1,1,6,6,1,1,6,6,6,6,6,6,6,1,1,1,6,1,1,1,6,1,6,1,1,1,1,1,1,1,1,1,1,1,6,6,1,1,6,6,1,6,1,1,1,6,1,6,1,1,1,1,9,5,1,6,6,1,6,1,6,1,6,6,6,6,1,6,1,6,1,6,1,1,1,1,6,6,9,9,9,4,3,9,3,1,1,6,1,9,4,1,9,3
"LONG (D MO)",6,1,1,1,1,6,1,6,9,9,9,9,9,1,1,9,6,6,9,1,1,1,9,9,9,9,9,9,9,9,9,6,6,6,6,1,6,1,1,6,6,6,6,6,6,1,1,1,1,1,1,6,6,1,1,1,1,6,6,6,1,1,6,6,1,9,1,6,1,6,6,6,6,6,6,1,1,5,1,1,1,6,1,1,1,1,6,6,1,6,1,6,1,6,6,1,6,6,6,6,6,1,1,1,9,4,6,1,6,1,6,6,9,1,6,1,1,1,6,1,6,1,6,9,9,9,6,1,6,1,1,1,1,1,6,1,6,6,1,1,1,6,1,6,1,6,1,1,1,6,1,6,1,1,1,6,1,6,6,1,1,1,1,6,1,1,1,1,1,1,1,6,6,6,6,1,6,6,6,6,1,1,6,6,6,6,1,9,6,1,1,6,6,1,6,6,6,6,6,1,1,9,9,6,6,1,6,1,1,6,1,9,3,9,9,9,9,9,1,6,6,1,6,6,1,9,9,9,9,9,9,9,9,9,9,9,3,6,6,6,6,6,6,6,1,6,6,1,1,1,1,6,1,6,6,1,1,9,1,1,1,9,3,4,3,9,9,9,3,1,1,1,6,1,3,1,1,6,6,1,6,6,6,1,1,1,1,6,1,6,6,6,6,6,6,6,1,1,1,6,6,1,6,9,9,9,9,9,9,9,4,4,9,9,9,9,9,9,9,9,9,9,9,9,9,9,9,9,9,9,9,9,9,9,9,9,1,9,9,9,9,6,6,6,6,9,9,9,9,9,9,9,9,6,1,9,9,9,9,6,1,1,1,1,6,6,1,1,1,1,1,1,1,6,1,1,1,1,1,1,9,9,9,9,9,9,9,9,9,9,9,9,9,9,9,9,9,9,9,9,9,9,9,9,9,9,9,9,9,9,9,9,9,9,9,9,9,9,9,9,9,9,4,9,9,9,9,9,9,9,9,9,9,4,4,4,4,4,2,3,9,9,9,9,9,9,9,9,3,3,3,4,3,9,9,9,9,9,9,9,9,9,9,9,9,9,9,9,9,9,9,9,9,9,9,9,1,6,9,9,9,9,9,9,9,9,9,9,5,5,9,9,9,9,9,9,9,9,9,9,9,9,9,9,9,9,9,9,9,9,9,9,9,9,9,9,9,9,9
"METCALF (D MT)",1,6,1,1,1,6,1,3,1,6,6,1,6,1,1,2,6,6,1,1,1,2,1,1,1,1,1,6,1,6,6,6,6,6,6,6,4,3,3,6,6,6,6,6,6,1,1,3,3,3,3,5,9,5,9,9,9,9,9,5,2,1,6,6,1,6,1,6,1,6,6,6,9,9,9,1,6,1,1,1,6,1,6,1,1,6,6,1,1,6,1,6,6,6,6,1,6,6,6,6,6,9,9,9,9,9,9,9,9,9,9,9,9,1,9,9,9,2,9,3,6,6,9,9,5,9,6,1,6,1,1,6,1,1,1,1,6,6,1,1,1,9,9,9,9,9,9,3,6,6,9,9,9,9,9,9,6,6,6,1,1,9,1,6,1,1,9,1,3,1,1,6,6,6,6,1,6,9,6,6,1,1,6,6,6,4,6,9,9,9,9,9,9,1,1,1,6,6,6,1,1,6,1,6,6,1,6,1,1,6,1,9,9,9,9,6,6,1,6,6,6,1,6,6,1,6,1,1,1,1,1,6,6,6,6,1,1,6,6,6,6,6,1,1,1,6,6,1,1,1,1,6,1,6,1,1,1,6,1,1,6,6,1,6,1,6,1,1,1,9,1,1,5,1,1,1,1,4,4,6,6,6,6,1,1,1,6,6,6,6,6,6,6,6,6,9,1,1,3,9,9,9,6,6,6,6,6,6,1,6,6,6,6,6,6,9,6,1,6,1,6,1,6,1,6,6,6,1,6,1,6,6,1,1,9,6,6,6,6,6,9,6,6,6,6,3,2,2,9,4,3,2,3,1,1,6,6,1,6,6,6,6,6,6,6,1,1,1,1,1,1,1,1,1,1,1,1,1,1,1,1,1,6,6,6,6,6,6,6,1,1,6,3,6,6,9,6,1,1,6,6,6,1,6,1,9,6,9,1,1,6,6,6,6,6,6,1,6,1,9,6,6,6,6,9,6,6,6,1,1,1,6,6,5,6,6,6,9,1,1,1,6,1,1,1,6,6,6,3,1,1,6,1,1,1,1,1,1,6,1,6,6,6,6,1,1,1,1,1,1,1,1,9,9,9,1,6,6,1,6,1,6,6,6,6,6,6,6,6,6,1,1,9,9,9,9,9,9,1,1,1,1,1,6,6,6,6,1,6,1,1,1,6,6,1,6,1,1,1
"MANSFIELD (D MT)",6,1,1,9,1,6,1,6,1,6,5,6,1,9,9,9,9,9,1,1,1,1,5,5,5,2,5,2,5,5,1,6,1,6,6,1,6,1,1,6,6,6,6,6,6,1,1,5,6,1,2,5,6,6,2,6,1,6,5,6,1,1,6,5,1,6,1,6,1,9,9,9,9,9,9,6,1,1,6,6,1,1,6,1,1,6,6,6,1,6,1,6,6,6,6,1,6,6,6,6,6,6,1,6,6,6,6,1,6,1,6,1,6,1,6,1,6,9,5,2,6,6,6,6,6,6,5,1,5,1,1,6,6,1,6,1,6,1,6,1,1,6,6,6,1,6,1,2,9,9,9,9,9,9,9,9,6,6,6,1,2,2,1,6,1,6,1,1,1,1,1,6,6,6,6,6,5,6,6,5,1,5,6,6,5,6,1,6,6,1,1,2,6,5,5,2,6,6,6,1,1,6,1,6,6,2,5,5,2,5,1,9,3,2,6,6,6,1,6,6,1,1,5,5,5,5,2,2,6,2,2,6,5,6,6,6,1,6,1,1,6,6,6,6,6,6,6,1,1,1,2,5,2,6,1,2,1,6,1,6,1,1,1,2,5,5,1,1,1,1,2,2,1,2,2,1,1,6,4,1,2,2,2,1,5,1,1,1,1,1,6,6,6,6,1,6,5,1,1,1,2,6,2,6,6,6,6,6,1,9,9,9,5,1,6,6,6,6,6,6,6,1,6,1,6,6,9,9,9,9,9,9,9,9,9,5,1,1,6,6,6,6,1,6,6,2,1,1,5,5,1,1,6,6,6,6,5,1,1,1,1,6,6,6,6,2,5,5,5,1,6,5,5,2,6,5,5,6,6,6,1,1,6,6,6,1,6,6,6,1,1,2,1,6,6,6,1,1,1,1,2,3,3,2,1,6,6,1,1,6,6,6,6,6,6,1,1,6,1,2,6,6,6,6,9,1,9,9,6,1,9,9,9,6,6,1,2,2,1,1,1,6,1,1,1,1,6,6,5,1,1,6,1,1,1,3,1,1,6,6,6,6,6,6,6,1,6,2,1,1,1,1,6,1,1,1,1,6,6,1,6,2,1,5,2,6,2,6,6,6,6,1,1,1,1,1,1,1,1,5,1,6,6,6,6,1,6,1,6,1,1,1,2,1,1,2,1,1,1
"CURTIS (R NE)",6,1,6,1,1,6,1,1,1,6,1,6,1,6,1,1,1,1,6,6,6,1,3,3,3,3,3,1,6,1,4,1,6,6,1,1,1,1,1,1,1,1,1,1,1,6,1,1,6,1,6,1,6,1,6,6,6,6,6,6,1,6,1,1,6,3,6,1,1,6,6,6,6,6,6,1,6,1,6,6,1,6,1,6,6,1,1,1,1,1,1,1,1,1,1,6,5,4,6,1,1,6,1,6,6,6,6,1,1,4,4,2,3,6,1,6,6,6,1,1,6,4,2,3,2,5,1,6,1,6,1,1,1,6,1,6,1,1,1,1,6,6,6,6,1,1,1,1,1,2,6,6,1,1,1,1,6,6,6,1,6,6,6,1,6,1,6,6,1,1,1,1,1,1,6,6,1,1,1,1,1,6,6,6,6,6,1,6,2,3,1,1,1,1,6,1,1,1,1,6,6,5,9,1,1,6,1,6,6,6,6,6,1,1,1,6,6,6,6,6,1,6,1,1,6,1,6,6,6,6,6,6,1,6,6,6,6,1,1,1,1,1,6,1,1,1,1,6,1,6,6,1,6,1,6,6,6,1,1,6,1,1,1,1,1,1,6,1,1,1,6,6,1,6,1,6,6,1,1,1,1,1,1,1,6,6,1,6,1,2,2,1,6,6,1,1,6,1,1,6,1,1,1,1,1,1,1,1,6,6,1,1,6,6,6,6,6,6,1,6,6,6,1,6,1,6,1,6,1,6,6,1,6,6,1,1,1,1,1,1,6,4,3,3,4,4,4,4,9,4,4,2,3,6,6,2,2,6,1,6,6,6,6,6,6,1,6,6,6,6,6,6,6,1,6,6,6,6,6,6,6,6,1,1,1,1,3,3,2,3,3,6,1,6,1,6,1,1,1,1,6,6,1,1,6,3,1,1,6,6,6,6,6,6,6,1,1,6,6,1,1,1,1,1,6,1,1,1,6,6,6,6,1,1,1,1,6,6,6,6,6,1,1,6,6,6,1,1,6,6,6,1,6,6,1,6,6,6,1,6,6,1,1,1,6,1,6,5,1,3,3,4,4,4,3,6,1,6,1,6,1,6,6,6,6,1,1,5,4,5,4,4,6,1,6,6,6,1,6,6,6,6,6,6,6,6,1,1,6,1,6,6,6,1,1,6,6,6,1
"HRUSKA (R NE)",6,1,6,1,1,6,1,1,1,1,1,1,1,1,1,1,9,9,5,6,6,1,3,3,3,3,3,3,4,3,4,1,6,6,6,1,1,1,1,1,1,1,1,1,1,6,3,1,6,1,6,1,1,1,6,6,6,6,6,6,1,6,1,1,6,3,6,1,1,6,6,6,6,6,6,1,6,1,6,6,1,6,1,6,9,1,6,6,1,1,1,1,1,1,1,6,1,1,1,1,1,5,1,6,6,6,6,1,1,6,6,1,1,6,1,6,6,6,1,1,6,6,1,1,2,9,1,6,1,6,1,1,1,6,1,6,1,1,1,1,6,6,6,6,1,1,6,1,1,1,6,6,1,1,1,1,6,6,6,1,6,6,6,1,6,1,6,6,1,3,3,3,3,1,6,6,1,1,1,2,3,5,4,9,9,9,9,6,6,1,1,1,6,1,6,1,1,1,1,6,6,9,9,1,1,6,1,5,6,1,9,3,3,1,1,6,6,6,6,6,1,6,1,1,1,1,6,6,6,6,6,1,1,1,6,6,1,1,1,1,1,6,6,1,1,1,1,6,1,6,6,1,6,1,6,6,9,1,1,6,1,1,1,2,3,1,6,1,1,1,6,6,1,6,1,6,6,1,1,1,1,1,1,1,6,6,1,6,1,1,1,1,6,9,9,9,9,2,1,6,6,1,1,1,1,1,1,1,6,5,4,5,6,6,1,1,6,1,1,6,6,6,1,6,1,6,1,5,1,6,6,1,6,6,1,1,1,1,1,1,6,6,9,9,9,6,6,6,9,4,4,9,3,6,6,1,1,6,1,6,6,6,6,6,6,1,6,6,6,6,6,6,6,1,6,6,6,6,6,6,6,6,1,1,1,1,1,1,1,1,1,6,1,4,4,2,1,1,1,6,6,1,1,1,6,1,6,1,5,4,6,6,6,6,4,3,3,6,6,1,9,9,1,1,6,1,1,1,6,6,6,1,1,1,6,6,4,5,4,5,2,5,3,1,1,6,1,5,9,9,9,9,9,5,9,9,9,9,3,4,4,2,3,3,4,9,5,2,2,3,3,4,9,9,3,6,1,6,1,6,1,6,6,6,6,1,1,1,1,1,4,4,4,1,6,6,1,1,6,6,6,6,6,6,6,6,1,1,4,1,5,5,6,1,1,6,1,6,1
"BIBLE (D NV)",6,1,6,1,1,6,1,1,1,6,1,1,6,1,1,1,9,9,9,1,1,1,1,1,1,1,1,6,1,1,6,6,1,6,6,6,6,1,1,1,4,6,6,6,6,6,1,1,6,1,1,6,6,1,6,6,1,6,6,6,1,1,1,6,1,6,1,6,1,6,6,6,6,6,6,6,1,1,6,6,1,1,6,1,6,1,6,6,1,1,1,1,6,6,6,1,6,6,6,6,6,6,1,6,6,6,6,1,6,1,6,1,6,1,6,1,6,1,6,1,6,1,9,9,9,9,6,1,6,1,1,1,6,6,1,6,1,6,1,1,6,6,6,6,1,1,6,3,3,9,9,9,9,3,3,9,1,6,6,1,1,1,6,1,6,6,1,1,9,1,1,6,6,6,6,6,1,6,6,1,1,1,6,6,6,6,1,6,6,1,1,1,6,1,6,1,6,1,6,1,1,4,3,6,6,1,1,6,1,1,1,6,1,1,1,6,6,1,6,6,1,6,6,6,1,1,6,6,6,1,6,6,6,6,6,6,1,9,1,1,6,6,6,6,1,6,6,1,1,1,6,1,6,6,6,6,1,1,1,6,1,6,1,1,1,1,6,1,1,9,1,6,6,6,1,6,6,1,6,1,1,1,1,1,6,6,1,6,9,1,6,6,6,6,6,1,6,1,1,6,6,1,1,6,6,1,1,6,6,9,9,9,1,1,1,1,6,6,6,1,1,6,1,6,1,6,1,1,1,1,6,1,6,6,6,6,6,6,6,1,1,6,9,9,9,9,9,9,9,9,9,9,3,6,6,6,6,6,1,6,6,6,6,6,6,1,6,6,6,1,6,1,1,1,6,6,1,6,6,6,1,1,6,6,6,1,9,9,9,9,9,9,9,6,6,6,1,1,1,9,6,6,1,1,1,1,6,6,6,6,6,6,6,6,6,6,1,6,1,1,9,9,9,6,6,9,1,6,6,6,1,1,1,6,1,6,1,1,6,6,1,6,1,1,1,1,6,6,1,1,1,6,1,1,1,1,1,1,3,6,6,1,1,1,6,1,6,6,1,9,9,9,9,5,9,9,9,9,1,6,1,6,6,6,6,6,6,6,6,6,1,1,9,9,9,9,9,9,4,9,9,9,9,9,9,9,9,9,9,9,9,9,9,9,9,9,9,9,9
"CANNON (D NV)",6,1,6,6,1,6,1,1,1,6,1,1,6,1,1,1,4,4,1,1,1,1,1,1,1,1,1,6,1,1,6,1,1,1,6,6,6,6,1,2,4,5,4,4,4,4,1,1,6,1,1,6,6,1,1,6,1,6,6,6,1,1,1,6,1,6,1,6,1,6,6,6,6,6,6,1,6,2,1,6,1,1,6,1,6,1,6,1,1,1,1,1,6,6,6,1,6,6,6,6,6,6,1,1,1,6,6,1,6,1,6,1,6,1,6,6,6,1,6,1,6,5,9,9,9,4,1,6,1,6,1,1,6,6,1,6,1,6,9,9,9,6,6,6,1,1,1,1,1,6,6,6,6,1,1,6,1,6,6,1,1,1,1,1,6,6,1,1,3,1,1,6,6,6,6,6,1,6,6,1,1,1,6,6,6,6,1,6,6,1,1,1,1,1,6,1,1,6,6,1,1,4,3,4,4,3,4,3,4,2,3,4,3,4,4,4,4,3,4,4,2,2,4,4,3,9,9,9,4,3,3,4,4,4,4,3,3,1,6,1,6,1,6,1,1,6,6,1,1,1,6,1,6,6,6,1,1,6,1,6,1,1,1,6,1,1,1,1,1,1,1,4,4,6,1,6,1,1,6,1,1,1,1,1,6,6,1,1,1,1,6,6,6,6,6,1,6,1,1,1,6,6,1,6,6,1,1,6,6,6,6,6,6,6,1,1,4,2,6,6,1,6,1,1,6,6,1,1,1,6,6,1,6,6,6,1,6,6,1,1,1,6,6,6,6,6,6,6,6,6,1,1,1,6,6,4,4,6,1,6,6,6,6,6,6,1,6,6,6,6,6,6,1,1,1,1,1,6,6,1,1,3,9,4,4,3,6,6,1,1,1,6,1,6,6,6,1,1,1,6,6,6,1,1,1,9,6,6,6,6,6,6,6,6,6,6,1,6,1,1,6,9,6,9,6,6,1,6,1,6,6,1,6,6,1,1,1,1,6,6,1,6,1,1,1,1,6,6,1,1,1,6,1,1,1,1,1,1,1,6,6,1,1,1,6,1,1,6,1,1,9,9,9,9,3,3,4,9,1,6,1,6,6,6,6,6,1,1,6,1,9,9,6,1,6,6,1,1,6,1,6,6,6,6,6,6,6,1,6,1,1,1,1,1,3,4,9,9,3
"MCINTYRE (D NH)",1,6,1,1,9,4,3,9,2,4,9,9,9,9,9,9,9,6,1,1,1,1,1,6,6,6,6,6,1,6,1,9,9,9,9,9,6,1,1,6,6,6,6,6,6,1,3,1,6,1,1,6,1,1,6,6,1,6,6,6,6,1,6,6,1,6,1,6,1,6,6,6,6,6,6,9,9,6,1,1,6,1,6,1,9,1,1,1,1,1,1,6,6,6,6,1,6,6,6,6,6,1,1,6,1,6,6,1,6,1,6,1,6,9,6,1,1,1,6,1,6,6,6,1,9,9,6,1,6,1,1,1,6,1,6,6,1,6,1,1,1,4,9,4,3,6,1,1,1,6,1,6,6,1,1,1,6,6,6,1,1,1,1,6,1,6,1,1,1,3,3,9,6,6,6,6,1,6,6,6,1,1,6,6,6,6,1,6,6,1,1,6,6,1,6,1,6,6,6,1,1,6,1,6,6,1,6,6,1,6,1,1,1,6,6,1,6,9,6,6,1,1,6,6,1,6,1,1,1,1,6,6,6,6,6,1,1,9,9,9,9,9,9,9,9,9,9,9,9,1,1,6,1,6,6,1,1,6,1,6,1,6,1,6,1,1,1,1,1,9,1,1,6,1,1,1,1,6,6,1,6,1,6,1,1,1,6,6,1,1,9,9,9,9,9,9,9,3,3,3,4,9,4,6,6,6,6,6,1,6,6,6,9,9,9,9,9,9,6,1,6,6,1,6,6,1,6,1,1,1,1,4,6,1,6,1,1,1,9,9,9,6,6,6,6,6,6,6,6,6,6,6,1,5,6,6,6,9,1,9,9,1,1,1,5,6,1,1,1,1,1,1,1,1,6,6,6,1,6,1,1,1,1,6,6,1,6,6,6,1,1,6,1,9,9,9,1,6,6,6,1,1,1,6,1,1,6,1,5,6,6,6,6,6,6,6,1,6,1,1,6,6,6,1,6,1,1,1,1,1,1,1,6,6,1,1,6,1,6,1,1,6,1,1,1,1,6,6,1,1,1,6,1,1,1,1,1,3,1,1,6,6,6,6,6,1,1,6,1,1,1,1,1,1,1,9,6,1,6,1,6,1,1,1,1,6,1,6,6,9,9,9,1,1,6,1,1,1,1,1,6,6,6,6,6,1,6,6,6,1,9,1,1,1,1,6,1,1,1
"COTTON (R NH)",6,1,6,9,9,6,1,1,1,6,1,1,1,9,9,9,1,6,6,6,6,1,1,1,1,1,1,6,1,1,6,6,6,6,6,1,1,1,1,1,1,1,1,1,1,6,1,6,6,1,6,1,1,1,6,6,1,1,1,1,6,6,1,1,6,2,6,1,1,6,6,6,6,6,6,1,6,6,6,6,1,1,6,1,6,1,6,6,1,1,1,1,1,1,1,6,6,1,1,1,1,1,1,6,6,1,6,1,1,6,6,1,1,1,1,6,6,6,6,1,6,1,1,1,1,6,6,1,6,1,6,1,6,6,1,6,1,6,1,1,6,6,6,6,1,2,3,1,3,1,1,6,1,1,1,6,6,6,6,1,6,1,1,6,6,1,6,6,1,1,1,1,1,1,6,6,1,1,1,1,1,1,6,6,1,1,1,1,1,1,1,1,6,1,6,1,1,1,1,6,6,6,1,1,1,6,6,6,6,6,6,1,1,1,1,1,1,6,6,6,1,6,1,6,1,1,6,6,1,1,6,1,1,1,1,1,1,1,1,1,6,6,6,6,6,1,1,1,1,6,6,1,6,1,6,6,1,9,9,4,3,1,1,1,6,1,6,1,9,3,1,6,1,1,1,1,1,6,6,1,1,1,1,1,6,6,1,6,1,6,6,6,6,6,9,9,9,2,1,6,1,1,1,1,1,1,1,1,6,6,6,6,1,6,6,1,6,1,6,6,1,6,1,6,1,6,1,1,1,6,1,1,6,6,1,1,6,6,1,1,6,6,9,9,9,9,9,9,9,9,9,9,9,6,6,9,9,6,9,6,6,6,6,6,1,1,6,6,6,6,6,6,1,1,6,6,6,6,6,6,6,6,1,1,1,1,1,1,1,1,1,6,1,1,1,1,9,1,6,1,1,1,1,1,6,1,6,1,6,6,6,6,6,6,6,1,1,6,6,9,9,1,1,1,6,1,6,6,6,1,6,6,6,1,1,1,1,1,6,6,6,1,1,1,1,6,1,6,1,1,1,1,1,1,1,1,6,6,1,6,6,6,1,1,6,1,6,6,1,9,9,9,9,9,9,9,6,1,9,6,1,6,6,6,6,6,1,9,9,9,9,9,9,9,9,9,9,9,6,1,9,6,6,9,9,9,9,5,9,9,9,9,9,9,9,9,9,9,9
"CASE (R NJ)",1,6,1,1,1,6,9,6,1,6,6,1,6,1,6,6,6,6,1,6,1,1,6,1,1,5,9,6,1,1,1,6,6,6,6,1,6,1,1,6,6,6,6,6,6,1,1,1,6,1,6,1,1,1,6,6,6,6,6,1,6,6,1,1,1,1,6,3,3,9,9,9,9,9,9,9,9,9,1,6,1,1,6,1,3,6,6,6,1,6,1,6,6,6,6,1,1,1,1,6,6,1,1,1,6,1,1,1,1,6,9,9,1,6,1,6,1,1,6,1,6,6,6,6,6,1,6,1,6,1,1,1,1,1,6,1,6,1,6,6,1,6,1,6,1,6,1,1,1,1,1,1,1,1,1,1,6,6,6,1,1,1,1,6,1,1,1,1,1,1,6,6,6,6,1,1,6,6,6,6,1,1,1,6,1,1,1,6,6,1,6,6,6,1,1,6,6,6,6,1,1,6,1,6,6,1,6,1,1,1,6,1,1,1,1,6,1,1,1,1,1,1,6,6,1,6,1,1,1,1,1,1,1,6,6,6,1,1,1,1,6,6,1,6,6,6,6,1,1,6,1,6,1,6,6,1,1,6,1,1,6,1,1,6,1,6,1,1,1,1,1,1,6,1,1,1,1,6,6,6,6,6,6,1,1,1,6,6,6,6,6,6,6,6,6,6,1,1,1,1,6,6,6,6,6,1,6,6,1,9,9,9,1,1,1,6,6,6,6,6,6,1,6,6,6,6,6,1,1,6,6,6,6,1,1,6,1,1,6,6,6,6,6,6,1,9,9,9,9,6,1,1,1,9,9,6,6,1,9,9,9,2,2,2,2,5,1,1,1,1,1,1,1,6,1,1,1,6,1,1,6,1,1,6,6,1,6,6,6,1,1,6,1,1,1,1,1,1,1,6,1,1,1,1,6,6,9,1,1,1,1,6,6,6,6,6,1,6,1,1,6,6,6,6,1,6,6,6,1,6,6,6,6,1,1,1,1,1,6,6,1,1,1,1,1,1,6,6,1,1,1,6,1,1,6,1,1,1,6,1,1,6,6,6,1,6,1,1,1,1,1,1,1,1,1,6,6,2,6,1,6,1,1,1,1,6,1,1,1,1,1,1,6,1,6,6,6,6,1,1,1,6,6,6,6,1,6,6,1,1,1,1,1,1,1,6,6,1,1
"WILLIAMS (D NJ)",1,6,1,6,6,1,6,9,5,1,1,1,6,1,6,1,6,6,1,3,1,1,1,6,6,1,6,6,1,9,6,1,6,6,1,1,1,1,1,6,6,6,6,6,6,1,1,3,6,1,1,6,6,6,6,6,1,6,6,1,6,1,6,6,1,9,1,6,6,6,6,9,9,9,9,6,1,6,1,1,1,1,6,1,1,1,1,1,1,1,1,6,6,6,6,1,6,1,1,6,4,1,1,1,1,6,6,1,6,1,1,6,6,9,6,1,1,1,6,1,6,1,9,6,6,1,6,1,6,1,1,6,1,1,6,1,6,6,6,6,1,6,1,6,1,9,1,1,3,4,1,1,1,1,1,1,1,6,6,1,1,1,1,6,9,9,9,9,9,9,1,6,6,6,6,1,6,6,6,6,1,1,6,6,1,1,1,4,4,3,6,6,6,1,6,1,4,6,6,1,1,6,1,5,5,2,6,2,1,6,1,1,1,4,4,6,1,1,1,1,1,1,6,6,1,5,2,1,1,1,1,6,6,6,6,6,1,6,6,6,6,4,5,6,6,6,6,1,1,1,1,6,1,6,6,1,1,5,1,1,6,6,1,6,1,6,1,1,1,9,1,1,6,1,1,1,3,6,6,1,6,6,6,1,1,1,6,6,6,6,6,6,6,6,6,6,1,1,1,1,6,1,6,6,6,6,6,6,1,4,4,4,1,1,1,1,6,1,6,1,1,1,2,6,6,6,6,1,1,1,6,6,6,1,6,6,6,1,6,1,1,6,6,6,1,1,1,1,1,1,5,1,1,1,1,6,6,6,5,6,6,1,1,1,1,6,1,1,1,1,1,1,1,1,1,1,1,1,6,1,1,1,6,5,6,1,6,6,6,6,1,6,1,6,6,1,1,6,1,6,1,1,1,6,1,6,6,1,1,6,1,6,6,6,6,6,1,6,1,3,6,6,6,6,6,6,6,1,1,6,1,1,6,9,6,6,9,1,5,1,1,6,1,1,1,1,6,6,1,1,1,6,1,3,1,1,1,1,6,1,1,9,6,6,6,1,1,1,1,1,1,1,1,1,1,9,6,6,6,6,6,1,1,1,1,6,1,6,6,6,9,3,1,1,1,1,1,6,1,1,1,1,6,6,6,9,6,6,1,1,1,1,6,6,1,6,6,1,1
"ANDERSON (D NM)",1,6,1,1,1,6,1,1,1,6,2,9,9,1,1,3,9,9,9,1,1,1,1,1,1,1,1,6,1,1,6,6,1,6,6,1,6,1,1,6,6,6,6,6,1,1,9,1,6,1,6,6,6,6,9,6,1,6,6,6,6,1,1,6,1,6,1,6,1,6,6,6,6,6,6,6,1,6,6,6,1,6,1,1,6,1,6,6,1,6,1,6,6,9,5,1,6,6,6,6,6,9,9,9,9,9,9,9,9,9,9,9,1,1,6,1,9,9,9,3,9,6,6,1,6,6,1,6,1,6,1,6,6,1,1,1,6,6,6,6,1,6,6,6,1,6,1,1,9,9,9,9,9,9,9,9,6,6,6,1,1,6,6,6,1,1,1,1,1,1,1,6,6,6,6,6,1,6,6,6,1,1,6,6,6,6,1,6,6,1,1,1,6,1,6,1,6,6,6,1,1,2,3,9,9,1,1,6,6,6,9,9,9,6,6,6,6,6,6,6,6,6,6,6,1,6,1,6,6,1,6,6,6,6,6,6,1,6,6,1,6,6,1,6,6,6,6,1,1,1,6,1,6,6,6,1,1,6,1,6,1,6,1,6,1,1,1,3,3,9,1,1,6,1,1,1,1,6,6,1,6,6,6,6,6,6,1,1,1,1,6,6,6,6,6,6,6,1,1,6,6,1,6,6,6,6,6,6,3,6,6,6,6,6,1,1,6,1,1,1,6,6,1,6,6,6,1,6,1,6,6,1,6,6,6,6,6,1,6,1,1,1,9,9,9,9,9,9,9,9,9,9,3,6,6,6,6,1,1,6,1,6,6,6,6,6,6,6,6,1,6,1,1,1,6,6,1,6,6,6,6,1,1,6,6,1,6,6,6,1,1,1,1,9,9,9,9,9,9,9,6,6,1,6,9,9,6,1,6,6,6,6,6,6,6,6,1,6,1,1,6,6,6,6,6,1,1,6,1,6,6,1,6,1,1,1,6,6,6,1,1,6,1,1,1,6,6,6,1,1,1,6,1,1,1,1,1,1,6,6,6,6,6,6,6,1,1,6,1,9,9,9,9,9,9,9,1,6,6,1,6,6,1,6,6,6,1,6,6,6,6,1,1,1,6,1,6,1,1,1,6,6,6,6,6,6,6,1,6,1,1,1,6,6,1,1,1,1,1
"MONTOYA (D NM)",1,6,1,1,1,6,3,3,1,6,6,1,6,9,9,9,6,6,1,1,1,1,3,9,3,9,3,9,9,9,9,9,9,9,9,9,6,1,1,1,6,6,6,6,1,6,1,1,6,1,1,6,6,1,6,6,1,6,6,6,1,1,1,6,1,4,1,6,1,6,6,6,6,6,6,6,1,1,1,1,6,6,1,1,6,1,6,6,1,1,1,9,9,9,9,9,9,9,9,9,9,1,1,1,6,6,6,1,6,1,6,6,6,1,6,1,1,1,6,1,6,6,1,1,6,6,1,6,1,6,2,5,5,2,9,3,4,4,5,9,3,6,6,6,1,6,1,3,9,9,1,6,1,1,1,6,6,6,6,1,1,1,1,6,1,1,1,1,1,1,1,6,6,4,4,4,1,6,6,5,1,1,6,4,5,5,3,6,6,1,1,1,6,1,6,1,6,6,6,1,1,9,9,6,6,1,1,6,6,6,1,1,1,6,6,6,6,1,6,6,1,6,6,6,1,6,1,1,1,1,1,6,6,6,6,1,1,6,6,1,6,6,1,6,6,6,6,1,1,1,1,6,1,6,6,1,1,6,1,6,1,6,1,6,1,1,1,1,3,9,1,1,6,1,1,1,1,6,6,1,6,1,6,1,6,6,1,1,1,6,6,6,6,6,6,6,6,1,1,1,6,1,6,6,6,6,6,6,1,6,6,6,6,6,1,1,6,1,1,1,6,6,1,6,6,6,1,5,1,1,6,1,6,6,6,1,1,1,9,9,9,4,6,6,6,6,6,6,6,6,6,1,1,1,1,4,4,3,3,4,3,4,4,5,4,5,9,9,9,9,9,9,9,9,9,9,9,9,9,9,9,9,9,9,9,9,9,9,9,9,9,9,9,9,9,9,9,9,9,9,9,9,9,9,9,9,9,9,9,9,9,9,9,9,9,9,9,9,9,9,9,4,6,6,6,1,1,6,1,6,1,1,6,6,6,6,6,6,1,1,1,1,1,1,1,6,6,6,1,1,1,6,1,1,1,1,1,9,9,6,6,6,6,6,6,1,1,6,1,1,1,1,6,1,1,1,1,1,6,1,6,6,6,6,6,6,1,9,9,9,9,9,9,1,6,1,2,1,1,1,6,6,6,6,6,6,6,1,6,1,9,9,6,6,1,6,1,1,1
"JAVITS (R NY)",1,6,1,1,9,9,6,6,9,6,1,6,1,9,9,6,6,9,1,9,1,1,4,4,4,5,5,9,9,9,9,4,6,6,6,1,6,1,1,6,6,6,4,4,5,1,1,1,6,1,6,1,1,6,5,4,9,1,2,1,6,6,1,2,1,3,6,1,1,4,4,4,9,9,9,6,1,6,6,6,1,1,6,1,2,1,6,6,1,1,1,9,9,9,9,2,9,9,9,9,9,1,1,1,1,1,6,1,1,6,1,1,1,1,1,1,1,1,6,1,6,6,6,6,6,1,1,6,1,6,1,6,1,1,6,1,6,1,6,6,1,6,1,6,1,6,1,1,3,5,1,1,1,3,3,5,6,6,6,1,1,1,1,6,1,1,1,1,1,3,6,6,6,5,6,1,6,6,6,6,1,1,5,4,2,2,3,9,2,3,4,6,6,1,1,6,6,1,1,1,1,6,1,9,9,3,6,1,6,1,1,1,1,6,6,6,1,1,1,1,1,1,6,6,1,6,1,1,1,1,1,1,1,1,1,1,1,1,1,1,6,6,1,1,1,6,6,1,1,4,1,6,1,6,9,3,1,5,3,1,1,1,1,6,1,6,1,1,1,3,1,1,6,1,1,1,1,6,6,6,6,6,6,1,1,1,6,6,6,6,6,6,6,6,6,6,1,1,1,1,6,6,6,6,6,6,6,6,1,9,9,9,1,1,1,1,6,1,6,6,6,2,5,4,9,9,6,1,1,1,6,6,6,1,1,6,1,1,6,6,6,6,6,6,1,1,6,1,1,6,6,1,1,1,1,5,5,2,5,1,1,1,1,1,1,6,2,2,2,3,3,3,3,2,9,9,2,4,4,1,6,1,1,6,6,1,5,5,4,5,3,6,1,1,1,1,1,3,3,6,2,2,3,1,1,6,4,1,1,9,2,9,9,9,9,9,9,1,1,1,1,6,6,5,2,6,6,6,1,6,6,6,6,5,3,3,2,2,4,2,5,3,3,1,1,1,6,6,5,9,9,3,3,1,6,1,1,9,9,1,1,6,6,6,9,2,2,5,3,1,1,1,1,1,1,4,3,9,5,1,6,1,1,1,1,6,1,1,1,1,9,2,4,3,2,4,5,5,1,2,2,4,9,6,6,1,6,6,1,1,2,2,2,3,1,6,5,2,1
"GOODELL (R NY)",0,0,0,0,0,0,0,0,0,0,0,0,0,0,0,0,0,0,0,0,0,0,0,0,0,0,0,0,0,0,0,0,0,0,0,0,0,0,0,0,0,0,0,0,0,0,0,0,0,0,0,0,0,0,0,0,0,0,0,0,0,0,0,0,0,0,0,0,0,0,0,0,0,0,0,0,0,0,0,0,0,0,0,0,0,0,0,0,0,0,0,0,0,0,0,0,0,0,0,0,0,0,0,0,0,0,0,0,0,0,0,0,0,9,0,0,0,0,0,0,0,0,0,0,0,0,0,0,0,0,0,0,0,0,0,0,0,0,0,0,0,0,0,0,0,0,0,0,0,0,0,0,0,0,0,0,0,0,0,0,0,0,0,0,0,0,0,0,0,0,0,0,0,0,0,0,0,0,0,0,0,0,0,0,0,0,0,0,0,0,0,0,0,0,0,0,0,0,0,0,0,0,0,0,0,0,0,0,0,0,0,0,0,0,0,0,0,0,0,0,0,0,0,0,0,0,0,0,0,0,0,0,0,0,0,0,0,0,0,0,0,0,0,0,0,0,0,0,0,0,0,0,0,0,0,0,0,0,0,0,0,0,0,0,0,0,0,0,0,0,0,0,0,0,0,0,0,0,0,0,0,0,0,0,0,0,0,0,0,0,0,0,0,0,0,0,0,0,0,0,0,0,0,0,0,0,0,0,0,0,0,0,0,0,0,0,0,0,0,0,0,0,0,0,0,0,0,0,0,0,0,0,0,0,0,0,0,0,0,0,0,0,0,0,0,0,0,0,0,0,0,0,0,0,0,0,0,0,0,0,0,0,0,0,0,0,0,0,0,0,0,0,0,0,0,0,0,0,0,0,0,0,0,0,0,0,0,0,0,0,0,0,0,0,0,0,0,0,0,0,0,0,0,0,0,0,0,0,0,0,0,0,0,0,0,0,0,0,0,0,0,0,0,0,0,0,0,0,0,0,0,0,0,0,0,0,0,0,0,0,0,0,0,0,0,0,0,0,0,0,0,0,0,0,0,0,0,0,0,0,0,0,0,0,0,0,0,0,0,0,0,0,0,0,0,0,0,0,6,1,6,1,1,1,1,6,1,9,9,9,9,2,9,9,9,9,9,6,1,1,1,6,6,6,6,6,6,6,1,1,1,1,1,1,3,9,4,2,3
"KENNEDY (D NY)",1,6,1,9,9,9,9,9,1,6,1,1,6,1,6,6,6,4,3,1,1,1,1,1,1,1,1,6,1,1,1,6,6,6,5,4,6,1,1,5,6,6,6,6,6,1,1,1,6,1,6,1,9,9,9,6,1,6,1,1,6,6,6,3,1,6,6,1,1,9,9,9,9,9,9,6,1,5,2,1,1,1,6,1,1,6,6,1,1,1,1,6,6,6,6,1,1,1,1,9,9,1,1,1,1,6,6,1,6,1,1,6,6,1,9,9,1,1,6,1,6,6,6,6,6,1,6,1,6,1,1,6,1,1,6,1,6,1,6,6,1,6,1,6,1,9,1,1,3,6,1,6,1,1,1,6,1,6,6,1,1,1,1,6,1,1,1,1,1,1,1,6,6,6,6,1,5,4,4,6,1,1,1,6,1,1,1,9,9,1,1,6,1,6,1,6,6,6,6,1,1,6,1,6,6,1,6,1,1,2,3,2,3,6,6,1,1,3,1,1,6,1,6,6,1,6,1,1,1,1,1,6,6,1,1,1,1,6,6,1,6,6,6,1,1,6,6,1,1,3,3,6,1,6,4,3,1,6,1,1,6,6,1,6,1,6,1,1,1,9,2,1,6,1,1,1,1,6,6,6,6,6,6,1,1,1,1,1,6,6,6,6,6,6,6,6,6,1,1,1,6,6,6,6,6,6,6,4,3,9,9,9,1,9,9,9,9,9,9,9,9,4,4,4,5,4,4,3,3,3,9,4,2,2,2,4,5,5,4,3,3,4,4,4,6,2,2,2,3,2,3,3,3,2,2,4,4,3,5,2,3,2,2,2,2,4,2,2,3,2,2,2,2,4,4,2,3,3,3,3,3,3,4,4,4,9,4,4,4,3,9,5,3,4,4,3,9,4,3,0,0,0,0,0,0,0,0,0,0,0,0,0,0,0,0,0,0,0,0,0,0,0,0,0,0,0,0,0,0,0,0,0,0,0,0,0,0,0,0,0,0,0,0,0,0,0,0,0,0,0,0,0,0,0,0,0,0,0,0,0,0,0,0,0,0,0,0,0,0,0,0,0,0,0,0,0,0,0,0,0,0,0,0,0,0,0,0,0,0,0,0,0,0,0,0,0,0,0,0,0,0,0,0,0,0,0,0,0,0,0,0,0,0,0,0,0,0,0,0
"JORDAN (D NC)",6,1,6,6,1,6,1,9,9,6,1,6,1,1,1,1,9,4,6,9,3,3,3,1,1,1,1,6,1,1,6,1,1,6,1,6,6,1,1,6,4,6,6,6,1,1,3,1,1,1,1,6,9,9,9,6,6,6,6,9,9,1,1,6,1,6,6,6,1,6,6,6,6,6,6,6,1,4,9,9,9,5,3,5,9,9,9,9,9,9,9,9,9,9,9,9,9,9,9,9,9,6,1,6,6,6,6,1,9,9,6,1,1,1,6,1,6,6,1,1,6,1,1,1,1,6,1,1,1,6,6,1,6,6,1,6,1,6,6,1,6,6,6,6,1,1,1,9,3,4,5,4,9,3,3,9,1,6,6,1,1,1,6,1,6,1,1,1,1,1,1,6,1,1,6,6,1,1,1,1,1,6,6,6,6,6,1,6,6,1,1,1,6,1,6,1,6,6,6,1,1,6,1,2,2,5,2,9,9,9,9,9,3,9,9,9,9,9,9,9,9,9,9,9,1,1,6,6,6,6,6,6,6,6,6,1,1,6,6,6,6,6,1,6,6,1,6,1,1,1,6,1,6,1,6,6,6,1,1,6,1,6,1,4,3,2,5,3,3,1,6,6,1,6,1,6,6,1,1,1,1,1,1,1,6,6,1,1,1,1,1,1,1,1,1,1,6,6,6,6,6,6,6,6,6,6,6,6,1,6,6,6,6,6,1,1,6,1,6,1,1,6,1,6,1,6,1,1,1,1,6,1,6,6,6,6,9,9,9,9,9,1,9,9,9,9,9,9,9,9,9,9,3,6,6,1,1,1,1,6,6,6,6,6,6,1,6,6,6,6,6,6,6,1,6,6,6,6,6,6,6,4,1,1,6,1,1,1,1,1,1,1,1,6,6,6,9,9,9,9,1,6,1,1,1,1,6,1,6,6,6,6,1,6,6,1,1,6,6,1,6,6,9,1,6,1,1,6,6,6,6,1,1,6,6,6,6,6,6,1,1,1,1,1,1,6,1,6,1,1,1,6,1,1,1,1,1,1,1,6,6,1,1,1,6,1,6,6,1,9,9,9,9,9,9,9,9,9,1,6,1,6,6,6,6,6,1,6,6,6,6,6,9,1,6,1,1,1,6,1,9,9,9,9,6,6,6,1,6,1,6,6,6,6,1,1,1,1,1
"ERVIN (D NC)",6,1,6,6,9,6,1,1,1,6,6,6,1,1,1,9,9,9,6,6,1,1,1,1,1,1,1,6,1,1,6,2,2,2,2,2,6,1,1,1,1,1,1,1,1,6,1,3,3,1,1,1,4,4,4,6,6,4,4,6,1,6,1,1,1,4,6,1,1,6,6,6,6,6,6,6,1,9,6,6,1,6,1,6,6,1,6,6,1,1,1,2,9,6,2,6,6,6,6,1,1,6,1,6,6,6,6,1,1,1,6,1,6,1,4,9,6,6,1,1,6,1,1,1,1,6,6,1,6,1,5,2,6,6,1,6,1,6,1,1,6,6,6,6,1,1,6,6,1,6,6,6,1,1,1,1,1,6,2,5,1,1,6,9,6,1,1,1,1,1,1,6,1,1,4,5,2,9,1,1,1,6,2,9,2,2,3,6,6,1,1,1,6,1,6,1,1,1,2,9,3,1,6,1,1,6,1,1,6,6,1,6,1,9,9,9,9,9,6,6,6,6,1,6,1,1,6,6,6,6,6,6,6,6,6,1,1,9,6,6,6,6,6,6,6,6,6,1,1,1,6,1,6,2,6,6,6,2,1,6,1,6,1,1,1,1,6,1,1,3,6,6,1,6,1,6,6,1,1,1,1,1,1,1,6,6,1,1,1,1,1,1,1,1,1,1,6,6,6,6,6,6,1,6,6,6,1,6,6,6,6,6,5,5,2,3,4,3,6,1,1,6,1,6,1,6,1,2,1,1,6,1,6,6,6,1,1,1,9,9,9,9,2,2,9,9,4,4,5,4,2,5,3,5,5,1,1,1,1,6,6,6,6,6,6,1,6,6,6,6,6,6,6,1,6,6,6,6,6,6,6,6,1,1,1,1,2,2,2,3,9,2,2,5,5,5,9,9,9,9,1,3,1,1,1,1,6,1,6,6,4,5,5,4,4,9,3,6,1,2,9,4,1,1,6,1,1,6,6,1,6,1,1,6,6,6,6,6,6,1,1,6,1,1,1,6,1,1,1,1,1,6,1,1,1,1,1,1,1,6,6,1,1,1,6,1,6,6,1,1,6,6,6,6,6,6,6,6,1,6,1,6,6,6,6,6,1,9,9,9,9,5,6,6,6,1,1,1,6,1,6,6,6,6,6,6,6,1,6,1,6,6,6,6,1,1,1,1,1
"YOUNG (R ND)",6,1,6,6,1,6,9,1,6,6,1,1,1,1,1,1,6,6,6,9,1,1,1,1,1,1,1,6,1,1,6,6,1,6,6,1,1,1,1,6,6,1,1,1,1,6,1,1,6,1,6,1,6,1,9,6,1,6,6,6,1,6,1,1,1,1,6,1,1,6,6,6,6,6,6,6,1,1,6,6,1,6,1,6,9,1,6,6,1,1,1,1,1,1,1,6,6,6,1,1,1,6,1,6,6,6,6,1,9,9,6,1,1,1,1,1,6,1,1,1,6,6,1,1,1,9,9,9,9,9,9,9,9,6,1,6,1,1,6,1,6,6,6,6,1,1,1,1,9,9,6,6,1,1,1,1,6,6,6,1,6,1,6,1,6,6,6,6,1,1,1,1,1,6,6,6,1,6,1,1,1,6,6,1,1,1,1,6,6,1,1,1,6,1,6,1,6,1,1,1,1,6,1,1,1,6,2,4,6,6,1,6,3,9,9,9,9,6,6,6,1,6,1,6,1,1,6,6,6,6,9,6,6,6,1,1,1,1,6,1,6,6,1,1,1,6,9,9,2,9,6,1,6,1,6,6,1,9,1,6,1,6,1,1,1,1,6,1,1,1,6,6,1,6,1,6,6,1,1,1,1,1,1,1,6,6,1,6,1,1,1,1,6,6,1,1,6,1,1,6,1,1,6,6,1,1,1,1,6,6,6,6,5,6,1,6,6,6,3,6,1,1,1,6,1,6,1,6,1,1,6,1,6,6,1,1,6,6,6,1,1,1,1,1,6,6,6,9,6,6,6,6,1,6,6,1,1,1,1,6,6,6,6,6,6,1,6,6,6,6,3,1,6,1,6,6,6,6,6,6,6,6,1,1,1,1,1,1,1,1,1,6,1,6,6,6,1,1,1,6,1,1,1,1,1,1,6,6,6,6,6,6,6,6,6,1,1,6,1,1,9,6,1,1,9,1,1,6,1,1,6,1,6,6,6,1,6,6,6,1,1,1,1,1,1,6,1,1,1,1,6,6,1,1,1,1,1,6,1,6,6,6,1,1,6,1,6,6,1,1,1,6,6,6,1,6,1,6,1,6,1,6,6,6,6,6,6,6,9,1,6,6,6,1,6,1,1,1,6,1,6,6,6,6,6,6,1,1,6,1,1,6,6,1,1,6,1,1,1
"BURDICK (D ND)",1,6,1,6,1,6,1,6,6,6,6,1,6,6,6,6,6,6,1,1,1,1,1,1,1,1,1,6,1,3,9,9,9,9,9,9,6,1,1,6,6,6,6,6,6,1,1,1,1,1,1,6,1,6,1,1,1,6,6,6,1,1,1,6,9,4,1,6,1,6,1,6,6,6,1,6,1,1,1,1,1,1,6,1,6,1,6,6,1,6,1,6,6,6,6,1,6,1,1,6,6,4,3,9,9,9,9,9,9,9,6,1,6,1,6,6,1,1,6,1,6,1,6,1,6,9,6,1,6,1,6,1,6,6,1,6,1,6,1,1,6,6,6,6,1,1,6,1,1,6,1,6,1,1,1,1,1,6,6,1,6,1,1,6,1,6,6,6,1,1,1,6,6,6,6,6,1,6,6,6,1,1,1,6,1,1,1,6,6,1,1,6,6,9,9,2,6,6,6,1,1,6,1,6,6,1,6,1,1,6,1,1,1,4,4,6,6,1,1,6,1,1,6,6,1,6,1,1,1,1,1,6,6,6,6,1,1,6,6,1,6,6,6,6,6,6,6,1,1,1,1,6,1,6,6,6,1,6,1,1,1,1,1,6,1,1,6,1,3,9,1,1,6,1,1,1,1,6,6,1,1,6,6,1,1,1,6,6,6,6,6,6,6,6,6,6,6,1,1,1,6,1,1,6,6,6,6,6,6,6,6,6,1,6,1,6,6,1,1,1,1,6,1,1,1,6,6,6,1,1,6,1,1,6,6,1,6,6,6,1,1,6,4,4,4,3,9,9,9,9,9,9,3,6,6,6,6,1,1,6,6,6,6,6,6,1,1,1,1,1,1,1,1,6,1,1,1,1,1,1,1,1,6,6,6,1,6,6,6,1,1,6,1,6,6,1,1,6,1,6,1,1,1,1,1,6,6,6,1,6,1,1,1,1,1,6,1,6,1,9,4,9,6,6,6,6,6,6,1,1,1,6,6,6,6,6,1,1,1,1,1,6,1,1,1,1,6,6,1,1,1,6,1,1,1,1,1,1,6,6,6,2,1,1,6,1,6,6,1,1,1,3,9,9,3,1,1,1,1,6,1,6,6,6,6,6,6,9,9,9,9,3,9,1,1,1,1,6,1,1,6,6,6,6,6,6,6,1,6,1,4,6,6,1,1,6,1,1,1
"YOUNG (D OH)",1,6,1,6,5,6,1,6,6,6,1,6,1,1,6,6,6,1,1,9,1,1,1,6,6,1,6,6,6,1,1,1,1,1,6,1,6,1,1,4,6,6,6,6,6,1,1,1,6,1,1,6,1,6,1,1,6,4,2,4,3,1,6,6,3,6,1,6,1,6,1,1,1,1,1,1,1,4,6,6,1,1,6,1,6,1,6,6,1,6,1,1,6,6,6,1,6,6,6,6,6,6,1,1,1,6,6,1,6,1,9,9,6,6,6,1,1,3,4,3,6,1,6,6,6,6,6,1,6,1,6,1,6,6,1,6,1,6,1,1,1,1,1,1,6,1,1,1,1,6,1,1,1,1,6,9,1,1,1,6,1,3,1,6,1,1,1,1,1,1,1,6,6,6,6,1,6,6,6,5,3,2,2,4,9,9,3,9,6,1,6,6,1,1,1,1,6,6,6,1,1,6,1,6,6,1,5,9,9,6,6,1,1,6,6,6,6,1,9,9,9,9,6,6,1,6,1,9,9,9,6,9,9,9,9,9,1,1,1,1,6,1,6,6,6,6,6,1,1,1,1,5,1,6,1,1,1,6,1,1,6,6,1,6,1,1,1,1,1,9,1,1,6,1,1,1,1,6,6,6,6,6,5,1,1,1,6,6,6,6,9,9,9,9,9,9,9,3,1,1,6,1,6,6,6,6,6,6,6,6,6,6,1,1,1,1,4,9,6,1,1,6,6,1,6,6,6,6,1,1,9,4,1,1,9,6,6,6,1,1,1,6,6,6,6,1,1,1,6,1,1,1,1,1,1,6,6,1,6,6,1,1,2,6,1,6,1,1,1,1,6,6,1,6,1,1,1,1,1,1,1,9,9,9,9,5,6,6,9,1,1,6,1,6,6,1,6,2,1,6,6,6,1,1,1,6,6,6,1,1,1,1,1,1,1,6,6,1,1,1,6,6,6,1,1,6,6,6,6,6,1,1,6,9,9,9,9,9,9,9,9,9,3,1,1,1,6,6,1,6,1,9,9,1,1,6,1,1,6,6,6,1,6,6,6,1,6,1,6,1,1,1,1,1,1,3,6,1,6,1,6,1,1,1,1,6,1,1,1,9,1,1,9,1,6,1,9,1,1,1,1,1,6,1,1,1,6,1,1,6,6,1,1,1,1,6,6,1,1
"LAUSCHE (D OH)",6,1,6,6,1,1,9,9,1,1,6,3,4,6,6,6,1,1,1,6,1,1,1,1,6,1,1,1,6,1,3,1,1,1,1,1,6,1,1,2,1,2,6,6,6,6,1,1,9,1,6,1,9,2,4,4,5,4,4,9,9,6,1,1,3,9,6,1,1,6,6,6,6,6,6,1,1,6,6,6,1,1,6,1,6,1,6,6,1,1,1,1,1,6,1,6,6,1,1,1,1,9,9,4,6,1,1,1,1,6,6,1,9,6,1,6,6,6,2,6,6,6,1,1,1,9,1,6,1,6,6,1,6,6,6,6,6,6,6,1,1,6,6,6,1,1,6,1,9,9,6,6,1,1,1,1,1,1,1,6,6,6,6,1,6,6,6,6,3,1,1,6,9,2,6,6,1,1,6,2,1,1,1,6,1,1,3,9,1,1,1,1,6,1,6,1,1,1,1,6,6,1,1,1,1,6,2,1,6,6,6,6,1,9,9,6,6,5,6,6,1,6,1,6,1,1,6,6,6,6,6,6,1,6,6,6,1,1,1,1,1,1,6,6,6,6,1,1,1,1,6,1,6,1,6,3,9,1,1,6,1,9,1,6,1,1,1,1,1,9,1,1,6,1,1,1,1,9,6,1,1,1,1,6,6,6,1,9,9,1,6,6,6,6,6,1,6,1,1,9,6,6,1,9,9,9,9,9,9,9,9,9,6,9,9,9,9,9,5,5,4,1,6,6,1,6,9,9,1,6,1,1,6,6,6,2,2,2,1,1,6,9,4,4,9,9,9,9,6,6,6,1,1,9,9,9,9,9,9,6,9,1,6,6,1,6,6,6,6,1,6,1,1,1,6,5,1,5,5,6,6,6,1,1,4,3,1,1,9,3,9,6,1,9,9,9,9,1,6,9,2,2,3,1,6,9,9,1,1,6,6,6,6,6,4,4,3,6,1,1,1,4,1,9,9,1,1,6,6,3,3,4,4,1,1,1,2,1,9,5,9,9,3,6,6,6,1,6,6,6,6,1,6,1,9,9,9,9,9,6,6,6,6,6,6,1,1,5,3,6,6,6,6,6,6,6,1,1,6,1,6,6,1,6,6,6,1,1,1,1,6,1,6,1,6,6,6,1,6,5,6,9,9,6,6,6,6,1,1,3,1,1,1,1,9,9,9,5,3
"MONRONEY (D OK)",6,1,6,1,1,6,1,1,1,6,6,1,6,1,1,1,6,6,1,1,1,1,1,1,1,1,1,6,1,1,6,6,6,6,6,6,6,6,1,6,6,6,6,6,6,1,1,1,6,1,6,1,6,6,6,6,1,6,6,5,2,4,1,6,1,6,6,1,1,6,6,6,6,6,6,1,1,6,6,6,1,9,9,9,1,1,6,6,1,6,1,6,6,6,6,1,6,6,1,6,6,6,1,1,6,4,6,1,6,1,6,1,6,1,6,6,6,1,6,1,6,6,6,1,6,1,6,1,6,1,1,6,1,6,1,6,6,6,6,1,1,6,6,6,1,6,1,1,1,6,6,1,1,1,1,6,6,1,1,6,1,1,1,6,1,1,1,1,1,1,1,6,1,6,6,6,1,6,6,1,1,1,6,6,6,6,1,6,6,1,1,2,6,1,6,1,6,6,1,1,1,1,1,6,1,1,6,6,6,6,1,6,1,9,9,9,9,9,9,6,6,1,6,6,1,1,6,6,6,1,6,6,6,6,6,1,1,6,6,6,6,6,6,6,6,6,6,1,1,9,6,1,6,6,6,1,1,6,1,6,1,6,1,6,1,2,9,3,3,1,1,3,5,1,3,1,1,1,6,1,6,1,1,1,1,1,1,6,1,9,6,6,6,6,6,6,6,1,1,6,6,1,6,6,4,5,9,4,2,4,9,9,6,5,6,6,6,1,2,1,1,1,6,6,1,6,6,6,1,1,1,6,9,9,9,9,6,1,6,1,1,1,4,4,4,2,5,5,3,9,9,2,3,6,1,6,6,1,3,9,9,4,4,5,4,2,3,3,1,1,6,1,1,1,6,6,6,6,6,6,1,6,1,6,6,1,6,1,1,1,1,6,1,6,6,6,9,1,6,6,9,9,9,1,1,1,6,2,5,4,5,4,4,4,4,4,3,6,1,9,6,6,9,6,6,1,1,6,1,6,9,1,6,6,6,6,6,6,1,1,1,6,1,1,1,1,6,6,1,1,1,6,1,3,1,1,1,1,1,6,6,6,6,6,6,1,1,6,1,3,3,9,9,9,3,9,2,9,9,9,9,9,9,9,9,9,9,9,9,9,9,9,6,1,9,9,9,9,1,9,9,9,9,9,9,9,9,9,9,3,9,9,5,9,3,4,9,9,3
"HARRIS (D OK)",6,1,3,9,1,6,1,1,1,6,6,1,6,1,1,2,6,6,1,1,1,1,1,1,1,1,1,6,1,1,6,6,6,6,6,6,6,1,1,6,6,6,6,6,6,1,1,1,3,1,3,6,4,2,4,6,1,6,6,6,1,1,1,6,1,6,1,6,1,6,6,6,6,6,6,1,1,6,1,1,6,1,6,1,1,1,6,6,1,1,1,6,6,6,6,1,9,9,9,9,9,1,1,1,6,6,6,1,4,3,6,1,6,1,6,1,1,1,6,1,6,6,6,1,6,6,1,6,1,6,3,9,1,1,6,1,6,6,6,1,1,4,9,4,1,5,1,2,1,4,1,6,1,3,1,6,6,6,4,1,1,1,1,6,1,1,1,1,1,3,1,6,6,4,1,1,6,6,6,6,1,1,6,6,9,1,1,6,4,3,1,6,6,2,6,1,6,6,6,1,1,6,1,6,6,1,6,6,6,6,1,1,1,1,1,4,4,9,1,6,6,1,6,6,3,1,6,1,6,1,1,6,6,6,6,6,1,6,6,6,6,6,6,6,6,6,6,1,1,9,1,6,1,5,4,1,1,5,3,6,1,6,1,6,1,6,1,1,1,1,1,1,6,1,1,1,1,6,6,6,6,6,6,1,1,1,6,6,6,6,9,9,9,9,9,9,9,2,2,3,4,9,6,6,6,6,6,6,1,4,4,4,9,1,6,6,6,1,1,1,6,1,5,6,6,6,6,6,1,1,1,6,6,1,6,6,6,6,4,1,3,6,6,6,4,9,9,9,9,9,9,9,3,9,9,9,9,9,9,9,9,9,9,9,9,9,9,9,9,9,9,9,9,9,9,9,9,9,9,9,9,9,9,9,9,9,9,9,9,9,9,5,3,4,4,3,1,9,9,6,1,9,1,6,1,6,9,1,6,6,6,6,1,9,1,6,1,6,1,9,6,6,6,9,4,6,6,6,1,9,9,5,9,1,6,6,6,6,1,1,1,6,1,1,1,1,6,6,1,1,1,6,1,1,1,1,1,1,6,1,6,6,6,6,1,1,1,6,1,1,1,1,1,1,1,1,1,6,6,1,6,6,6,4,4,9,1,6,6,6,6,1,9,9,9,9,9,9,1,1,6,6,6,6,6,6,6,6,6,1,1,1,6,6,1,6,1,1,1
"MORSE (D OR)",1,6,1,2,6,1,6,6,6,1,1,6,1,5,5,5,6,4,1,1,1,6,2,2,2,5,2,5,2,2,2,4,6,6,6,1,6,1,1,4,6,6,6,6,6,1,6,2,6,1,6,1,6,6,6,6,1,6,2,5,2,6,2,2,9,1,6,1,1,1,1,1,1,1,1,1,6,1,6,6,1,1,6,1,6,6,6,6,1,6,1,6,6,6,6,1,1,1,1,6,6,1,1,1,6,6,6,1,6,1,1,1,6,1,6,6,1,1,6,1,6,1,6,9,1,1,6,1,6,1,6,1,6,6,1,6,1,6,1,1,6,1,6,1,6,9,6,1,1,9,1,1,1,1,6,1,1,6,6,1,1,1,1,6,1,1,1,1,1,6,1,6,4,5,5,1,6,6,6,6,6,1,1,6,1,1,6,6,6,1,6,5,2,5,2,5,4,4,4,3,3,1,1,6,6,1,5,2,2,4,9,1,6,6,6,2,2,2,1,1,6,1,6,6,1,6,1,1,1,1,1,6,6,1,1,1,1,6,6,1,6,1,6,1,1,6,6,1,1,9,1,6,1,6,6,6,1,6,1,1,6,6,1,6,1,1,6,1,1,6,1,1,6,1,6,1,1,4,4,6,5,5,5,1,1,1,6,6,6,6,6,6,6,6,6,6,1,1,1,2,4,9,5,4,4,4,4,4,2,9,9,9,2,1,1,1,6,6,1,1,1,1,4,1,6,6,6,6,6,1,6,6,1,1,6,1,6,6,6,1,3,4,6,6,1,2,2,2,2,2,2,2,5,2,2,1,1,6,5,2,2,5,5,9,5,2,1,1,1,1,1,1,1,5,2,2,2,2,2,2,2,2,5,4,4,5,5,5,5,3,9,4,3,2,2,2,5,5,3,6,1,1,6,6,1,6,4,6,1,1,1,1,1,1,1,6,6,1,1,9,4,4,4,6,9,1,1,6,1,6,1,1,6,6,6,6,6,6,1,1,1,1,1,1,1,1,6,2,3,3,3,4,3,3,3,9,9,1,6,6,6,1,1,1,6,1,6,1,6,1,1,1,1,1,1,1,1,1,6,6,1,5,5,2,5,5,5,4,4,4,3,3,9,1,1,1,1,6,9,2,2,2,2,2,2,2,9,9,4,5,4,4,5,5,3,4,3,2,3
"HATFIELD (R OR)",1,6,1,1,1,4,1,3,6,6,6,6,1,1,1,1,6,1,6,6,1,1,9,9,9,1,1,1,6,1,6,9,9,9,9,9,9,9,3,6,6,6,6,6,6,1,1,6,6,6,6,1,1,1,6,6,6,6,6,4,3,4,1,1,9,1,6,1,1,1,1,1,1,1,1,9,9,1,6,6,1,6,1,6,1,6,6,6,1,6,1,1,1,1,1,6,1,1,1,1,6,1,1,6,1,1,6,1,1,6,6,1,1,9,3,5,1,1,6,1,6,1,5,9,3,2,4,3,5,2,3,5,2,5,4,5,4,5,4,3,3,9,9,9,9,6,1,1,3,9,1,1,1,1,1,6,9,9,9,9,9,9,2,5,2,4,6,6,3,1,3,3,6,5,6,1,6,5,6,6,1,1,1,4,2,2,3,6,5,3,9,6,1,3,2,5,4,5,3,2,3,1,1,3,5,2,4,4,6,6,6,1,1,1,1,6,1,2,9,9,9,9,1,6,1,1,6,6,6,6,9,9,9,9,9,9,1,6,6,1,6,1,6,1,1,6,1,1,1,6,1,6,1,4,6,1,1,6,1,1,1,1,1,6,1,1,1,1,1,1,1,1,6,1,6,1,1,6,6,6,6,6,6,1,1,1,6,6,6,6,6,6,6,6,6,6,1,1,1,1,6,6,6,6,6,1,1,1,6,1,1,1,1,9,9,9,9,9,1,6,1,1,6,6,6,6,6,6,1,6,6,1,1,1,1,6,6,6,6,1,1,6,6,6,1,1,1,1,1,1,1,1,1,6,6,5,4,3,1,1,1,6,6,6,6,1,3,3,3,3,5,3,3,6,1,6,1,6,6,1,6,1,1,6,6,1,3,5,5,3,3,6,1,1,6,1,3,1,1,1,3,3,3,9,1,6,5,6,1,1,1,1,1,6,1,6,1,1,6,1,3,6,4,1,6,6,6,6,1,1,1,4,5,6,6,6,2,3,9,3,5,9,3,6,6,1,6,6,6,6,6,1,6,1,1,6,6,6,6,6,1,5,1,1,6,1,1,1,1,1,1,1,1,1,1,6,6,6,1,6,1,6,6,6,6,6,1,1,1,1,9,1,6,1,6,6,6,6,1,3,1,6,6,6,6,6,1,1,1,3,2,3,1,1,1,6,6,6,1
"SCOTT (R PA)",1,6,1,1,1,6,1,3,6,6,6,1,6,1,6,6,6,6,6,4,1,1,1,6,1,6,6,5,2,1,6,6,6,6,6,6,1,1,1,6,4,5,4,4,4,1,1,1,6,6,6,1,6,1,6,6,6,6,6,1,6,6,1,1,2,1,6,1,1,1,6,6,6,6,6,1,1,6,6,6,1,6,3,6,1,1,6,6,1,6,1,1,1,1,1,1,1,6,6,1,1,1,1,6,6,1,6,1,1,6,6,1,1,1,1,6,1,6,6,1,6,1,6,6,6,1,1,6,1,6,1,1,1,1,6,6,6,1,1,1,1,6,6,6,1,6,1,1,1,6,1,1,1,1,3,1,6,6,6,1,1,1,1,6,1,1,1,1,3,1,1,1,1,6,6,1,6,1,6,6,1,1,6,6,6,6,1,6,1,1,6,1,1,3,4,3,6,6,1,1,1,4,3,3,5,3,4,2,4,2,2,2,3,3,3,4,4,2,2,4,3,2,3,5,2,3,4,2,4,4,4,4,3,3,2,2,3,3,9,9,4,9,9,9,9,9,9,3,3,4,2,5,2,4,4,3,2,2,3,2,3,5,3,2,9,3,3,3,3,1,1,1,6,1,1,1,1,6,6,6,6,6,6,1,1,1,1,6,6,6,6,6,6,1,6,6,1,1,1,1,6,6,6,1,6,6,1,6,1,4,5,5,1,6,6,1,6,1,6,6,6,6,1,6,1,6,6,1,1,6,6,1,6,1,1,6,1,1,6,1,1,6,2,5,2,6,6,1,1,6,6,1,1,6,6,1,6,5,6,1,1,6,6,1,1,6,6,6,6,1,1,1,1,1,6,6,6,6,6,6,6,6,1,6,6,1,6,6,6,1,1,6,1,1,6,1,3,3,3,1,6,1,1,6,1,6,6,1,1,6,6,6,6,1,6,6,1,6,6,1,1,6,6,1,1,1,6,6,1,6,6,1,6,1,1,1,1,1,6,1,6,1,1,1,1,6,1,1,1,6,6,1,1,2,3,3,4,9,3,4,5,5,5,3,4,2,3,5,3,1,1,1,1,1,1,6,6,6,6,1,6,1,6,1,1,6,1,1,1,1,6,1,6,1,6,6,6,6,1,1,1,6,6,6,6,6,1,6,1,1,1,1,1,1,1,6,6,6,1
"CLARK (D PA)",1,6,1,1,6,1,6,6,1,6,6,1,6,1,6,6,9,9,1,1,1,1,6,6,6,6,6,6,1,6,3,6,6,6,6,6,1,1,1,5,6,6,6,6,6,1,1,1,1,3,3,1,6,6,9,6,1,9,9,2,5,6,3,3,1,6,6,1,1,9,9,9,9,9,9,6,1,6,6,6,1,1,6,1,1,6,6,6,1,6,1,6,6,9,6,1,6,1,1,6,6,1,1,1,1,1,6,1,6,1,6,1,6,1,4,9,1,1,6,1,9,1,6,6,6,1,6,1,6,1,1,6,1,1,6,1,6,6,6,6,1,1,1,1,1,6,1,1,6,6,1,1,1,3,9,9,1,6,6,1,1,1,1,6,1,1,1,1,1,1,1,6,6,6,6,1,6,6,6,6,1,1,1,6,9,9,9,1,1,1,1,6,1,1,1,6,6,6,9,3,3,9,3,4,4,3,6,1,1,6,1,1,1,6,6,6,6,1,1,6,6,1,6,6,1,6,1,1,1,1,9,9,6,6,6,1,1,6,1,6,6,1,1,6,1,1,6,1,1,1,1,6,1,6,6,1,1,5,1,2,3,1,1,6,1,5,1,1,1,9,1,1,6,1,1,1,1,6,6,1,6,6,6,3,1,1,6,6,6,6,6,6,6,6,6,6,9,3,1,1,6,6,6,6,6,6,9,4,3,9,9,9,1,1,1,6,1,6,6,1,1,6,1,1,6,6,4,1,1,1,1,6,1,1,1,1,6,6,6,1,9,6,6,6,1,2,2,2,1,1,1,1,1,1,1,6,6,1,1,1,1,1,1,1,1,6,1,1,1,1,1,1,1,1,4,5,1,1,6,3,2,3,4,4,5,2,5,5,5,3,9,6,1,1,6,1,9,6,1,6,2,2,3,2,1,6,1,1,1,1,1,1,1,1,1,6,1,1,1,1,1,9,6,6,2,6,6,6,2,3,2,4,4,1,1,1,1,1,1,1,5,9,3,1,1,1,6,2,3,9,9,4,3,1,5,3,3,1,6,1,1,6,6,6,1,3,3,1,1,1,1,1,2,2,3,2,6,6,6,1,5,1,1,1,1,6,1,9,9,9,9,9,1,1,3,5,5,4,1,1,1,1,1,1,1,1,4,2,9,3,9,9,2,5,3,4,9,3,3
"PASTORE (D RI)",1,6,1,5,1,1,3,1,1,6,6,1,1,1,6,6,6,6,1,1,1,1,1,1,1,6,1,6,1,1,6,1,1,1,6,1,4,3,3,6,6,6,6,6,6,1,3,1,6,1,1,6,6,1,6,6,1,6,1,9,3,1,1,6,1,6,1,6,1,6,6,6,6,6,6,6,1,6,6,1,1,1,6,1,3,1,6,6,1,1,1,6,6,6,6,1,1,1,1,6,6,5,3,1,6,6,6,1,6,3,1,1,6,1,6,1,1,1,6,1,4,6,6,6,6,1,1,6,1,6,1,6,1,6,6,1,6,6,6,6,1,6,1,6,1,6,1,1,2,4,1,1,1,1,1,1,6,6,6,1,1,1,1,6,1,6,1,1,1,3,3,4,4,5,4,4,3,4,4,4,3,2,9,4,5,4,3,1,6,1,1,6,1,2,5,2,6,1,6,1,1,3,3,6,1,1,6,1,6,6,1,1,1,6,6,6,6,1,1,6,1,1,5,6,1,6,1,1,1,1,1,6,1,1,1,1,1,1,1,1,6,6,6,6,1,6,6,1,1,1,1,6,1,6,6,1,1,6,1,6,1,1,1,6,1,1,1,1,1,9,2,2,5,2,3,2,3,4,4,3,5,4,4,3,2,3,3,4,3,5,5,5,5,5,5,5,2,2,2,3,5,9,9,4,4,4,5,4,3,4,4,4,2,2,9,2,4,2,2,2,5,5,2,4,2,4,4,5,3,2,4,5,5,5,2,5,2,2,4,3,3,4,6,6,6,1,6,6,6,6,1,1,1,2,1,4,4,3,1,1,1,2,1,1,1,6,1,1,1,1,1,1,1,1,6,6,1,6,6,6,6,1,1,6,6,1,6,6,6,1,9,6,1,6,1,1,2,2,3,6,2,3,3,1,6,6,6,1,6,6,6,6,6,6,6,6,1,6,1,1,6,1,6,6,6,6,1,1,1,1,6,1,6,1,1,1,6,6,6,1,1,6,1,1,1,1,6,6,1,3,3,4,3,1,1,1,1,1,1,6,1,6,6,6,1,6,1,6,1,1,1,1,9,6,1,1,6,1,6,1,6,1,1,1,1,6,1,1,1,1,1,1,1,1,1,6,6,6,1,1,6,6,6,6,6,6,6,6,6,1,1,1,1,1,1,6,1,1,1
"PELL (D RI)",1,6,1,6,6,1,3,1,6,6,1,1,1,6,1,6,9,9,1,3,1,1,3,1,1,1,1,6,1,1,1,6,6,6,6,1,6,1,1,6,6,6,6,6,6,1,1,1,1,1,1,6,1,6,6,6,1,6,1,2,5,1,1,1,1,9,1,6,1,6,6,6,6,1,6,6,1,6,1,1,1,2,5,2,1,6,6,6,1,1,1,6,6,6,6,1,1,1,1,6,6,9,3,1,6,6,6,1,6,1,1,6,6,9,9,9,9,9,9,3,9,1,6,6,9,9,6,1,6,1,1,6,1,1,6,1,6,6,6,6,1,6,1,6,1,6,1,1,9,9,9,9,9,1,1,6,9,6,6,1,1,1,1,6,1,1,1,1,1,1,1,6,6,6,6,1,6,6,6,6,1,1,6,6,1,1,6,6,6,1,1,6,1,1,1,1,6,6,6,1,1,1,1,6,1,1,6,1,6,6,1,1,1,6,6,6,6,1,1,6,1,1,6,6,1,6,1,1,6,1,1,6,6,1,1,1,1,6,6,1,6,6,6,6,6,6,6,1,1,1,1,6,1,6,6,1,1,6,1,6,1,6,1,6,1,1,1,1,1,1,1,1,6,1,1,1,1,6,6,1,6,6,6,1,1,1,1,6,1,6,6,6,6,6,6,6,6,1,1,1,6,9,1,6,6,6,6,6,1,9,9,9,6,6,1,1,6,1,9,9,9,4,2,9,9,9,4,9,3,9,9,4,9,3,9,4,1,1,6,1,1,6,6,6,6,1,6,1,1,1,1,1,1,1,1,6,6,1,2,1,1,1,1,1,1,6,1,1,1,1,1,1,1,1,6,6,1,6,6,1,1,1,6,6,6,1,6,6,6,1,1,6,1,1,1,1,9,9,9,6,1,1,6,6,5,6,6,1,1,6,6,6,1,6,6,6,1,1,1,1,4,9,9,6,9,6,1,6,1,1,6,2,6,1,1,1,1,1,6,6,1,6,8,1,1,1,6,6,1,1,1,6,1,1,1,1,1,1,6,5,2,5,4,4,2,5,2,1,1,1,1,1,1,1,1,9,6,1,6,1,6,1,1,1,1,6,1,1,1,1,1,1,1,1,1,6,6,6,1,1,1,6,6,6,6,1,6,1,6,1,1,1,1,1,1,6,6,1,1
"HOLLINGS (D SC)",6,1,6,6,1,6,1,1,2,6,1,6,6,5,4,5,6,6,6,6,6,1,1,1,1,1,1,6,1,6,9,9,6,6,9,9,6,1,1,1,1,1,1,1,1,6,1,2,2,1,1,6,6,1,6,6,1,6,6,6,1,1,6,6,1,4,1,6,1,6,6,6,6,6,6,6,1,6,5,5,2,6,2,5,5,1,6,6,1,1,1,1,1,6,1,6,6,1,1,1,1,1,1,5,6,6,6,1,1,6,6,1,6,1,6,1,6,6,1,1,6,6,1,1,2,6,1,6,1,6,6,1,6,6,1,6,1,6,1,1,6,6,6,6,1,6,1,6,1,1,1,6,1,6,1,1,6,6,6,1,1,6,6,1,6,1,6,6,6,1,1,6,6,2,6,6,1,1,1,1,1,6,6,6,2,2,3,9,1,1,1,1,6,1,6,1,1,1,6,6,6,1,1,1,1,6,1,5,6,5,1,6,1,6,6,4,4,2,6,6,1,9,6,6,1,2,6,1,6,1,6,6,6,6,6,1,1,6,6,1,6,6,6,6,6,6,6,1,1,1,5,2,5,2,5,5,5,1,1,6,1,1,1,6,1,1,6,1,1,1,5,6,1,6,1,6,6,1,1,1,1,1,1,1,6,6,1,1,1,1,1,1,1,6,1,1,6,6,6,1,6,6,6,6,6,6,6,6,1,9,9,9,1,1,6,6,4,5,9,6,1,6,1,6,1,6,2,2,3,1,4,1,6,6,6,2,6,6,1,1,1,6,6,6,6,6,5,5,5,4,2,5,3,5,5,2,2,6,2,5,5,5,5,5,5,2,6,6,6,6,6,5,5,2,5,5,5,5,5,5,5,5,2,2,2,2,9,9,9,9,9,9,9,5,5,5,1,6,1,9,9,9,3,9,6,1,1,6,6,6,6,6,6,6,6,1,1,6,1,4,1,6,1,1,6,1,1,1,1,1,6,6,9,6,6,6,6,6,6,1,1,1,1,1,1,6,6,6,1,1,1,6,1,1,1,1,1,1,1,6,6,1,1,1,6,1,6,6,1,1,6,6,6,6,6,9,9,9,9,9,9,6,6,6,6,6,6,6,6,6,6,1,9,9,9,9,9,9,6,3,9,9,6,9,9,9,9,9,9,3,9,9,5,9,3,4,3,9,9
"THURMOND (R SC)",6,1,6,1,1,6,1,3,6,6,6,1,1,6,6,1,1,6,6,6,6,1,1,1,1,1,1,1,6,1,6,6,1,1,1,1,1,1,1,1,1,1,1,1,2,6,1,1,1,1,6,1,6,1,1,6,6,6,6,6,1,6,1,1,6,1,6,1,1,6,6,6,6,6,6,6,1,6,6,6,1,6,1,6,6,1,1,1,6,1,6,1,1,6,1,6,3,4,4,3,3,6,1,5,6,6,6,1,1,6,6,1,1,6,1,6,6,6,1,6,6,6,1,1,1,6,1,6,1,6,1,1,6,6,1,6,1,1,1,1,6,6,6,6,1,1,6,6,1,1,6,6,1,1,1,1,6,1,1,6,6,6,6,1,6,1,6,6,6,1,1,1,1,1,6,6,1,1,1,1,1,6,4,4,5,5,3,1,1,6,1,1,6,3,5,2,1,1,1,6,6,6,1,1,1,6,6,6,6,5,1,6,1,3,3,6,6,6,6,6,1,6,1,1,1,1,6,6,6,6,6,6,1,1,6,6,6,1,1,1,1,1,6,6,6,6,1,6,6,6,6,1,6,1,6,6,6,1,6,6,1,1,6,1,6,1,6,6,6,1,6,6,1,6,1,6,6,1,1,1,1,1,1,1,6,6,1,6,1,1,6,1,1,6,1,1,6,6,6,5,2,9,1,1,1,1,1,1,6,1,1,1,6,6,6,6,6,1,1,6,6,6,1,6,1,6,1,6,1,6,6,1,6,6,1,6,1,1,1,1,6,1,3,3,4,6,6,6,6,6,6,6,1,6,6,1,1,1,1,6,6,6,6,6,6,1,6,6,6,6,6,6,6,1,6,6,6,6,6,6,6,6,1,1,1,1,1,1,1,1,6,1,6,6,6,6,3,1,1,1,6,6,1,1,6,1,6,1,6,6,6,6,6,6,6,1,1,6,6,1,1,1,1,1,6,1,1,6,6,6,6,1,1,6,6,6,6,6,6,1,6,1,6,6,6,6,1,1,9,9,9,3,5,6,1,6,6,6,1,6,6,1,1,1,6,6,6,6,1,1,6,6,6,6,6,6,1,6,1,6,1,6,6,6,6,1,6,3,4,2,9,5,6,1,6,6,1,1,6,1,6,6,6,6,6,6,1,1,6,1,5,5,6,1,6,6,6,6,6
"MCGOVERN (D SD)",1,6,1,9,1,1,1,9,6,6,1,1,6,1,6,9,6,6,6,6,1,1,1,1,1,1,1,6,9,1,1,6,6,6,6,1,6,1,1,6,6,6,6,6,6,1,1,1,1,1,1,6,1,1,6,6,1,6,6,6,1,1,6,6,1,6,1,6,1,1,1,6,6,6,6,6,1,2,1,1,6,1,6,1,6,6,6,6,1,6,1,1,1,9,1,6,6,1,1,6,6,1,1,1,6,6,6,1,6,1,6,1,6,1,6,1,1,1,6,1,6,1,6,1,1,1,6,1,6,1,1,6,6,1,6,6,1,6,1,1,1,6,6,6,1,9,9,3,1,6,1,1,1,1,1,1,1,6,6,1,1,1,1,6,1,1,1,1,1,1,1,6,6,6,6,1,1,6,6,6,1,1,9,4,9,9,9,6,1,1,1,6,1,9,9,9,1,1,1,3,1,6,1,6,1,1,6,9,9,9,1,6,1,9,9,6,6,1,6,6,6,1,6,6,1,6,1,9,9,9,9,9,9,9,9,9,3,9,6,6,6,6,6,1,1,6,1,1,1,1,1,6,1,6,1,1,1,6,1,1,1,1,1,6,1,1,1,1,1,9,1,1,6,4,1,1,1,6,6,1,6,6,6,1,1,3,1,6,1,6,6,6,6,6,6,6,6,1,1,1,6,6,1,6,6,1,1,6,6,6,6,6,1,1,1,1,6,6,1,6,1,6,1,1,6,6,1,6,1,1,6,1,1,6,1,1,6,6,6,1,1,6,6,6,6,1,1,1,1,1,1,1,1,1,1,6,6,6,1,1,1,6,6,6,6,1,9,9,9,9,9,9,9,9,9,9,9,9,9,9,9,9,9,9,9,9,9,9,9,9,9,9,9,9,9,9,1,9,1,6,1,1,1,1,1,1,6,6,1,1,1,1,1,1,1,6,1,1,1,1,6,9,9,9,9,9,9,9,1,1,1,6,6,6,6,6,1,1,1,1,1,6,1,1,1,1,6,6,3,9,9,9,9,9,9,9,9,9,9,1,6,6,6,6,6,1,1,1,1,1,1,1,1,1,1,1,1,1,9,9,9,2,4,4,4,9,9,9,9,9,9,9,9,9,9,3,9,9,9,9,9,9,9,9,9,9,9,9,9,9,9,9,9,9,9,9,9,9,9
"MUNDT (R SD)",6,1,6,1,1,1,3,1,1,6,6,1,6,1,1,1,6,1,6,6,1,1,1,1,1,1,1,1,6,1,1,6,6,6,6,1,1,6,1,1,1,1,1,1,1,6,3,1,6,1,6,1,6,1,6,6,6,9,9,6,1,6,6,1,6,1,6,1,1,6,6,6,6,6,6,1,6,9,6,6,1,1,6,1,1,1,6,6,1,6,1,1,1,6,1,6,6,6,6,1,1,6,1,6,6,6,6,1,1,6,6,1,1,1,1,6,6,6,6,1,6,1,1,1,1,6,6,6,6,1,6,1,6,6,1,6,6,6,1,1,1,6,6,6,1,1,1,1,1,1,6,6,1,1,1,1,1,6,6,1,6,1,6,1,6,1,6,6,1,1,1,1,1,1,6,6,1,1,1,1,1,1,6,6,1,1,1,6,1,1,1,1,6,1,6,1,1,1,1,6,6,6,1,1,1,1,6,6,6,6,6,6,1,1,1,6,6,6,9,9,9,9,9,3,9,9,9,9,9,9,9,9,9,9,9,9,9,1,1,1,6,6,6,1,1,6,1,6,1,6,6,1,6,1,6,1,1,1,1,6,1,1,1,1,1,1,1,1,1,1,6,6,1,6,1,6,6,1,1,1,1,1,1,1,6,6,1,6,1,1,6,1,6,6,1,1,6,1,1,6,6,6,1,1,1,1,1,6,6,1,1,1,6,1,1,1,6,6,1,6,1,1,1,6,1,6,1,6,1,1,6,1,6,6,1,1,1,1,1,1,1,1,1,1,6,6,6,6,1,6,6,1,1,6,6,9,9,6,1,6,6,6,6,6,6,1,6,6,6,6,6,6,6,1,6,6,6,6,6,6,6,6,1,1,1,1,1,1,1,1,1,6,1,6,6,6,1,1,1,6,6,1,1,1,1,1,6,1,6,6,6,6,6,6,6,1,1,6,6,1,6,6,1,1,6,1,1,6,6,6,1,1,1,1,1,1,6,1,1,1,1,1,1,1,1,6,1,1,1,6,6,1,1,1,1,1,6,6,1,6,6,1,9,9,9,9,9,9,9,1,1,6,6,6,1,6,1,6,1,6,1,6,6,6,6,6,6,1,1,1,6,6,6,3,9,9,9,9,6,1,6,6,6,6,6,6,6,1,6,1,1,1,6,1,1,6,1,6,1
"BAKER (R TN)",6,1,6,1,1,1,1,1,6,1,6,1,6,1,1,1,1,4,1,6,1,1,1,1,1,1,1,6,1,1,6,6,6,6,6,1,9,9,3,6,6,6,6,6,1,1,1,6,6,1,6,1,6,1,6,6,6,6,6,1,1,6,1,1,1,1,6,1,1,6,1,6,6,6,1,5,2,1,6,6,1,1,6,1,6,1,6,6,1,6,1,1,1,1,1,1,1,6,6,1,1,1,1,5,6,6,6,3,3,4,6,1,1,6,3,2,9,9,9,9,9,6,1,1,1,6,1,6,2,5,3,9,1,6,1,6,1,1,1,1,1,6,6,6,1,6,1,1,1,3,6,6,1,1,1,6,6,6,1,1,6,1,1,1,6,1,1,1,1,1,3,3,1,5,4,2,3,3,9,1,1,1,9,4,1,1,1,1,6,1,1,1,1,1,6,1,1,1,1,6,6,6,1,1,1,1,6,9,9,1,1,1,1,1,1,9,9,9,6,6,1,1,1,1,1,1,6,6,6,6,6,1,1,1,1,1,1,1,1,1,6,6,1,3,3,5,2,3,3,6,6,1,6,1,6,1,1,1,1,4,3,6,1,9,3,1,1,1,1,1,3,6,1,6,1,1,1,6,6,1,1,6,1,1,6,1,1,6,1,1,5,9,4,9,4,4,4,3,1,6,1,1,1,1,1,1,1,1,6,1,1,6,6,6,6,6,6,6,1,6,6,6,1,6,1,6,9,5,1,6,6,1,6,9,9,9,3,3,6,1,6,6,9,9,9,9,9,9,9,9,9,9,9,9,9,9,9,6,3,6,1,6,6,6,1,1,6,6,6,1,6,1,1,6,6,6,6,6,6,6,6,6,1,1,6,1,1,1,6,1,1,6,1,6,1,1,9,1,1,2,6,1,1,1,6,1,6,1,6,6,6,1,6,6,6,1,1,6,6,1,1,6,1,1,6,1,6,6,1,6,6,6,6,3,1,5,5,5,6,1,6,1,1,6,1,6,1,1,2,6,6,1,1,1,9,9,9,6,1,6,6,6,1,1,6,1,1,6,1,1,1,6,6,9,3,4,1,6,1,6,1,6,6,6,6,6,1,9,9,9,6,6,4,1,6,6,6,1,6,1,6,6,6,9,9,9,9,9,9,9,9,9,9,9,1,6,6,6,1
"GORE (D TN)",6,1,1,1,6,6,1,6,1,6,6,1,6,1,6,6,9,9,1,9,1,1,1,1,1,1,1,9,9,1,1,6,6,6,6,1,6,1,1,9,6,6,6,6,6,1,3,1,6,1,6,1,6,6,5,6,1,6,6,6,1,6,1,1,1,9,6,1,1,6,6,6,6,6,6,6,1,4,1,6,1,1,6,1,9,1,6,6,1,1,1,6,5,6,6,1,1,6,1,6,6,9,9,6,6,6,6,1,6,1,6,1,6,1,6,6,1,1,6,1,9,9,9,9,9,9,6,1,6,1,6,1,6,6,6,1,6,6,1,6,1,6,1,6,1,1,6,1,9,6,1,1,9,1,1,6,1,6,6,1,6,9,1,1,6,1,9,9,9,9,1,6,6,9,9,9,9,9,6,6,1,1,9,9,9,9,9,9,9,9,9,6,1,9,9,9,6,6,6,1,1,1,1,6,6,6,5,9,9,9,9,9,9,6,6,6,6,9,9,9,9,9,6,6,6,6,1,1,6,9,6,6,6,9,9,9,1,6,6,1,6,1,6,6,6,6,6,1,1,6,9,9,9,6,9,1,1,6,1,6,1,6,6,6,1,1,1,1,1,9,6,1,6,1,6,6,1,1,1,1,1,1,1,1,6,6,1,1,1,6,6,6,6,6,9,9,9,3,1,9,9,9,6,4,4,4,9,4,1,9,9,9,1,1,6,6,6,6,6,6,6,6,6,6,6,6,6,1,1,6,1,6,6,6,6,6,1,1,9,9,9,9,6,6,1,9,9,9,9,9,1,1,1,9,9,9,9,9,1,9,9,1,1,1,6,6,6,6,6,1,6,1,1,1,6,6,1,6,6,6,1,1,6,6,6,1,6,6,1,1,1,6,1,1,6,9,9,1,1,9,1,1,6,1,2,9,6,2,1,6,1,6,1,6,6,6,1,6,1,5,9,4,6,6,6,6,1,6,1,1,6,6,6,6,6,6,1,1,1,1,1,6,1,1,1,1,6,6,1,1,1,6,1,9,9,9,9,9,9,9,9,9,9,9,9,9,9,9,9,1,6,1,6,1,1,9,6,1,6,6,1,1,9,1,1,6,1,9,9,9,9,9,1,1,1,1,1,1,1,1,1,6,6,6,6,6,6,1,6,1,1,1,9,9,9,4,3,9,9
"YARBOROUGH (D TX)",6,1,1,1,1,6,6,6,1,6,1,1,6,1,6,6,6,6,1,3,3,1,9,9,9,9,9,4,3,9,9,9,9,9,9,9,6,1,1,6,9,6,6,6,1,1,1,1,1,3,3,4,9,9,9,9,9,6,1,6,1,1,9,9,1,6,1,6,1,6,1,6,6,6,1,6,1,6,1,1,6,1,6,1,1,6,1,6,1,1,1,6,6,6,6,1,1,6,6,6,6,1,1,6,6,6,6,1,6,1,6,6,6,1,6,6,9,9,9,3,6,9,6,1,6,1,6,1,6,1,1,6,9,9,9,9,9,9,9,9,3,6,6,6,1,9,9,1,6,6,6,1,1,1,1,6,1,6,6,1,1,1,1,6,1,1,1,1,1,9,9,9,6,6,6,1,6,6,6,6,1,1,1,6,5,4,3,6,6,1,1,6,6,1,6,2,6,6,6,1,1,1,1,6,6,1,6,9,9,6,1,1,1,6,6,6,6,9,6,1,6,1,6,6,1,6,1,1,1,1,1,6,6,6,6,1,1,6,6,6,6,6,1,6,6,6,6,1,1,1,1,6,1,6,1,1,1,6,1,6,1,6,1,6,1,6,1,1,1,9,1,1,6,2,1,1,1,6,1,1,1,1,9,1,6,6,1,6,1,9,9,9,9,9,9,9,9,3,1,1,6,6,6,6,6,6,6,6,1,6,6,6,1,6,1,1,6,1,6,1,6,9,9,1,6,6,6,1,1,9,9,4,9,9,9,9,4,3,6,1,1,6,4,4,1,1,6,6,1,1,1,1,1,1,1,1,1,1,9,1,1,1,1,9,6,6,1,6,1,1,6,1,1,6,1,1,1,1,1,9,9,9,9,9,9,9,6,6,6,1,1,6,1,6,6,9,9,9,9,6,9,9,9,1,2,9,6,1,5,6,6,6,6,9,6,6,1,6,9,1,6,6,9,6,1,6,1,6,1,6,1,1,6,6,6,6,6,6,1,1,1,6,1,1,1,1,6,6,3,9,9,9,3,1,1,1,1,1,6,1,6,6,6,1,6,1,1,1,1,3,2,3,9,9,3,9,9,9,6,1,6,6,6,6,1,6,1,6,6,6,9,1,1,1,1,1,1,6,1,1,9,9,9,9,9,9,9,9,9,9,1,1,9,6,1,6,1,1,1
"TOWER (R TX)",6,1,6,6,3,4,3,3,3,2,3,4,3,3,2,3,6,6,5,4,6,1,3,3,3,3,3,3,4,1,4,4,6,6,1,1,1,3,1,1,1,1,1,1,1,6,3,1,6,3,4,2,4,3,2,6,6,6,6,4,3,6,1,1,6,3,6,1,1,6,6,6,6,6,6,6,1,5,4,4,5,4,3,3,6,1,1,1,6,1,6,3,3,3,3,5,3,4,4,3,3,1,1,6,6,6,6,1,1,6,4,5,3,9,1,6,6,6,1,6,6,6,1,6,1,5,1,6,1,6,1,1,1,6,1,6,6,1,1,1,6,6,6,6,1,3,3,1,1,1,6,6,1,1,1,6,6,6,6,1,6,6,4,3,4,2,4,4,2,1,1,1,1,2,4,5,3,3,3,1,1,6,6,6,4,4,3,1,2,3,3,1,6,1,6,1,2,3,3,5,5,6,1,1,1,6,6,6,6,1,6,6,1,3,3,4,4,4,4,4,3,4,3,3,3,3,4,5,4,2,4,4,3,9,4,5,5,3,3,3,2,4,4,3,3,3,2,3,5,4,6,1,6,2,6,1,5,3,3,4,3,3,1,5,5,1,1,1,1,3,6,6,1,6,1,6,6,1,1,1,1,1,1,1,6,6,1,6,1,1,1,1,1,6,1,1,6,6,5,5,2,1,1,1,1,1,1,1,6,4,5,4,6,6,6,1,6,1,1,6,6,1,1,6,1,6,1,6,1,6,6,1,6,6,1,3,1,1,6,1,1,1,3,1,6,6,6,6,6,6,6,6,1,6,6,2,2,2,2,6,6,6,6,6,6,1,6,6,6,6,6,6,6,1,6,6,6,6,6,6,6,6,1,1,1,1,1,1,1,1,1,6,1,6,6,6,3,1,1,1,5,5,3,4,1,1,2,1,6,6,4,4,4,4,4,3,3,6,6,1,1,6,1,1,4,1,1,1,6,6,6,1,1,1,1,1,6,6,2,2,3,9,3,3,3,6,1,1,3,4,4,3,3,5,3,3,4,5,3,4,4,4,2,3,4,5,3,2,3,3,5,4,4,4,3,4,3,4,2,4,5,6,6,6,6,6,1,3,3,3,4,5,4,3,6,6,6,1,6,6,4,9,6,4,4,4,1,1,4,3,4,3,4,3,3,4,2,5,5
"BENNETT (R UT)",6,1,6,6,1,6,1,1,1,1,6,6,1,1,1,1,1,1,2,4,1,1,1,1,1,1,1,1,6,1,6,6,6,6,6,1,3,3,3,6,6,6,6,6,1,1,1,1,6,1,6,1,6,6,6,6,6,6,6,6,1,6,1,1,6,1,6,1,1,6,6,6,6,6,6,4,3,6,6,6,1,6,1,6,6,1,6,6,1,6,1,1,1,1,1,6,1,6,6,1,9,6,1,6,6,6,6,1,1,6,6,1,1,6,1,6,6,6,1,5,1,6,2,2,2,5,1,6,1,6,1,1,1,6,1,6,1,6,1,6,6,6,6,6,1,5,1,1,1,1,6,6,1,1,1,6,1,1,1,6,6,6,6,1,6,6,6,6,1,3,1,1,1,2,6,6,1,1,1,1,1,5,6,6,1,1,1,5,6,1,1,1,1,1,6,1,1,1,1,6,6,2,1,1,1,1,1,6,6,1,4,2,3,3,3,4,4,5,1,6,1,6,1,1,1,1,6,6,4,5,4,4,3,5,5,5,6,1,1,1,6,1,6,1,1,1,1,1,1,6,6,1,6,1,6,1,5,2,3,6,1,1,1,1,1,1,1,1,1,1,6,6,1,6,1,6,6,1,1,1,1,1,1,1,6,6,1,6,1,1,6,1,1,6,6,1,6,1,1,6,1,6,6,6,6,6,6,6,1,6,6,6,6,6,6,6,6,1,1,6,6,6,1,6,1,6,1,6,3,4,4,5,4,5,5,3,3,3,2,2,2,1,2,2,5,6,6,6,6,6,6,6,1,6,6,1,6,6,1,6,6,6,6,6,6,1,6,6,6,6,6,6,6,1,6,6,6,6,6,6,6,6,3,3,2,3,3,2,2,3,3,6,1,6,4,6,1,1,1,6,6,1,1,1,4,5,6,3,6,6,6,6,6,6,6,1,1,6,6,3,6,1,1,1,9,1,1,6,6,6,4,5,2,2,3,3,5,5,4,9,2,3,3,6,6,6,1,1,6,6,3,9,3,6,1,6,6,6,1,6,6,1,1,1,6,1,6,6,1,3,2,5,5,5,3,4,5,4,1,6,1,4,4,4,4,9,4,9,9,9,4,5,4,3,6,6,6,1,6,3,5,4,4,4,4,4,9,4,9,3,4,4,5,3,3,4,5,5,2
"MOSS (D UT)",1,6,1,1,9,1,1,6,1,6,6,1,6,9,9,9,6,9,1,1,1,1,6,6,6,6,6,6,3,6,6,6,6,6,6,6,4,9,3,6,6,6,6,6,6,1,1,1,6,1,1,6,1,6,1,1,9,6,6,6,1,1,9,9,1,4,1,6,1,6,6,6,6,1,1,6,1,1,1,1,1,1,6,1,1,1,6,6,1,1,1,1,6,6,6,1,6,1,1,4,4,9,9,1,6,6,6,1,6,1,6,6,6,9,9,9,1,1,6,1,1,6,9,9,9,9,6,1,6,1,1,6,1,1,6,1,6,1,6,6,1,6,6,6,1,6,1,1,9,9,1,1,1,3,3,9,1,6,6,1,1,1,1,6,1,1,1,1,1,1,1,6,6,4,9,9,9,9,9,5,3,2,9,9,9,9,9,6,6,1,1,6,1,9,9,9,6,6,6,1,1,6,1,6,6,1,6,6,1,6,1,1,1,6,6,6,6,1,6,6,6,1,6,6,1,6,1,1,1,1,1,6,6,6,6,1,1,6,6,1,6,1,6,1,1,6,6,1,1,1,9,9,9,9,9,3,2,6,1,6,1,6,1,6,1,1,6,1,1,9,3,1,6,1,5,1,1,6,6,1,6,6,6,1,1,1,1,6,6,6,6,6,6,6,6,6,1,1,1,1,6,9,6,6,6,6,6,6,1,6,6,6,1,2,3,3,4,3,1,1,6,6,1,1,6,6,6,1,6,1,6,6,1,6,6,6,1,1,6,1,1,6,4,4,4,1,6,1,6,6,6,1,1,1,1,5,5,9,6,9,9,5,5,5,5,2,1,6,1,1,6,1,1,6,6,6,6,6,6,6,6,1,1,6,6,1,6,6,6,1,1,6,1,6,6,1,1,5,3,6,1,1,1,1,1,1,6,1,1,6,1,1,1,6,1,6,1,6,1,1,6,6,6,6,6,6,1,1,1,6,1,6,6,6,6,6,6,6,1,1,1,6,1,1,1,1,6,6,3,3,9,9,3,1,1,1,1,1,6,1,1,6,6,6,1,1,1,1,1,1,1,1,1,1,1,6,1,6,1,6,1,6,6,6,6,6,6,9,9,9,9,3,1,1,1,1,1,1,1,1,1,6,6,6,6,6,6,6,6,1,1,1,6,1,1,6,3,3,9
"PROUTY (R VT)",6,1,6,1,1,6,9,1,6,6,6,6,1,6,1,9,9,9,9,9,1,1,9,1,1,1,1,6,1,1,6,6,1,6,6,1,1,1,1,9,6,6,6,6,6,1,1,1,6,1,6,1,1,1,6,6,1,1,1,6,1,5,1,1,1,6,6,1,1,1,6,6,1,6,1,1,6,6,6,6,1,6,1,1,1,1,6,1,1,1,1,1,1,1,1,1,1,6,6,6,6,6,1,2,6,6,6,1,1,6,6,1,1,6,1,6,1,1,6,1,1,1,6,1,1,1,6,6,1,6,1,1,1,6,6,6,6,1,1,1,1,6,6,6,1,1,1,1,1,6,6,1,1,1,1,1,6,1,1,1,6,1,1,6,1,1,6,6,1,1,1,1,1,6,6,1,5,1,6,6,1,1,9,9,9,9,9,1,1,1,1,1,6,1,6,1,1,1,3,5,9,1,1,1,1,1,6,6,6,1,6,1,1,1,1,1,1,1,6,1,1,1,6,6,1,1,6,1,1,6,1,1,1,1,1,1,2,1,1,1,6,1,6,1,1,1,6,1,1,4,9,9,9,9,9,9,9,9,9,9,9,9,9,9,9,9,9,9,9,1,1,1,6,1,1,1,1,6,1,1,5,1,1,6,1,1,6,6,1,1,9,6,6,6,6,6,6,1,1,1,6,1,1,9,9,9,9,9,9,9,9,9,6,1,6,6,6,6,1,6,6,6,1,6,1,6,6,6,1,6,6,5,6,1,1,1,1,1,6,1,1,6,6,6,1,1,6,1,2,6,6,1,1,6,6,1,6,6,1,1,1,9,9,9,9,9,6,6,6,1,6,1,1,1,6,6,6,6,6,6,6,6,1,1,6,1,1,6,6,1,1,6,1,9,9,9,3,1,1,6,1,1,1,6,1,6,6,1,1,6,6,6,6,6,6,6,1,6,6,1,6,6,6,1,6,1,1,6,9,9,9,2,9,6,5,3,1,1,6,1,6,1,1,1,1,6,1,1,9,9,9,9,9,9,9,9,9,1,6,6,6,6,1,6,6,1,1,6,1,3,3,9,6,9,3,6,1,6,6,6,1,6,6,6,6,6,1,1,1,1,6,1,6,1,1,1,1,1,6,1,1,6,6,6,6,6,1,6,1,1,1,1,1,1,1,6,1,1,1
"AIKEN (R VT)",6,1,1,9,1,6,1,1,6,1,1,6,1,9,9,9,9,9,1,6,1,1,1,1,1,1,1,1,6,1,1,1,1,6,1,1,6,1,6,6,6,6,6,6,1,1,1,1,6,3,5,2,9,9,9,9,6,1,1,6,1,6,1,1,1,1,6,1,1,9,9,9,9,9,9,6,1,9,9,9,5,9,9,9,6,1,6,6,1,6,1,1,1,1,6,1,6,6,6,6,6,6,1,1,6,6,6,1,1,6,6,1,1,6,1,6,1,1,6,1,1,1,5,9,9,9,5,5,5,2,6,6,6,6,6,6,6,6,6,1,1,6,6,6,1,6,1,1,1,6,6,1,1,1,3,6,6,4,4,3,6,1,1,6,1,1,1,1,1,1,1,1,6,6,6,1,1,1,6,6,1,1,6,6,4,4,3,4,5,3,9,1,1,1,6,1,6,6,1,1,1,1,1,1,1,1,6,1,1,6,6,1,1,6,6,1,1,1,6,6,1,1,1,1,1,6,1,6,6,6,6,1,1,1,1,1,1,1,1,1,6,6,6,1,1,1,1,1,1,6,1,6,1,6,6,1,1,9,3,9,9,3,3,2,3,3,3,3,3,1,1,1,6,1,1,1,1,6,6,1,6,1,1,6,1,1,6,6,6,1,6,6,6,6,9,6,1,1,1,1,6,6,1,6,6,1,6,6,6,1,1,1,1,1,6,6,6,6,1,6,6,1,6,6,1,6,6,6,1,6,6,6,6,6,1,1,1,1,6,6,6,9,1,1,6,1,6,1,1,6,6,1,1,6,6,1,6,6,1,1,1,9,9,9,9,9,1,6,6,1,6,1,1,1,6,6,1,6,6,6,6,6,1,6,6,1,6,6,6,1,1,9,3,9,9,9,9,1,1,6,6,1,1,1,1,6,6,1,1,6,6,6,6,6,6,6,1,6,1,1,6,6,6,1,6,1,1,6,6,6,6,1,6,6,6,1,1,1,6,1,6,1,1,1,1,6,1,5,2,9,9,9,2,9,9,1,6,1,6,6,6,6,6,6,6,1,1,1,1,9,9,9,9,9,9,9,9,9,6,6,1,6,6,6,1,6,1,1,1,1,6,1,6,1,1,1,1,1,4,3,9,9,9,9,9,9,9,9,9,3,2,3,1,1,1,6,1,1,1
"SPONG (D VA)",6,1,6,1,1,6,1,6,1,6,1,6,6,6,6,6,6,6,1,6,1,1,1,1,1,1,1,6,6,1,6,1,6,6,6,1,6,1,1,1,6,6,6,6,6,1,1,1,1,1,6,1,6,6,6,6,1,6,6,6,1,6,1,1,1,4,6,2,1,4,4,4,4,4,4,6,1,6,6,6,1,6,1,6,6,1,6,6,1,1,1,1,1,6,1,1,6,1,1,6,6,1,1,6,1,6,6,1,6,1,6,1,6,1,6,1,6,6,6,1,6,1,1,1,6,6,6,1,6,1,1,1,6,6,1,1,6,6,1,1,1,6,1,6,1,1,1,1,1,6,1,1,1,1,1,1,6,6,6,1,1,1,1,1,6,1,1,1,1,1,1,6,6,1,6,6,1,1,1,1,1,2,1,6,1,1,1,6,6,1,1,6,6,1,6,1,1,1,6,6,1,6,1,1,1,6,6,5,1,6,1,6,1,1,2,6,6,1,6,6,1,6,6,1,1,1,6,1,6,6,6,6,6,6,6,1,1,6,1,1,6,1,6,6,6,6,6,9,3,9,6,1,6,1,6,1,1,1,1,6,1,1,1,1,1,1,1,1,1,3,6,6,1,6,1,6,6,1,1,1,1,1,1,1,6,6,1,1,1,1,1,6,1,6,6,1,6,6,6,1,6,6,6,6,6,6,9,9,3,6,6,6,1,1,1,6,6,6,1,6,6,6,1,6,1,6,1,1,1,5,9,9,6,6,6,1,1,1,9,9,9,6,4,6,6,1,6,6,6,6,1,1,1,6,6,9,9,1,1,6,6,1,1,1,6,6,6,1,6,1,6,1,1,1,6,6,1,6,6,1,1,6,6,6,6,1,6,6,1,3,9,6,1,6,6,6,1,6,1,6,6,1,1,6,1,6,6,1,6,6,1,6,6,6,6,6,1,6,1,1,6,6,1,1,6,6,6,6,6,1,6,1,6,1,1,1,6,6,6,6,1,6,1,1,1,1,6,6,6,6,9,9,9,6,1,1,1,1,6,6,6,1,6,1,6,1,1,6,1,1,6,6,6,6,1,1,6,6,6,1,6,6,1,6,6,6,1,1,1,1,6,1,6,1,6,6,6,1,6,1,6,6,6,6,6,6,6,1,6,1,1,1,6,6,1,6,6,1,1
"BYRD (D VA)",6,1,6,6,1,6,1,1,1,6,1,6,1,6,1,9,6,6,6,6,1,1,1,1,1,1,1,6,6,1,6,1,6,6,1,1,6,1,1,1,6,1,1,1,1,6,3,3,3,1,1,2,6,6,6,6,1,6,6,4,3,6,1,1,1,6,6,1,1,6,6,6,6,6,6,1,1,6,6,6,1,6,1,6,6,1,6,6,1,1,1,1,1,6,1,6,6,1,1,6,6,5,9,6,1,6,1,1,1,6,6,1,6,1,6,6,6,6,6,1,6,1,1,1,1,6,1,1,6,1,6,1,6,6,1,6,1,6,1,1,1,6,9,6,1,1,6,9,1,6,6,5,1,1,1,1,1,1,1,6,1,6,6,1,6,6,1,6,1,1,1,6,1,1,6,6,1,1,1,1,1,5,1,6,1,1,1,6,1,1,1,6,6,1,6,1,1,1,1,6,6,1,1,1,1,6,1,9,1,9,1,6,1,1,2,9,9,9,9,9,9,9,6,1,1,1,6,6,6,6,6,6,6,6,6,6,1,1,1,1,6,1,6,6,6,6,1,1,1,1,6,1,6,1,6,6,6,1,6,6,1,1,1,1,6,1,6,1,1,3,6,6,1,6,1,6,6,1,1,1,1,1,1,1,6,6,1,1,1,1,1,1,1,6,1,1,6,6,6,6,6,6,1,6,6,1,1,6,6,6,6,6,6,1,6,6,6,6,9,6,1,6,1,6,1,6,1,1,1,6,6,1,6,6,6,1,1,1,4,3,1,1,1,1,6,6,6,6,6,6,1,1,1,5,5,1,1,1,1,6,6,6,6,6,6,6,6,6,6,6,6,6,6,1,6,6,1,6,6,1,1,6,6,1,6,1,1,1,1,3,9,6,1,6,6,6,1,1,1,1,6,1,1,6,1,1,6,1,6,6,1,1,6,6,6,1,1,6,1,1,1,1,1,1,1,1,1,6,6,1,1,1,1,1,1,1,6,6,6,6,6,6,1,1,1,1,1,6,6,6,9,9,9,6,1,6,6,1,1,6,6,1,1,1,6,1,6,6,1,1,6,6,6,6,1,6,6,1,1,6,1,6,6,6,6,6,1,1,2,2,6,6,6,1,6,6,5,1,6,1,6,6,6,6,6,6,6,1,6,1,6,6,6,6,1,6,6,6,1
"MAGNUSON (D WA)",1,6,1,1,6,6,1,6,1,6,1,1,6,1,6,4,6,6,9,1,1,1,1,1,1,6,1,4,1,1,6,9,9,9,9,9,9,9,3,4,6,6,6,6,6,1,1,3,9,1,1,6,6,1,6,6,1,6,6,6,1,1,1,6,3,9,1,6,1,6,6,6,6,6,6,1,1,2,1,6,6,1,6,1,9,1,6,6,1,1,1,6,6,6,6,1,6,6,6,6,6,9,3,1,6,6,6,1,9,1,6,6,6,1,6,1,1,1,6,1,6,6,6,1,6,6,1,6,1,6,1,6,9,1,1,6,6,6,6,1,1,6,6,6,1,6,1,1,5,9,4,9,9,3,3,9,6,6,6,1,1,1,1,6,1,6,1,1,1,1,1,6,6,6,1,1,9,6,6,6,1,1,6,6,6,6,1,6,6,1,1,5,9,1,6,1,6,6,6,1,1,5,3,9,9,9,5,1,1,6,1,1,1,4,4,4,9,9,1,6,6,1,6,6,1,6,1,1,1,1,1,6,6,6,6,1,1,6,6,1,6,6,6,1,1,6,6,1,1,1,9,9,9,6,9,3,3,5,3,4,3,9,1,6,1,1,1,1,1,9,1,2,6,1,1,1,1,6,6,1,6,6,1,1,1,1,1,1,1,1,6,6,6,6,6,6,6,1,1,1,6,1,1,4,4,4,4,4,2,4,9,9,1,1,1,1,6,1,5,1,1,6,6,6,6,6,1,1,1,1,6,1,6,6,6,1,6,1,6,1,1,5,4,4,4,5,5,4,2,5,5,5,3,5,5,6,6,6,9,2,3,5,6,6,6,6,1,1,6,1,6,1,1,6,6,6,1,6,6,6,1,1,6,1,6,1,6,6,6,1,1,6,1,9,9,9,9,4,3,6,6,6,1,6,1,6,6,1,6,6,6,6,6,6,6,1,1,6,1,6,9,9,9,6,6,1,6,6,6,6,6,1,6,6,6,6,1,1,1,1,1,6,1,1,1,1,6,6,1,1,1,6,1,1,1,1,1,1,1,6,6,1,1,1,6,1,6,6,1,3,9,3,9,9,3,9,5,9,9,1,6,1,1,6,6,6,1,9,9,9,9,9,1,1,1,1,1,6,1,1,6,6,6,6,6,6,6,6,6,1,1,1,9,9,3,4,3,9,3
"JACKSON (D WA)",1,6,1,6,6,6,1,1,1,6,1,1,6,1,6,6,6,6,1,1,1,1,1,1,1,1,1,6,1,1,6,6,6,6,6,1,6,1,1,6,6,6,6,6,6,1,1,1,6,1,1,6,6,1,6,6,1,6,1,6,1,1,1,6,1,9,1,6,1,6,6,6,6,6,6,1,1,2,3,2,9,1,6,1,1,1,6,6,1,1,1,6,6,6,6,1,6,6,6,6,6,1,1,1,6,6,6,1,6,1,6,6,6,1,6,1,1,1,6,1,6,6,6,1,6,6,1,6,1,6,1,6,1,1,6,6,6,6,6,1,1,6,6,6,1,6,1,1,9,9,6,1,1,1,1,1,6,6,6,1,1,1,1,6,1,1,1,1,1,1,1,6,6,6,1,1,6,6,6,6,1,1,6,6,6,6,1,6,6,1,1,4,5,2,5,3,6,6,6,1,1,6,1,6,1,1,6,1,1,9,1,6,1,4,4,4,4,2,1,6,1,1,6,6,1,6,1,1,1,1,1,6,6,6,1,1,1,6,6,1,6,6,1,6,1,6,6,1,1,1,1,6,1,6,6,1,1,6,1,6,1,6,1,6,1,1,1,1,1,9,1,1,6,1,1,1,1,6,6,1,6,6,6,1,1,1,1,6,1,6,6,6,6,6,6,6,6,1,1,1,6,6,1,6,6,6,6,6,1,6,6,6,1,1,1,1,4,3,6,1,6,1,6,6,6,6,6,1,1,1,6,6,6,6,6,1,1,1,6,1,1,6,4,4,2,5,5,5,2,5,5,5,3,6,6,6,6,1,6,1,1,6,6,6,6,6,1,1,1,1,6,1,1,1,6,6,1,6,6,4,1,1,6,6,6,1,6,6,6,1,1,6,1,6,6,1,1,6,1,6,5,5,3,6,1,6,6,1,6,6,6,6,6,6,6,1,1,6,1,1,6,6,6,6,6,1,1,6,1,6,6,1,6,6,6,6,1,1,1,1,1,6,1,1,1,1,6,6,1,1,1,6,1,1,1,1,1,1,6,6,1,6,6,6,1,6,1,6,1,1,1,1,1,1,1,1,1,6,1,1,6,6,1,6,6,6,1,1,6,1,6,1,1,9,1,1,1,6,1,1,6,6,6,6,6,6,6,6,6,1,1,1,1,1,3,4,3,3,3
"RANDOLPH (D WV)",1,6,1,1,1,6,3,1,1,6,1,1,6,1,1,1,6,6,1,1,1,1,1,1,6,6,1,6,1,6,6,5,4,4,2,1,6,1,1,6,5,6,6,6,6,1,1,1,1,1,1,6,6,1,1,1,1,6,6,6,1,1,1,6,1,6,1,6,1,6,6,6,6,6,6,1,1,6,6,6,1,2,5,2,2,1,6,6,1,1,1,6,6,6,6,1,6,1,1,6,6,1,1,1,6,6,6,1,6,1,1,1,6,1,6,1,1,1,6,1,6,6,6,1,1,6,6,1,6,1,1,1,6,1,1,1,5,4,2,2,3,6,6,6,1,6,1,1,3,4,6,6,1,1,1,1,6,6,6,1,1,1,1,6,1,1,1,1,1,1,1,6,6,6,6,1,6,6,6,6,3,2,5,4,2,2,3,5,6,1,1,1,6,1,6,1,6,6,6,1,1,4,3,6,1,1,5,5,1,6,1,1,1,6,6,6,6,1,6,6,1,1,4,6,1,6,1,1,1,1,1,6,6,6,6,1,1,6,5,1,6,6,6,6,6,6,6,1,1,1,2,5,2,6,6,1,1,6,1,6,1,6,3,6,1,1,1,1,1,1,1,1,6,1,1,1,1,6,6,1,6,1,1,1,6,6,1,1,1,1,6,6,6,6,6,6,1,1,1,1,6,6,6,6,6,6,1,6,1,6,6,6,6,1,1,6,6,6,3,3,4,6,1,6,1,6,1,1,1,1,1,1,1,1,6,6,1,1,5,3,3,6,4,4,4,2,5,5,2,4,2,2,3,1,1,1,1,1,1,5,5,1,6,1,1,6,6,6,6,1,6,1,1,2,6,6,6,6,6,6,6,1,6,6,6,1,6,6,6,1,1,6,1,6,6,1,3,6,1,6,1,1,1,1,1,1,6,1,1,6,6,6,1,6,6,6,1,6,1,1,6,6,6,6,6,1,1,1,6,1,5,5,5,6,6,6,6,6,1,1,1,6,1,1,1,5,1,6,1,1,1,6,1,1,1,1,1,1,1,6,6,1,6,6,6,1,1,1,1,1,6,1,6,1,1,6,1,6,6,1,6,1,1,1,1,6,1,6,4,4,6,1,2,3,3,2,2,2,1,1,1,6,6,4,5,5,4,3,4,2,1,1,6,2,1,1,2,3,1
"BYRD (D WV)",6,1,6,1,1,6,1,1,1,6,1,6,1,1,1,1,6,6,1,1,6,1,1,1,1,1,1,6,1,6,5,2,6,1,6,1,6,1,1,1,2,1,6,6,1,5,1,1,1,1,1,6,6,1,2,1,1,6,6,6,1,1,5,6,1,6,1,6,1,6,6,6,6,6,6,1,1,6,6,6,1,6,1,1,6,1,6,6,1,1,1,3,6,6,6,1,6,6,1,6,6,1,1,6,6,6,6,1,6,1,6,1,6,1,6,1,6,1,6,1,6,1,1,1,6,6,6,1,6,1,1,1,6,6,1,1,6,6,1,1,6,6,6,6,1,6,6,6,1,6,6,6,6,1,1,1,6,6,6,1,1,1,1,1,6,6,1,1,1,1,1,6,1,1,6,6,1,6,1,1,1,2,6,6,2,5,2,6,6,1,1,2,6,5,6,1,6,6,6,1,1,1,1,1,1,1,2,6,5,6,1,6,1,6,6,6,6,1,6,6,1,6,2,5,1,6,1,6,1,1,6,6,6,6,6,1,1,2,2,1,6,6,6,6,6,6,6,1,1,1,6,1,6,6,1,6,1,6,1,6,1,6,1,1,1,2,6,1,1,1,5,5,1,6,1,6,6,1,1,1,2,2,1,5,6,6,1,6,1,1,6,6,1,2,1,1,6,6,1,5,6,2,2,6,6,6,1,6,1,6,6,6,6,1,1,6,6,6,1,6,1,6,1,6,6,6,1,6,1,1,1,1,1,6,6,1,6,6,6,1,1,1,6,6,6,1,6,6,1,6,1,1,9,6,6,1,1,1,1,6,6,1,6,1,2,1,6,6,6,6,6,6,1,1,6,6,6,6,6,6,5,1,6,6,6,1,6,6,1,1,1,6,1,1,6,1,1,6,1,6,1,1,1,1,1,1,6,6,6,6,6,6,6,6,6,1,1,6,1,1,6,6,6,6,6,1,1,1,6,1,6,1,6,1,1,1,6,6,1,1,1,6,1,1,1,1,6,6,1,1,1,6,1,1,1,1,1,1,1,6,6,1,1,9,6,1,6,6,1,1,6,1,6,6,1,6,1,6,6,1,1,6,6,6,6,6,1,9,9,9,9,9,1,1,1,1,1,1,6,1,6,6,6,6,6,6,4,3,4,3,6,6,1,1,1,1,1,1,1
"PROXMIRE (D WI)",1,6,1,6,6,1,6,6,1,6,6,1,6,1,6,6,6,6,6,6,1,1,1,1,1,6,6,6,1,1,6,6,6,6,6,1,6,1,1,6,6,6,6,6,6,1,1,1,1,1,1,6,6,1,6,6,1,6,6,6,1,1,6,6,6,6,1,6,6,1,1,6,6,6,6,6,1,6,1,1,6,1,6,1,1,1,6,6,1,6,1,1,1,6,1,6,1,1,1,6,6,6,1,1,1,6,6,1,6,1,6,6,6,1,6,1,1,1,1,1,6,1,1,1,1,1,6,1,6,1,1,1,1,6,1,6,1,6,1,6,1,6,6,6,1,6,1,1,1,6,1,1,1,1,1,1,1,1,1,6,1,1,1,6,1,6,1,1,1,1,1,6,6,6,1,6,1,6,6,1,1,1,1,1,1,1,1,1,1,6,1,6,1,1,1,1,1,1,1,6,6,1,6,6,1,1,6,1,1,6,1,1,1,6,6,6,6,1,6,6,1,1,6,6,1,6,1,1,6,6,1,6,6,6,6,1,1,6,6,1,6,1,6,1,1,6,1,1,1,1,1,6,1,6,6,1,1,6,1,6,1,6,1,6,1,6,1,1,1,1,1,1,6,1,1,1,1,6,6,1,6,6,6,1,1,1,1,6,1,6,6,6,6,6,6,6,1,1,1,6,1,6,6,6,6,6,6,6,1,1,6,6,1,1,1,6,6,6,6,6,1,1,6,6,1,6,6,1,1,6,6,6,6,6,1,1,6,6,6,1,1,1,6,6,6,1,1,1,1,1,1,1,1,1,1,1,6,6,1,1,1,6,1,1,1,6,1,1,1,1,1,1,1,1,1,1,1,1,6,1,1,1,6,6,6,1,6,6,6,1,1,6,1,1,1,1,1,6,1,1,1,1,1,1,1,6,6,6,1,1,1,1,1,1,1,6,1,1,1,6,1,6,6,6,1,6,6,6,1,1,1,6,6,6,6,6,1,1,1,1,6,6,6,1,1,1,6,6,1,6,6,1,1,1,1,1,6,1,6,6,6,6,6,6,6,1,1,1,1,6,1,1,1,1,1,1,6,1,6,1,6,1,1,1,1,6,1,6,6,6,1,1,6,1,6,6,6,6,1,1,1,1,6,1,1,1,6,1,1,1,6,1,1,1,1,1,6,6,1
"NELSON (D WI)",1,6,1,1,6,6,6,6,6,6,1,1,6,9,4,5,6,4,1,1,1,6,1,6,6,6,6,6,1,6,9,6,6,6,6,1,6,1,1,6,6,6,6,6,6,1,6,1,1,1,6,6,1,1,1,1,1,6,6,6,1,1,6,6,1,4,1,6,6,1,1,6,6,6,1,6,1,4,3,1,6,1,6,1,1,6,6,6,1,6,1,6,6,6,6,1,1,1,1,6,6,1,1,1,1,6,6,1,6,1,6,6,6,1,6,1,1,1,6,1,6,1,1,1,9,9,6,1,6,1,1,6,1,1,6,1,6,6,9,1,1,9,9,9,9,9,9,2,1,6,1,1,1,1,1,1,1,6,6,1,1,1,1,6,1,1,1,1,1,1,1,6,6,5,6,1,6,6,6,6,1,1,1,6,1,1,1,6,9,3,9,6,1,1,1,1,1,1,2,1,6,1,1,4,9,3,6,1,1,6,1,1,1,6,6,9,9,9,6,9,9,9,6,6,1,6,1,1,6,1,1,1,6,6,6,1,1,9,6,1,6,1,6,1,1,1,6,1,1,1,1,6,1,6,1,1,1,6,1,6,1,6,1,5,1,6,1,1,1,6,1,1,6,1,1,1,1,6,6,1,6,6,6,1,6,6,1,6,1,6,6,6,6,6,6,6,1,1,1,1,6,6,6,4,4,4,9,4,3,9,4,4,1,1,1,6,6,6,6,6,1,6,1,1,1,6,6,1,1,1,6,6,1,1,1,1,6,6,6,1,1,6,6,6,6,1,1,1,1,1,1,1,6,2,2,6,6,6,1,1,1,6,1,1,1,6,9,9,9,9,9,9,9,6,1,1,1,1,6,1,1,1,6,6,6,1,9,9,9,9,9,6,1,1,6,1,1,6,1,1,1,1,1,6,1,6,6,6,1,1,1,1,1,1,1,6,6,1,1,3,6,6,6,6,9,6,6,6,1,1,1,6,6,6,6,6,1,1,1,1,6,6,1,1,1,1,6,6,1,6,1,1,1,1,1,1,1,1,6,6,6,6,6,6,6,1,1,1,6,1,1,1,1,1,1,1,4,9,6,1,6,1,1,1,1,6,1,9,9,9,9,9,9,9,1,1,1,6,1,9,9,9,9,9,9,9,9,9,9,9,9,9,9,9,9,9,1,1,1
"HANSEN (R WY)",6,1,6,1,1,6,1,1,6,1,6,6,1,1,1,1,1,1,6,6,6,1,1,1,1,1,1,1,6,1,6,4,2,4,4,3,3,3,3,9,1,1,1,1,1,6,1,6,6,1,6,1,6,1,6,6,6,6,6,6,1,6,1,1,1,1,6,1,1,6,6,6,6,6,6,1,6,2,6,6,1,1,1,1,6,1,6,6,1,6,1,1,1,1,1,6,1,1,6,1,1,1,1,6,6,6,6,1,1,6,6,1,1,6,1,6,6,6,1,1,1,6,1,1,1,6,1,6,1,6,1,1,5,6,1,6,1,6,1,1,6,6,6,6,1,1,6,1,1,1,6,6,1,1,1,1,1,1,1,6,6,6,5,2,5,5,4,4,5,3,1,1,1,1,6,6,1,1,1,1,1,6,1,6,1,1,1,1,1,1,1,1,1,1,6,1,1,1,1,6,6,6,1,1,1,6,4,6,6,1,6,6,1,1,1,6,6,6,9,9,9,9,9,3,9,9,9,9,9,9,9,9,9,9,9,9,9,1,1,1,6,1,6,6,6,6,1,1,1,6,6,1,6,1,6,6,1,1,1,6,1,1,1,1,1,1,6,1,1,1,6,6,1,6,1,6,6,1,1,1,1,1,1,1,6,6,1,6,1,1,6,1,6,6,1,1,6,1,1,6,1,1,1,1,1,1,1,1,6,2,2,2,6,6,6,6,6,1,1,6,6,4,3,4,3,4,1,6,1,6,6,1,6,6,1,6,1,1,1,1,6,6,9,9,9,9,9,9,9,9,9,9,9,6,6,6,6,6,3,4,5,6,6,6,6,1,6,6,6,6,6,6,6,1,6,6,6,6,6,6,6,6,1,1,1,1,1,1,1,1,1,6,1,6,1,6,1,1,1,1,9,9,9,9,6,1,6,1,6,6,6,6,6,6,9,1,1,6,6,1,6,6,1,1,6,1,1,6,6,1,6,6,1,1,1,1,6,6,6,6,6,1,1,6,6,6,1,1,6,6,6,1,6,9,9,9,9,9,9,9,9,9,9,9,9,9,9,9,9,1,1,6,6,6,1,6,1,6,1,6,1,6,6,6,6,2,1,1,1,1,6,1,6,1,6,6,6,1,6,1,6,6,6,6,6,6,1,1,1,1,6,6,6,1,1,6,6,6,1
"MCGEE (D WY)",6,1,6,6,1,6,1,1,1,6,6,1,6,1,6,1,6,6,3,1,1,1,1,1,1,1,1,6,1,1,1,4,6,6,6,6,5,3,3,6,6,6,6,6,6,1,1,1,6,1,1,6,9,9,9,9,9,9,9,9,9,1,9,9,1,6,1,6,1,6,6,6,6,6,6,6,1,1,1,1,6,1,6,1,1,2,6,6,1,6,1,6,6,6,6,1,6,6,6,6,6,1,1,1,6,6,6,1,6,1,6,6,6,1,6,1,9,9,9,3,2,5,5,9,5,9,2,9,2,9,3,4,3,3,4,3,4,9,5,3,3,6,6,6,1,9,2,1,1,6,1,1,1,1,1,1,5,4,4,9,1,1,1,6,1,1,1,1,1,1,1,6,6,6,6,1,6,6,6,6,1,1,6,6,6,6,1,6,4,1,6,6,1,1,1,6,6,6,6,1,1,6,1,6,6,1,6,6,1,6,1,1,1,4,4,4,4,3,4,4,9,2,4,4,3,4,3,2,4,2,2,4,4,4,4,3,1,9,9,9,9,9,9,9,9,6,6,1,1,1,1,6,1,6,9,1,1,6,1,1,1,6,3,4,3,1,1,1,1,1,1,1,6,1,6,2,1,6,6,1,6,6,6,1,1,3,6,6,1,6,6,6,6,6,6,6,6,1,1,1,6,1,9,6,6,6,6,6,1,9,6,6,1,1,1,1,6,1,1,1,6,6,1,1,6,6,6,1,1,9,9,9,6,6,6,1,6,6,6,1,1,4,4,6,6,1,6,6,1,6,6,6,1,1,1,6,6,3,1,4,9,6,6,6,6,6,9,9,9,9,9,9,9,9,9,9,1,1,6,6,1,1,6,6,6,1,9,9,9,9,9,9,9,9,9,9,1,6,1,6,6,6,1,6,1,6,6,1,6,6,6,6,6,6,6,6,1,6,1,1,6,6,6,6,6,6,6,1,1,6,6,1,6,9,6,6,6,6,1,1,9,6,1,1,1,1,6,6,1,1,1,6,1,1,1,1,1,1,6,9,6,6,6,6,1,1,1,6,1,1,1,1,1,1,1,1,6,6,1,6,1,1,1,6,6,6,6,6,6,6,1,1,1,1,1,1,1,6,1,1,9,9,9,6,6,6,6,1,6,1,1,1,6,1,1,6,3,3,3
